snes-00672	A scientific study shows the death of Alfie Evans was caused by aluminum additives in vaccines.	false	https://www.snopes.com/fact-check/alfie-evans-vaccines/	None	Junk News	None	Dan MacGuill	None	Did a Study Show That Aluminum from Vaccines Killed Alfie Evans?	2 May 2018	None	['None']
snes-02922	Did President Nixon Say Watergate Details Were 'Illegally' Leaked by Deep Throat?	false	https://www.snopes.com/fact-check/nixon-watergate-details-illegally-leaked/	None	Politics	None	Kim LaCapria	None	Did President Nixon Say Watergate Details Were ‘Illegally’ Leaked by Deep Throat?	16 February 2017	None	['None']
snes-02187	Fox News host Sean Hannity has died after a bicycling accident	false	https://www.snopes.com/fact-check/sean-hannity-bike-accident/	None	Junk News	None	David Mikkelson	None	Sean Hannity’s ‘Minor’ Bike Accident Today Ends Up Being a Death Sentence?	19 June 2017	None	['Sean_Hannity', 'Fox_News_Channel']
snes-00460	Did Jeff Sessions Say ‘If We Inflict Fear and Pain on Children, Adults Won’t Want to Come Here’?	false	https://www.snopes.com/fact-check/did-ag-say-if-inflict-fear-pain-children/	None	Politics	None	Kim LaCapria	None	Did Jeff Sessions Say ‘If We Inflict Fear and Pain on Children, Adults Won’t Want to Come Here’?	14 June 2018	None	['None']
snes-02837	Comedian Tommy Chong of 'Cheech and Chong' fame passed away in February 2017.	false	https://www.snopes.com/fact-check/false-tommy-chong-dead/	None	Junk News	None	Dan Evon	None	Tommy Chong Death Hoax	20 December 2015	None	['Tommy_Chong']
snes-04061	Photographs show a New Jersey monument to the victims of 9/11 that was donated by Russia.	true	https://www.snopes.com/fact-check/tear-drop-monument/	None	September 11th	None	David Mikkelson	None	9/11 Tear Drop Memorial	15 March 2009	None	['Russia', 'New_Jersey']
snes-03485	Ivanka Trump said that she would "mace" her "father" during an appearance on a talk show.	false	https://www.snopes.com/fact-check/ivanka-trump-said-if-donald-trump-wasnt-her-father-she-would-mace-him/	None	Politics	None	Dan Evon	None	Ivanka Trump Said If Donald Trump Wasn’t Her Father, She Would ‘Mace’ Him?	25 November 2016	None	['None']
snes-04080	Nearly 5 million uncounted California ballots cast for Bernie Sanders were found on Hillary Clinton's private email server by the F.B.I.	false	https://www.snopes.com/fact-check/uncounted-sanders-ballots-clinton/	None	Junk News	None	David Mikkelson	None	5 Million Uncounted Sanders Ballots Found on Clinton’s Email Server	7 September 2016	None	['Bernie_Sanders', 'California', 'Federal_Bureau_of_Investigation', 'Hillary_Rodham_Clinton']
snes-03294	Coiled mattresses cause cancer by amplifying radio waves.	false	https://www.snopes.com/fact-check/coil-mattresses-cause-cancer-amplifying-radio-waves/	None	Medical	None	Alex Kasprak	None	Do Coil Mattresses Cause Cancer by Amplifying Radio Waves?	21 December 2016	None	['None']
snes-02572	A set of photographs accurately depict the number of New England Patriots players in attendance at a White House ceremony in 2015 and 2017.	mixture	https://www.snopes.com/fact-check/patriots-white-house-attendance/	None	Fauxtography	None	Dan Evon	None	More New England Patriots Players Attended White House Super Bowl Ceremony in 2015 than 2017?	20 April 2017	None	['White_House', 'New_England_Patriots']
snes-03860	JFK smoked cannabis in the White House during his presidency to treat various medical ailments.	unproven	https://www.snopes.com/fact-check/jfk-marijuana-use/	None	Fauxtography	None	Kim LaCapria	None	Did JFK Use Marijuana as President?	6 October 2016	None	['White_House', 'John_F._Kennedy']
snes-02232	Morgue Employee Cremated by Mistake While Taking a Nap?	false	https://www.snopes.com/fact-check/morgue-employee-cremated-nap/	None	Junk News	None	Kim LaCapria	None	Was a Morgue Employee Cremated by Mistake?	3 March 2017	None	['None']
snes-02805	An image shows a "Georgian Speekle," one of the world's scariest insects.	mostly false	https://www.snopes.com/fact-check/georgian-speekle/	None	Fauxtography	None	Dan Evon	None	Is This a Giant Insect Called a ‘Georgian Speekle’?	9 March 2017	None	['None']
snes-04653	The NFL is banning the playing of the U.S. national anthem beginning in 2017.	false	https://www.snopes.com/fact-check/nfl-national-anthem-ban/	None	Junk News	None	Dan Evon	None	NFL Banning the National Anthem in 2017	6 June 2016	None	['United_States', 'National_Football_League']
snes-01373	We investigate an assortment of claims about the 2017 tax bill and its provisions.	mixture	https://www.snopes.com/fact-check/2017-tax-bill/	None	Politics	None	Snopes Staff	None	Answering Your Questions About the 2017 Tax Bill	5 December 2017	None	['None']
snes-01604	Lebron James Wore a Protest Shirt?	false	https://www.snopes.com/fact-check/lebron-james-wore-protest-shirt/	None	Fauxtography	None	Dan Evon	None	Lebron James Wore a ‘We March, Y’all Mad’ Protest Shirt?	10 October 2017	None	['None']
snes-01486	Did Papa John's Withdraw Their NFL Advertising?	mixture	https://www.snopes.com/fact-check/papa-johns-nfl-advertising/	None	Politics	None	Dan MacGuill	None	Did Papa John’s Withdraw Their NFL Advertising Over Anthem Protests?	2 November 2017	None	['None']
snes-06140	60 Minutes commentator Andy Rooney wrote an essay, "In Praise of Older Women."	misattributed	https://www.snopes.com/fact-check/in-praise-of-older-women/	None	Soapbox	None	David Mikkelson	None	Did Andy Rooney Write ‘In Praise of Older Women’?	24 September 2003	None	['Andy_Rooney']
snes-02738	Will Entering Your PIN in Reverse at an ATM Summon the Police?	false	https://www.snopes.com/fact-check/reverse-pin-atm-alarm/	None	Crime	None	Snopes Staff	None	Will Entering Your PIN in Reverse at an ATM Summon the Police?	7 October 2006	None	['None']
snes-03980	Hillary Clinton cancelled a campaign event because of "bizarre eye movements."	false	https://www.snopes.com/fact-check/clinton-bizarre-eye-movements/	None	Junk News	None	Bethania Palma	None	Hillary Clinton Cancels Event After ‘Bizarre Eye Movements’	21 September 2016	None	['None']
snes-06220	Video features a North Korean propaganda report on 'how Americans live today.'	false	https://www.snopes.com/fact-check/north-korea-americans-live-today/	None	Fauxtography	None	David Mikkelson	None	North Korea – How Americans Live Today	15 March 2013	None	['United_States', 'North_Korea']
snes-05575	The United States has the third-highest rate of homicides worldwide, but drops dramatically in the rankings if four major cities are excluded from the stats.	mostly false	https://www.snopes.com/fact-check/united-states-third-murders/	None	Crime	None	Kim LaCapria	None	Does the U.S. Have the Third-Highest Rate of Homicides Worldwide?	7 October 2015	None	['United_States']
snes-00499	Did a Tennessee Hardware Store Put Up a ‘No Gays Allowed’ Sign?	mostly true	https://www.snopes.com/fact-check/did-hardware-store-no-gays-allowed-sign/	None	Politics	None	Dan Evon	None	Did a Tennessee Hardware Store Put Up a ‘No Gays Allowed’ Sign?	7 June 2018	None	['None']
snes-01446	Actor Harry Shearer announced in November 2017 that he was leaving 'The Simpsons.'	false	https://www.snopes.com/fact-check/actor-harry-shearer-leaving-simpsons/	None	Junk News	None	Dan Evon	None	Actor Harry Shearer Leaving ‘The Simpsons?’	13 November 2017	None	['Harry_Shearer', 'The_Simpsons']
snes-05958	The U.S. federal government is enacting a nationwide minimum hunting age of twenty-one (or eighteen).	false	https://www.snopes.com/fact-check/21-gun-salute-2/	None	Media Matters	None	David Mikkelson	None	Federal Government to Restrict Hunting for Minors	29 October 2014	None	['United_States']
snes-01401	Does This Trump-Loving Celebrity Want Critics to Move Out of the United States?	false	https://www.snopes.com/fact-check/does-trump-loving-celebrity-want-critics-to-move/	None	Politics	None	Arturo Garcia	None	Does This Trump-Loving Celebrity Want Critics to Move Out of the United States?	27 November 2017	None	['None']
snes-00867	Rihanna's Instagram message to followers to throw away the Snapchat app caused the company's share value to fall by hundreds of millions of dollars in one day.	mostly true	https://www.snopes.com/fact-check/rihanna-snapchat/	None	Technology	None	Dan MacGuill	None	Did an Instagram Post by Rihanna Cause Snapchat’s Stock Market Value to Fall?	20 March 2018	None	['None']
snes-03108	Congressman John Lewis didn't pay property taxes on his townhouse in Washington, D.C.	unproven	https://www.snopes.com/fact-check/john-lewis-avoided-paying-taxes-d-c-townhouse/	None	Politics	None	Bethania Palma	None	John Lewis ‘Avoided’ Paying Property Taxes on Washington, D.C. Townhouse?	19 January 2017	None	['Washington,_D.C.', 'John_Lewis_(U.S._politician)']
snes-00096	A photograph shows President Trump making a "fist-pumping" hand gesture at a memorial for 9/11 victims.	mixture	https://www.snopes.com/fact-check/trump-fist-pump-911/	None	Fauxtography	None	Dan Evon	None	Did President Trump Fist-Pump at a 9/11 Memorial?	12 September 2018	None	['None']
snes-02446	Brian Kelley and Tyler Hubbard from the band Florida Georgia Line have announced that they are getting married.	false	https://www.snopes.com/fact-check/florida-georgia-line-marry/	None	Junk News	None	Dan Evon	None	Is Country Duo ‘Florida Georgia Line’ to Marry?	11 May 2017	None	['None']
snes-01152	Did Customs Agents Board a Bus in Florida Asking for Proof of Citizenship?	true	https://www.snopes.com/fact-check/customs-agents-bus-citizenship/	None	Politics	None	Arturo Garcia	None	Did Customs Agents Board a Bus in Florida Asking for Proof of Citizenship?	22 January 2018	None	['None']
snes-05942	Margaret Thatcher once said that "The trouble with Socialism is that eventually you run out of other people's money."	correct attribution	https://www.snopes.com/fact-check/other-peoples-money/	None	Quotes	None	David Mikkelson	None	Margaret Thatcher on Socialism	7 July 2009	None	['Margaret_Thatcher']
snes-04411	Donald Trump called Abraham Lincoln a traitor.	false	https://www.snopes.com/fact-check/trump-lincoln-dishonest/	None	Politics	None	Dan Evon	None	Donald Trump: ‘Abraham Lincoln Was a Dishonest Traitor’	20 July 2016	None	['Abraham_Lincoln', 'Donald_Trump']
snes-00785	A CDC doctor who swarned the public that flu shots had caused a "deadly flu epidemic" was found dead:	false	https://www.snopes.com/fact-check/cdc-doctor-flu-shot-dead/	None	Junk News	None	David Mikkelson	None	Was the Body of a CDC Doctor Who ‘Exposed’ the Flu Shot Found Floating in a River?	9 April 2018	None	['None']
snes-06241	Warren Buffett quipped that he could end the deficit by passing "a law that says anytime there is a deficit of more than 3% of GDP, all sitting members of Congress are ineligible for re-election.	true	https://www.snopes.com/fact-check/hometown-buffett/	None	Quotes	None	David Mikkelson	None	How Warren Buffett Could Fix the Budget Deficit	23 October 2011	None	['Warren_Buffett', 'United_States_Congress']
snes-01892	Was White Supremacist Who Killed Protester a Democrat Who Visited Obama in Oval Office?	false	https://www.snopes.com/fact-check/white-supremacist-democrat/	None	Junk News	None	David Emery	None	Was White Supremacist Who Killed Protester a Democrat Who Visited Obama in Oval Office?	16 August 2017	None	['None']
snes-06407	A properly folded U.S. $20 bill reveals images of the September 11 terrorist attacks on the World Trade Center and the Pentagon.	legend	https://www.snopes.com/fact-check/post-no-bills/	None	September 11th	None	David Mikkelson	None	$20 Bill Folding	16 May 2002	None	['United_States', 'The_Pentagon', 'World_Trade_Center']
snes-03654	WikiLeaks documents revealed campaign head John Podesta unflatteringly described Hillary Clinton's personal hygiene and intellect.	false	https://www.snopes.com/fact-check/clinton-cabbage-odor/	None	Ballot Box	None	Kim LaCapria	None	Did Podesta Say Clinton Has Cabbage Odor, Used Pejorative Term for Developmentally Disabled?	1 November 2016	None	['Hillary_Rodham_Clinton', 'WikiLeaks']
snes-02285	"Covfefe" means something, anything.	false	https://www.snopes.com/fact-check/covfefe-arabic-antediluvian/	None	Politics	None	Kim LaCapria	None	Is ‘Covfefe’ a Word in Arabic? Yiddish? ‘Antediluvian’?	2 June 2017	None	['None']
snes-02242	The FBI foiled a Muslim Brotherhood plot to take over the U.S.	unproven	https://www.snopes.com/fact-check/muslim-brotherhood-takeover-fbi/	None	Uncategorized	None	Bethania Palma	None	Did Feds Just Raid a ‘Muslim’s House’ in Virginia and Uncover a Plan to Take Over America?	8 June 2017	None	['United_States', 'Federal_Bureau_of_Investigation']
snes-06014	An Atlanta police officer killed a baby following a breastfeeding dispute with the child's mother.	false	https://www.snopes.com/fact-check/baby-boom-4/	None	Media Matters	None	David Mikkelson	None	Atlanta Officer Kills Black Woman, Injures Child, Following Breastfeeding Argument	8 August 2014	None	['Atlanta']
snes-06051	A loon appears on Canada's one-dollar coin because the original dies, featuring a different design, were lost in transit.	true	https://www.snopes.com/fact-check/a-loon-way-home/	None	Business	None	David Mikkelson	None	Loonie Design Lost in Transit?	2 December 2002	None	['Canada']
snes-00207	Did Fox News Use an Image of Patti LaBelle During Their Aretha Franklin Tribute?	true	https://www.snopes.com/fact-check/fox-patti-labelle-aretha-franklin/	None	Fauxtography	None	Dan Evon	None	Did Fox News Use an Image of Patti LaBelle During Their Aretha Franklin Tribute?	17 August 2018	None	['None']
snes-04550	The US government cancelled all 4th of July fireworks due to terror fears.	false	https://www.snopes.com/fact-check/fireworks-cancelled/	None	Junk News	None	Dan Evon	None	BREAKING: Feds Cancel ALL July 4th Fireworks Due to Terror Fears	26 June 2016	None	['None']
snes-05538	President Obama issued an order banning U.S. military personnel from using the word "Christmas."	false	https://www.snopes.com/fact-check/obama-military-christmas-ban/	None	Holidays	None	Kim LaCapria	None	Did President Obama Ban the Military from Using the Word ‘Christmas’?	16 November 2015	None	['United_States', 'Barack_Obama']
snes-03056	Tiny Hand Sir	false	https://www.snopes.com/fact-check/trump-photoshopped-hands/	None	Fauxtography	None	Dan Evon	None	Trump Photoshopped His Hands to Look Bigger in White House Photograph?	27 January 2017	None	['None']
snes-00949	A local identification card program in Chicago would allow undocumented immigrants to vote in United States elections.	false	https://www.snopes.com/fact-check/chicagos-local-undocumented-vote/	None	Uncategorized	None	Arturo Garcia	None	Does Chicago’s Identification Card Program Allow Undocumented Immigrants to Vote?	28 February 2018	None	['United_States', 'Chicago']
snes-05832	Purina's Beneful brand dog food is causing dogs to become ill and die.	unproven	https://www.snopes.com/fact-check/beneful-dog-food/	None	Critter Country	None	David Mikkelson	None	Beneful Dog Food	7 February 2007	None	['None']
snes-06197	Photographs show people in Thailand carving up and consuming a human body.	miscaptioned	https://www.snopes.com/fact-check/marrow-escape/	None	Fauxtography	None	David Mikkelson	None	Thai ‘Cannibalism’ Photographs	11 July 2013	None	['Thailand']
snes-01559	Placing a coin on top of a frozen glass of water in your freezer can help you tell if your freezer experienced a significant loss of power in your absence.	mostly false	https://www.snopes.com/fact-check/putting-coin-top-cup-ice-accurately-tell-freezer-lost-power/	None	Science	None	Alex Kasprak	None	Does a Coin in a Cup of Ice Accurately Tell You If Your Freezer Lost Power?	19 October 2017	None	['None']
snes-03047	President Trump has ordered the construction of concentration camps in the U.S.	mixture	https://www.snopes.com/fact-check/trump-building-concentration-camps/	None	Politicians	None	Dan Evon	None	Did President Trump Order the Building of ‘Concentration Camps’?	30 January 2017	None	['United_States']
snes-03250	The federal government passed a law permitting police officers to shoot dogs if they bark or move.	mixture	https://www.snopes.com/fact-check/federal-judge-rule-police-can-legally-shoot-kill-dogs/	None	Politics	None	Kim LaCapria	None	Did a Federal Judge Rule Police Can Legally Shoot and Kill Dogs?	28 December 2016	None	['None']
snes-05686	Breast milk is glittery gold under a microscope.	mixture	https://www.snopes.com/fact-check/breast-milk-gold/	None	Fauxtography	None	Kim LaCapria	None	Is Breast Milk Gold Under a Microscope?	29 May 2015	None	['None']
snes-06416	Penguins fall over onto their backs while trying to observe airplanes flying overhead.	false	https://www.snopes.com/fact-check/penguins-fall-over-airplanes/	None	Critter Country	None	Snopes Staff	None	Do Penguins Fall Over Watching Airplanes?	1 February 2001	None	['None']
snes-05667	Irena Sendler, credited with saving 2,500 Polish Jews from the Holocaust, was a candidate for the 2007 Nobel Peace Prize but lost out to Al Gore.	mixture	https://www.snopes.com/fact-check/irena-sendler/	None	War/Anti-War	None	David Mikkelson	None	Irena Sendler	3 July 2008	None	['Nobel_Peace_Prize', 'Irena_Sendler', 'Al_Gore', 'The_Holocaust', 'Jews', 'Poland']
snes-03831	Actor Robert De Niro blasted Donald Trump in a video meant to encourage people to vote.	true	https://www.snopes.com/fact-check/robert-de-niro-went-off-on-donald-trump/	None	Politicians	None	Bethania Palma	None	Robert De Niro ‘Went Off’ on Donald Trump	10 October 2016	None	['Robert_De_Niro', 'Donald_Trump']
snes-03953	Radiation from the 2011 Fukushima nuclear disaster has caused 100% infant mortality among orca whales.	false	https://www.snopes.com/fact-check/fukushima-radiation-causes-100-infant-mortality-among-orca-whales/	None	Critter Country	None	Dan Evon	None	Fukushima Radiation Causes 100% Infant Mortality Among Orca Whales	26 September 2016	None	['None']
snes-04448	Fire and smoke billowing from the vicinity of the Eiffel Tower were evidence of a Bastille Day terrorist attack in Paris.	false	https://www.snopes.com/fact-check/eiffel-tower-terrorist-attack/	None	Politics	None	David Emery	None	Eiffel Tower Set Ablaze by Terrorists	14 July 2016	None	['Paris', 'Eiffel_Tower', 'Bastille_Day']
snes-05753	ISIS members are operating a camp near El Paso and have been arrested trying to cross the U.S.-Mexico border.	false	https://www.snopes.com/fact-check/tijuana-transfer/	None	Immigration	None	David Mikkelson	None	Is ISIS on the U.S.-Mexican Border?	13 October 2014	None	['El_Paso,_Texas', 'Mexico–United_States_border']
snes-00017	A photograph shows Barack Obama holding a t-shirt bearing the slogan "Michelle Obama 2020."	false	https://www.snopes.com/fact-check/michelle-obama-2020-shirt/	None	Fauxtography	None	Dan Evon	None	Does This Photograph Show Barack Obama Holding a ‘Michelle Obama 2020’ Shirt?	3 October 2018	None	['Michelle_Obama', 'Barack_Obama']
snes-04860	Earth's magnetosphere collapsed for two hours on 23 April 2016.	false	https://www.snopes.com/fact-check/nasa-reports-magnetosphere-collapse/	None	Fauxtography	None	Kim LaCapria	None	NASA Reports Magnetosphere Collapse	26 April 2016	None	['None']
snes-06049	The purpose of the 'crash' or 'brace' position in airliners is to kill passengers quickly in the event of an crash, or to preserve their remains so as to make identification of bodies easier.	false	https://www.snopes.com/fact-check/crash-position/	None	Travel	None	David Mikkelson	None	Does ‘Brace Position’ Kill Passengers Quickly in an Air Crash?	24 July 2006	None	['None']
snes-01472	Snapchat, a popular messaging service, announced in November 2017 that it is being closed down by the end of the year.	false	https://www.snopes.com/fact-check/snapchat-shutting-end-2017-prank/	None	Uncategorized	None	Brooke Binkowski	None	Is Snapchat Shutting Down by the End of 2017?	6 November 2017	None	['None']
snes-06114	Unsuspecting phone customers are gulled into placing calls to area codes in the Caribbean that result in hefty charges.	outdated	https://www.snopes.com/fact-check/809-area-code-scam/	None	Fraud & Scams	None	Snopes Staff	None	809 Area Code Call Warning	30 July 2001	None	['Caribbean']
snes-05988	This Halloween has been designated as "National Kill a Pitbull Day."	false	https://www.snopes.com/fact-check/kill-a-pit-bull-day/	None	Junk News	None	Snopes Staff	None	Has This Halloween Been Designated ‘National Kill a Pit Bull’ Day?	27 September 2012	None	['None']
snes-03877	Canadian prime minister Justin Trudeau announced a new law to arrest and fine anyone wearing clown costumes.	false	https://www.snopes.com/fact-check/justin-trudeau-arrest-clowns/	None	Junk News	None	David Mikkelson	None	Justin Trudeau: “Clowns Will Be Arrested and Fined $10,000”	5 October 2016	None	['Justin_Trudeau', 'Canada']
snes-05640	A gang member died after trying to gold plate his genitals.	false	https://www.snopes.com/fact-check/gold-member/	None	Crime	None	Dan Evon	None	Gang Member Gold Plates Genitals, Dies	23 June 2015	None	['None']
snes-06454	A judge told an atheist plaintiff who challenged religious holidays that atheists already have their own holiday: April 1.	false	https://www.snopes.com/fact-check/atheist-holiday/	None	Humor	None	David Mikkelson	None	Holiday for Atheists	5 April 2004	None	['None']
snes-01849	Both Robert E. Lee and Jefferson Davis disavowed the Confederacy after the Civil War.	mixture	https://www.snopes.com/fact-check/robert-lee-jefferson-davis-disavow-confederacy/	None	Uncategorized	None	Arturo Garcia	None	The Post-Civil War Lives of Robert E. Lee and Jefferson Davis	22 August 2017	None	['Robert_E._Lee', 'Jefferson_Davis', 'Confederate_States_of_America', 'American_Civil_War']
snes-04863	Musicians Robert Plant and Cher plan to wed at Westminster Abbey in July 2016.	false	https://www.snopes.com/fact-check/cher-plant-marriage-plans/	None	Junk News	None	Dan Evon	None	Cher and Robert Plant Aren’t Getting Married	26 April 2016	None	['Cher', 'Westminster_Abbey', 'Robert_Plant']
snes-05862	American Sniper subject Chris Kyle shot dozens of looters after Hurricane Katrina, killed two attempted carjackers, and punched Jesse Ventura in the face.	mostly false	https://www.snopes.com/fact-check/kyle-file/	None	Uncategorized	None	David Mikkelson	None	Chris Kyle and ‘American Sniper’	23 January 2015	None	['Jesse_Ventura']
snes-05097	Donald Trump encouraged supporters to engage in a Nazi-style salute at a campaign rally.	mostly false	https://www.snopes.com/fact-check/donald-trump-nazi-salute/	None	Politics	None	Kim LaCapria	None	Donald Trump Nazi Salute Controversy	8 March 2016	None	['None']
snes-05811	Marijuana cigarettes deposit four times more tar into smokers' lungs than tobacco-based cigarettes.	mixture	https://www.snopes.com/fact-check/dirty-dope/	None	Medical	None	Dan Evon	None	Does Marijuana Contain More Tar Than Cigarettes?	11 March 2015	None	['None']
snes-01160	Can This Machine Automatically Sort Balls by Color?	false	https://www.snopes.com/fact-check/machine-automatically-sorting-colored-balls/	None	Fauxtography	None	Dan Evon	None	Can This Machine Automatically Sort Balls by Color?	22 January 2018	None	['None']
snes-03507	A photograph shows a threatening letter from a "neighborhood town watch" that was widely circulated to Muslims in the United States.	unproven	https://www.snopes.com/fact-check/neighborhood-town-watch-threatens-muslim-neighbors/	None	Fauxtography	None	Dan Evon	None	Neighborhood Town Watch Threatens Muslim Neighbors?	21 November 2016	None	['United_States']
snes-01243	In August 2017, when tensions between President Trump and Senate Majority Leader Mitch McConnell were at their highest, the latter blew off an invitation to meet with the president because he had a haircut appointment.	unproven	https://www.snopes.com/fact-check/mitch-mcconnell-blow-off-trump-haircut/	None	Politicians	None	David Emery	None	Did Mitch McConnell Blow Off President Trump to Get a Haircut?	9 January 2018	None	['Mitch_McConnell']
snes-04027	WhatsApp will share personal user information with Facebook, who will make it publicly available.	false	https://www.snopes.com/fact-check/whatsapp-share-with-facebook/	None	Technology	None	Bethania Palma	None	WhatsApp Will Share Personal User Information with Facebook and Make It Public?	15 September 2016	None	['None']
snes-06424	In 1974, Bill Clinton said President Richard Nixon should resign for lying to government officials.	mostly true	https://www.snopes.com/fact-check/lyin-34i34s/	None	Uncategorized	None	David Mikkelson	None	Clinton: Nixon Should Be Impeached for Lying	18 September 1998	None	['Richard_Nixon', 'Bill_Clinton']
snes-05722	A photograph from 1921 captures early suffragettes in bathing suits eating pizza to annoy men.	miscaptioned	https://www.snopes.com/fact-check/women-eating-pizza/	None	Fauxtography	None	Snopes Staff	None	Is This a Photograph of Early Suffragettes Eating Pizza?	5 May 2015	None	['None']
snes-00896	Is California's Governor Requiring Students Use Arabic Numbers in Schools?	false	https://www.snopes.com/fact-check/is-california-requiring-students-arabic-numbers/	None	Politics	None	Arturo Garcia	None	Is California’s Governor Requiring Students Use Arabic Numbers in Schools?	14 March 2018	None	['California']
snes-02889	Parents in Texas found a codeine tablet in a sealed canister of Gerber Puffs.	unproven	https://www.snopes.com/fact-check/gerber-puffs/	None	Uncategorized	None	Kim LaCapria	None	Did a Parent Find Codeine in Her Child’s Gerber Puffs?	23 February 2017	None	['Texas']
snes-00481	Michael J. Fox announced in June 2018 that he was making 'Back to the Future IV.'	false	https://www.snopes.com/fact-check/was-back-to-future-iv-confirmed/	None	Junk News	None	Dan Evon	None	Was ‘Back to the Future IV’ Confirmed by Michael J. Fox?	11 June 2018	None	['None']
snes-03054	The senate voted 51-48 to repeal the Affordable Care Act on 12 January 2017.	mostly false	https://www.snopes.com/fact-check/senate-vote-count-aca/	None	Uncategorized	None	Dan Evon	None	Senate Voted 51-48 to Repeal the Affordable Care Act?	27 January 2017	None	['None']
snes-03410	Despite a decision that halted construction of the Dakota Access Pipeline (DAPL), Energy Transfer Partners continued to build it and accept a $50,000 daily fine.	unproven	https://www.snopes.com/fact-check/dakota-access-pipeline-continuing-despite-denied-easement/	None	Legal	None	Kim LaCapria	None	Is the Dakota Access Pipeline Continuing Despite a Denied Easement?	6 December 2016	None	['None']
snes-06055	A Toronto film crew returning from a break found their intentionally garbage-strewn street had been cleaned by sanitation workers.	legend	https://www.snopes.com/fact-check/torontos-clean-streets/	None	Entertainment	None	David Mikkelson	None	Toronto’s Clean Streets	25 March 2000	None	['Toronto']
snes-00529	Did Sarah Sanders Offer Roseanne Barr a White House Job?	false	https://www.snopes.com/fact-check/sarah-sanders-roseanne-barr-job/	None	Entertainment	None	Snopes Staff	None	Did Sarah Sanders Offer Roseanne Barr a White House Job?	30 May 2018	None	['None']
snes-04063	Photos and video clips narrated by a medical doctor demonstrate that Democratic presidential candidate Hillary Clinton likely has Parkinson's disease.	false	https://www.snopes.com/fact-check/hillary-clinton-has-parkinsons-disease/	None	Conspiracy Theories	None	David Emery	None	Did a Physician Confirm Hillary Clinton Has Parkinson’s Disease?	9 September 2016	None	['Democratic_Party_(United_States)', 'Hillary_Rodham_Clinton', '[130', '9', '"Parkinson\\\'s_disease"']
snes-05582	A DNA test confirmed that actor Bryshere Y. Gray is the biological son of rap mogu Jay-Z.	false	https://www.snopes.com/fact-check/jay-z-dna-son-hakeem/	None	Junk News	None	Dan Evon	None	Did DNA Confirm Hakeem from ‘Empire’ Is Jay-Z’s Biological Son?	22 September 2015	None	['None']
snes-03705	An e-mail proves that a Wisconsin city clerk was trying to prevent students from voting because they are Democrats.	false	https://www.snopes.com/fact-check/wisconsin-clerk-blocks-campus-voting/	None	Ballot Box	None	Bethania Palma	None	Wisconsin Clerk Blocks Campus Voting Because Students Lean Democratic?	25 October 2016	None	['Wisconsin', 'Democratic_Party_(United_States)']
snes-03671	After FBI Director Jim Comey announced that he was reviewing e-mails potentially linked to Hillary Clinton, several states announced that they were allowing people to change their early votes.	mixture	https://www.snopes.com/fact-check/changing-early-votes/	None	Politicians	None	Dan Evon	None	Voted Early for Hillary Clinton? Want to Change Your Mind?	29 October 2016	None	['Federal_Bureau_of_Investigation', 'Hillary_Rodham_Clinton']
snes-00743	Michigan lawmakers proposed a bill to mark immigrants' licenses with a yellow star.	mostly false	https://www.snopes.com/fact-check/michigan-licenses-yellow-stars/	None	Politics	None	Kim LaCapria	None	Are Michigan Lawmakers Marking Immigrants’ Licenses with Yellow Stars?	19 April 2018	None	['Michigan']
snes-05836	A video clip shows martial arts star Bruce Lee expertly playing ping-pong using nunchaku rather than a paddle.	false	https://www.snopes.com/fact-check/bruce-lee-ping-pong/	None	Fauxtography	None	David Mikkelson	None	Bruce Lee Played Ping-Pong with Nunchaku?	27 November 2012	None	['None']
snes-01325	Is this a Real Photograph of Robert Mueller in Vietnam?	miscaptioned	https://www.snopes.com/fact-check/robert-mueller-in-vietnam/	None	Fauxtography	None	Dan Evon	None	Is This a Photograph of Robert Mueller in Vietnam?	15 December 2017	None	['Robert_Mueller']
snes-00221	ESPN aired a graphic listing porn star Johnny Sins as a Little League baseball player's favorite actor.	false	https://www.snopes.com/fact-check/little-leaguer-porn-star/	None	Fauxtography	None	Dan Evon	None	Did a Little Leaguer List a Porn Star as His Favorite Actor?	14 August 2018	None	['Little_League_Baseball']
snes-02824	A Japanese man was found dead months after being crushed by huge pile of pornography.	false	https://www.snopes.com/fact-check/japanese-man-pile-pornography-crushed-killed/	None	Uncategorized	None	Megan Alpert	None	Was a Japanese Man Crushed to Death by a Pile of Pornography?	6 March 2017	None	['Japan']
snes-05976	A photograph shows a suicide victim stepping off the Eiffel Tower.	false	https://www.snopes.com/fact-check/eiffel-tower-suicide/	None	Fauxtography	None	David Mikkelson	None	Eiffel Tower Suicide	17 November 2009	None	['None']
snes-04368	After the 26 July 2016 roll call vote at the Democratic National Convention, hundreds of empty seats appeared to have been vacated by a planned protest.	mixture	https://www.snopes.com/fact-check/dnc-walkout-leads-to-hundreds-of-empty-seats/	None	Politics	None	Kim LaCapria	None	DNC Walkout Leads to Hundreds of Empty Seats?	27 July 2016	None	['None']
snes-00653	President Trump has scrapped plans for constructing a wall along the U.S.-Mexico border in favor of a proposal for a dome.	false	https://www.snopes.com/fact-check/trump-border-dome/	None	Junk News	None	David Mikkelson	None	Did President Trump Scrap Plans for a Border Wall in Favor of a Dome?	6 May 2018	None	['None']
snes-05058	Photographs show an attempted robbery in El Paso, Texas, that ended with all of the assailants shot by their would-be victim.	miscaptioned	https://www.snopes.com/fact-check/el-paso-gun-battle/	None	Uncategorized	None	Brooke Binkowski	None	El Paso Gun Battle	15 March 2016	None	['El_Paso,_Texas', 'Texas']
snes-03744	The WikiLeaks 'Podesta archive' included an e-mail that stated President Obama had "directed his supporters in Colorado to engage in a little all-American voter fraud."	mostly false	https://www.snopes.com/fact-check/obama-all-american-voter-fraud/	None	Ballot Box	None	Kim LaCapria	None	WikiLeaks E-Mail Says Obama Directed His Supporters to Enage in ‘All-American Voter Fraud’	21 October 2016	None	['Colorado', 'Barack_Obama']
snes-02587	Nazi Luftwaffe commander Hermann Goering proclaimed that although "the people don't want war," they "can always be brought to the bidding of their leaders."	true	https://www.snopes.com/fact-check/war-games/	None	Questionable Quotes	None	David Mikkelson	None	Hermann Goering: War Games	4 October 2002	None	['Hermann_Göring']
snes-02970	Did Thousands of Muslims Leave the United States After Trump’s Election?	mixture	https://www.snopes.com/fact-check/thousands-muslims-leave-united-states-trumps-election/	None	Junk News	None	Dan Evon	None	Did Thousands of Muslims Leave the United States After Trump’s Election?	9 February 2017	None	['None']
snes-06157	A Salvation Army official stated that homosexuals "deserve to die."	mixture	https://www.snopes.com/fact-check/salvation-army/	None	Politics	None	David Mikkelson	None	Did a Salvation Army Official Say That Homosexuals “Deserve to Die”?	23 September 2013	None	['None']
snes-01619	Did Michele Bachmann Say Vegas Victims Would be Alive If They Observed the Sabbath?	false	https://www.snopes.com/fact-check/michele-bachmann-vegas-victims/	None	Questionable Quotes	None	Kim LaCapria	None	Did Michele Bachmann Say Vegas Victims Would be Alive If They Observed the Sabbath?	6 October 2017	None	['None']
snes-03560	Maps shows that areas with high democratic populations also have high crime rates.	false	https://www.snopes.com/fact-check/crime-rates-democrats-vote/	None	Politics	None	Dan Evon	None	Do Maps Show High Crime Rates Where Democrats Vote?	12 November 2016	None	['None']
snes-00223	A Harvard study proved that “unvaccinated children pose no risk” to other kids.	mostly false	https://www.snopes.com/fact-check/harvard-study-unvaccinated-children/	None	Medical	None	Alex Kasprak	None	Did a Harvard Study Prove That “Unvaccinated Children Pose No Risk” to Other Kids?	14 August 2018	None	['None']
snes-02695	President Zuma of South Africa purchased the world's most expensive plane.	mostly false	https://www.snopes.com/fact-check/jacob-zuma-aircraft/	None	Politics	None	Dan Evon	None	Did South Africa’s President Purchase the World’s Most Expensive Aircraft?	3 April 2017	None	['None']
snes-01981	A shoplifter who stabbed a Marine collecting Toys for Tots was then whomped by other Marines.	mostly true	https://www.snopes.com/fact-check/marine-layer/	None	Humor	None	Snopes Staff	None	Marine Stabbed by Shoplifter?	16 December 2010	None	['United_States_Marine_Corps']
snes-05452	Donald Trump tweeted that his "grandparents didn't come to America" to see the country taken over by immigrants.	false	https://www.snopes.com/fact-check/donald-trump-fake-tweet/	None	Politics	None	Dan Evon	None	A Fake Tweet from Donald Trump	22 December 2015	None	['United_States', 'Donald_Trump']
snes-01128	A social media meme cites accurate statistics to dispute the claim that so-called "Dreamers" have had a positive impact on American society.	mostly false	https://www.snopes.com/fact-check/facts-about-dreamers-meme/	None	Politics	None	David Emery	None	Checking the Facts About ‘Dreamers’	25 January 2018	None	['United_States']
snes-06326	Photographs show a train that set a wooden bridge on fire.	true	https://www.snopes.com/fact-check/a-bridge-too-far/	None	Fauxtography	None	David Mikkelson	None	Train Sets Bridge on Fire	6 August 2009	None	['None']
snes-02664	Evangelical leader Kenneth Copeland said opponents of President Trump could be "punished" with gay children.	false	https://www.snopes.com/fact-check/evangelical-trump-gay/	None	Junk News	None	Kim LaCapria	None	Did an Evangelical Leader Say Trump Opposers Might be Punished With a Gay Child?	7 April 2017	None	['None']
snes-01508	Article contrasts disparate sentences given to Roy Brown and Paul R. Allen.	true	https://www.snopes.com/fact-check/homeless-man-versus-corporate-thif/	None	Crime	None	David Mikkelson	None	Did a Hungry Homeless Man Who Stole $100 Receive a Far Heavier Sentence Than a White-Collar Thief?	20 October 2011	None	['None']
snes-02651	President Trump owns stock in Raytheon and directly profited from the use of their Tomahawk missiles in an April 2017 U.S. strike on a Syrian air base.	unproven	https://www.snopes.com/fact-check/trump-raytheon-stock/	None	Politics	None	Kim LaCapria	None	Did President Trump Profit from the U.S. Missile Strike Against Syria?	10 April 2017	None	['United_States', 'Syria', 'Raytheon']
snes-02604	Couple Finds Out They Are Biological Twins During IVF Treatment?	false	https://www.snopes.com/fact-check/couple-finds-biological-twins-ivf-treatment/	None	Junk News	None	David Mikkelson	None	Did a Couple Find Out They Were Biological Twins During IVF Treatment?	15 April 2017	None	['None']
snes-04427	Is Disney/Pixar’s ‘Monsters, Inc.’ Sequel Set for a July 2020 Release?	false	https://www.snopes.com/fact-check/disney-pixar-boo/	None	Fauxtography	None	Kim LaCapria	None	Is Disney/Pixar’s ‘Monsters, Inc.’ Sequel Set for a July 2020 Release?	18 July 2016	None	['None']
snes-06146	Economics professor uses grading of exams to teach about socialism.	legend	https://www.snopes.com/fact-check/social-injustice/	None	College	None	Snopes Staff	None	Socialism Grade Averaging	4 April 2009	None	['None']
snes-02248	Kellyanne Conway said that liberal women hate her because of her "striking beauty and intellect."	false	https://www.snopes.com/fact-check/kellyanne-conway-beauty-intellect/	None	Politics	None	Dan Evon	None	Did Kellyanne Conway Say Liberal Women Hate Her Because of Her ‘Striking Beauty and Intellect’?	7 June 2017	None	['None']
snes-01186	Rep. Sheila Jackson Lee (D-Tx.) tweeted that President Trump was determined to start a war with 'North Japan'.	false	https://www.snopes.com/fact-check/shelia-jackson-tweet-president-trump-determined-start-war-north-japan/	None	Junk News	None	Dan Evon	None	Did a Congresswoman Tweet that Trump Wanted War with ‘North Japan’?	18 January 2018	None	['None']
snes-05207	A photograph shows Bill Clinton, George H.W. Bush, and George Wallace together at a table.	true	https://www.snopes.com/fact-check/photograph-clinton-bush-wallace/	None	Politics	None	Dan Evon	None	Photograph Shows Bill Clinton, George H. W. Bush, and George Wallace	16 February 2016	None	['Bill_Clinton', 'George_W._Bush', 'George_Wallace']
snes-05802	Responding to pressure from religious groups, Alabama's state legislature redefined the value of pi from "3.14159..." to "3" in order to bring it in line with Biblical precepts.	false	https://www.snopes.com/fact-check/alabamas-slice-of-pi/	None	Media Matters	None	David Mikkelson	None	Alabama’s Slice of Pi	28 October 1998	None	['Alabama', 'Bible']
snes-04306	Photograph shows a rare, recently discovered trans-species of human-dog hybrid.	false	https://www.snopes.com/fact-check/the-young-family/	None	Fauxtography	None	David Mikkelson	None	The Young Family	6 May 2005	None	['None']
snes-03191	A cartoon from Norway depicting Donald Trump in a diaper was banned from social media.	false	https://www.snopes.com/fact-check/norwegian-cartoon-banned-twitter-facebook/	None	Politicians	None	Dan Evon	None	Did Twitter and Facebook Ban a Norwegian Cartoon About Trump?	6 January 2017	None	['Norway', 'Donald_Trump']
snes-05088	Photograph shows Donald Trump supporters wearing "Make America White Again" shirts at a rally.	false	https://www.snopes.com/fact-check/make-america-white-again-trump/	None	Fauxtography	None	Kim LaCapria	None	‘Make America White Again’	10 March 2016	None	['None']
snes-02890	Did Bill Murray Recommend Eating Children's Ice Cream to Teach About Taxes?	false	https://www.snopes.com/fact-check/bill-murray-ice-cream-taxes/	None	Uncategorized	None	Bethania Palma	None	Did Bill Murray Recommend Eating Children’s Ice Cream to Teach About Taxes?	23 February 2017	None	['None']
snes-04442	The band 10cc was so named because the term represents the amount of semen in an average male ejaculation (or a little bit more).	false	https://www.snopes.com/fact-check/10cc/	None	Entertainment	None	David Mikkelson	None	How 10cc Got Their Name	14 February 2000	None	['None']
snes-05194	The United States Postal Service issued a "forever stamp" featuring Bernie Sanders.	false	https://www.snopes.com/fact-check/bernie-sanders-forever-stamps/	None	Politicians	None	Dan Evon	None	USPS Did Not Issue Bernie Sanders Forever Stamps	18 February 2016	None	['United_States_Postal_Service', 'Bernie_Sanders']
snes-00875	A new "super" antenna called Octa Air is a legitimate replacement for cable that can provide customers with 100s of free HDTV channels.	mixture	https://www.snopes.com/fact-check/super-antenna-octa-air-legitimate-replacement-cable/	None	Technology	None	Dan Evon	None	Is ‘Super’ Antenna Octa Air a Legitimate Replacement for Cable?	19 March 2018	None	['None']
snes-01726	Police in Sweden admitted they are "no longer" investigating rape since migrant arrivals.	mostly false	https://www.snopes.com/fact-check/police-sweden-no-longer-investigating-since-migrants/	None	Uncategorized	None	Bethania Palma	None	Are Police in Sweden No Longer Investigating Rapes Since Migrants Arrived?	15 September 2017	None	['Sweden']
snes-02527	Scientific studies demonstrate that the process of adding fluoride to public water reduces the IQ of the individuals in those areas.	false	https://www.snopes.com/fact-check/water-fluoridation-reduces-iq/	None	Medical	None	Alex Kasprak	None	Water Fluoridation Reduces IQ?	28 April 2017	None	['None']
snes-05144	A meme's map depicts mass shootings since Sandy Hook, not acts of Islamic terrorism in the United States.	mostly true	https://www.snopes.com/fact-check/islamic-terror-mass-shootings/	None	Guns	None	Kim LaCapria	None	Islamic Terror Versus Mass Shootings Meme	26 February 2016	None	['United_States', 'Islam', 'Sandy_Hook']
snes-04224	Republican VP candidate Mike Pence proclaimedthat "the things Donald Trump says wouldn't hurt our campaign half as much if the press didn't report it."	false	https://www.snopes.com/fact-check/mike-pence-blames-media-for-trump-controversies/	None	Junk News	None	Dan Evon	None	Mike Pence Blames Media for Trump Controversies	17 August 2016	None	['Mike_Pence', 'Republican_Party_(United_States)', 'Donald_Trump']
snes-03152	Chicago Bulls Rajon Rondo and New Orleans Pelicans Anthony Davis were traded in a five player deal in January 2017.	false	https://www.snopes.com/fact-check/rajon-rondo-traded-for-anthony-davis-rumor/	None	Entertainment	None	Dan Evon	None	Was Rajon Rondo Traded for Anthony Davis in a Five-Team Deal?	12 January 2017	None	['New_Orleans']
snes-05789	California wine contains dangerous levels of arsenic.	unproven	https://www.snopes.com/fact-check/california-wines-contain-dangerous-levels-arsenic/	None	Food	None	Kim LaCapria	None	Do California Wines Contain Dangerous Levels of Arsenic?	20 March 2015	None	['California']
snes-03909	A video depicts a Muslim woman fraudulently using food stamps to purchase soda to resell at her store.	mixture	https://www.snopes.com/fact-check/muslim-soda-food-stamps/	None	Fauxtography	None	Kim LaCapria	None	Muslim Woman Buys Soda with Food Stamps to Resell?	30 September 2016	None	['None']
snes-01129	Will Robert Mueller Be Forced to Resign Over an Affair with Nancy Pelosi?	false	https://www.snopes.com/fact-check/mueller-resign-affair/	None	Junk News	None	David Mikkelson	None	Will Robert Mueller Be Forced to Resign Over an Affair with Nancy Pelosi?	25 January 2018	None	['Nancy_Pelosi']
snes-04330	Video clip shows a 'Russia's Got Talent' contestant accidentally shooting his partner in the head with an arrow.	false	https://www.snopes.com/fact-check/false-russias-got-talent/	None	Fauxtography	None	David Mikkelson	None	‘Russia’s Got Talent’ Fatal Accident	17 July 2009	None	['None']
snes-02077	The Georgia Guidestones were stolen from their site and then re-erected in New Hampshire.	false	https://www.snopes.com/fact-check/georgia-guidestones-stolen/	None	Junk News	None	Dan Evon	None	Were the Georgia Guidestones Stolen and Taken to New Hampshire?	13 July 2017	None	['None']
snes-05377	A $1.5 billion powerball lottery drawing scheduled for 13 January 2016 has been cancelled.	false	https://www.snopes.com/fact-check/powerball-lottery-not-cancelled/	None	Junk News	None	Dan Evon	None	FALSE: The Lottery Has Been Cancelled	12 January 2016	None	['None']
snes-00848	Rep. Mark Amodei reported high-school student Noah Christiansen to his school for cursing during a phone call concerning gun safety legislation.	mixture	https://www.snopes.com/fact-check/lawmaker-report-student-cursing/	None	Politics	None	Arturo Garcia	None	Did a GOP Lawmaker Report a High School Student for Cursing Over Gun Safety?	25 March 2018	None	['None']
snes-01018	Girls at a Utah elementary school were required to say "yes" when asked to dance at a school event.	mostly true	https://www.snopes.com/fact-check/is-a-utah-schools-event-barring-girls-from-refusing-boys-dance-requests/	None	Viral Phenomena	None	Arturo Garcia	None	Did a Utah School Bar Girls From Refusing Boys’ Dance Requests?	14 February 2018	None	['Utah']
snes-04836	The American Psychiatric Association condones pedophilia and says it is normal to be sexually attracted to children.	false	https://www.snopes.com/fact-check/american-psychiatric-association-pedophilia/	None	Medical	None	Kim LaCapria	None	American Psychiatric Association Condones Pedophilia	29 April 2016	None	['None']
snes-02010	Did Wendy’s Replace Workers With Machines?	mostly false	https://www.snopes.com/fact-check/wendys-kiosks-minimum-wage/	None	Business	None	Dan Evon	None	Did Wendy’s Replace Workers With Machines?	25 July 2017	None	['None']
snes-00087	Georgia state troopers blocked off entrance to their state days before Hurricane Florence made landfall.	false	https://www.snopes.com/fact-check/georgia-state-line-troopers/	None	Viral Phenomena	None	Arturo Garcia	None	Was the Georgia State Line ‘Blocked Off’ Because of Hurricane Florence?	14 September 2018	None	['None']
snes-05870	Tyson Foods has dropped Labor Day as a holiday in favor of the Muslim celebration of Eid al-Fitr.	false	https://www.snopes.com/fact-check/tyson-labor-day/	None	Politics	None	David Mikkelson	None	Did Tyson Foods Ditch Labor Day for a Muslim Holiday?	4 August 2008	None	['Eid_al-Fitr', 'Labor_Day', 'Tyson_Foods']
snes-06371	Mel Gibson was the inspiration for the film "The Man Without a Face."	false	https://www.snopes.com/fact-check/man-without-a-face/	None	Glurge Gallery	None	David Mikkelson	None	The Man Without a Face	9 October 2000	None	['Mel_Gibson']
snes-01807	There are small islands of fire ants floating in the floodwaters from Tropical Storm Harvey.	true	https://www.snopes.com/fact-check/floating-islands-of-fire-ants/	None	Uncategorized	None	Bethania Palma	None	Are There Floating Islands of Fire Ants in Hurricane-Flooded Areas of Texas?	30 August 2017	None	['None']
snes-05489	A Facebook status accurately reproduced a letter from and photo of a death row inmate who blamed his mother for poor parenting.	legend	https://www.snopes.com/fact-check/letter-death-row-inmate/	None	Uncategorized	None	Kim LaCapria	None	Letter from a Death Row Inmate	15 December 2015	None	['None']
snes-06379	Strawberries are so named because they are bedded in straw.	false	https://www.snopes.com/fact-check/strawberry-fielded/	None	Language	None	David Mikkelson	None	Etymology of Strawberry	5 October 2003	None	['None']
snes-03885	Weapons-wielding clowns from the U.S. invaded Canada and murdered 23 victims.	false	https://www.snopes.com/fact-check/scary-clowns-kill-23-people-in-canada/	None	Junk News	None	Dan Evon	None	Scary Clowns Kill 23 People in Canada	4 October 2016	None	['United_States', 'Canada']
snes-03737	Voting machines in Cook County were rigged in 2014 to change votes cast for Republican candidates to votes for Democratic candidates.	false	https://www.snopes.com/fact-check/crook-county/	None	Ballot Box	None	Kim LaCapria	None	Cook County Voting Machines Rigged to Change Votes?	29 October 2014	None	['Republican_Party_(United_States)', 'Democratic_Party_(United_States)', 'Cook_County,_Illinois']
snes-04039	A muscular breed of “super cattle” is genetically engineered to provide as much meat as possible.	mostly true	https://www.snopes.com/fact-check/muscular-cows-genetic-engineering/	None	Uncategorized	None	Alex Kasprak	None	Do Muscular Cows Demonstrate Genetic Engineering Potential?	14 September 2016	None	['None']
snes-04035	Donald Trump attended a hate group gathering "snubbed" by former GOP candidates Mitt Romney and John McCain.	mixture	https://www.snopes.com/fact-check/trump-anti-gay-shunned/	None	Politicians	None	Bethania Palma	None	Donald Trump Meets With Anti-Gay Hate Group That Was Shunned by Other Candidates?	14 September 2016	None	['Republican_Party_(United_States)', 'Mitt_Romney', 'Donald_Trump', 'John_McCain']
snes-02835	Texting the word 'HUNGER' to 35350 will cause Sam's Club to donate the monetary equivalent of 12 meals to a local food bank.	outdated	https://www.snopes.com/fact-check/food-blank/	None	Business	None	Kim LaCapria	None	Text ‘Hunger’ to 35350 to Donate to Local Food Banks?	10 March 2015	None	['None']
snes-01719	NASA had to relabel the size chart used for a condom-like urination contraption built into the Maximum Absorbency Garment space suit system because astronauts refused to choose the "small" size.	mixture	https://www.snopes.com/fact-check/spacesuit-envy/	None	Science	None	Dan Evon	None	Spacesuit Envy	6 February 2015	None	['None']
snes-03496	A document held by a potential Trump cabinet member reveals his immigration plans.	mixture	https://www.snopes.com/fact-check/trump-team-accidentally-reveals-extreme-immigration-plan/	None	Immigration	None	Bethania Palma	None	Trump Team Accidentally Reveals ‘Extreme’ Immigration Plan?	21 November 2016	None	['None']
snes-01570	A photograph shows a coyote being given a bath after it was mistaken by a dog by an Ohio family in October 2017.	false	https://www.snopes.com/fact-check/coyote-given-bath-mistaken-dog/	None	Fauxtography	None	Dan Evon	None	Was This Coyote Given a Bath After Being Mistaken for a Dog?	17 October 2017	None	['Ohio']
snes-00265	Did Wild Dogs Kill a Two-Year-Old Boy at a Zoo?	outdated	https://www.snopes.com/fact-check/wild-dogs-zoo-kill-boy/	None	Viral Phenomena	None	Bethania Palma	None	Did Wild Dogs Kill a Two-Year-Old Boy at a Zoo?	2 August 2018	None	['None']
snes-03542	After Donald Trump won the 2016 election, Ford decided to move production of their vehicles from Mexico to Ohio.	mostly false	https://www.snopes.com/fact-check/ford-from-mexico-to-ohio/	None	Ballot Box	None	Kim LaCapria	None	Trump Win Prompts Ford to Move Manufacturing from Mexico to Ohio	15 November 2016	None	['Mexico', 'Ohio', 'Ford_Motor_Company', 'Donald_Trump']
snes-04092	Phyllis Schlafly once said, "There will be a woman president over my dead body."	false	https://www.snopes.com/fact-check/phyllis-schlafly-woman-president-over-my-dead-body/	None	Questionable Quotes	None	David Emery	None	Phyllis Schlafly Said, ‘There Will Be a Woman President Over My Dead Body’?	6 September 2016	None	['None']
snes-02317	Google Earth helped locate a woman who had been stranded on an island for years.	false	https://www.snopes.com/fact-check/this-island-google-earth/	None	Junk News	None	David Mikkelson	None	Google Earth Discovers Man Trapped on Desert Island for 9 Years?	19 March 2014	None	['None']
snes-04792	President Obama issued an order for abortions to be celebrated on Mother's Day.	false	https://www.snopes.com/fact-check/obama-mothers-day-abortions/	None	Junk News	None	Dan Evon	None	Did President Obama Order Mother’s Day Be Used to Celebrate Abortions?	9 May 2016	None	['Barack_Obama']
snes-03990	Jennifer Aniston went on an angry tirade on the 'Today Show' after she was asked about Brad Pitt and Angelina Jolie's divorce.	false	https://www.snopes.com/fact-check/jennifer-aniston-delivers-angry-response-to-brangelina-breakup/	None	Junk News	None	Dan Evon	None	Jennifer Aniston Delivers Angry Response to ‘Brangelina’ Breakup	20 September 2016	None	['Brad_Pitt', 'Jennifer_Aniston', 'Angelina_Jolie']
snes-00146	Did Google Fail to Promote President Trump’s State of the Union Address?	false	https://www.snopes.com/fact-check/google-sotu-promotion/	None	Politics	None	Dan Evon	None	Did Google Fail to Promote President Trump’s State of the Union Address?	30 August 2018	None	['None']