chct-00332	FACT CHECK: Is Hurricane Irma The 'Most Powerful' Atlantic Storm On Record?	verdict: true	http://checkyourfact.com/2017/09/07/fact-check-is-hurricane-irma-the-most-powerful-atlantic-storm-on-record/	None	None	None	David Sivak | Fact Check Editor	None	None	1:56 PM 09/07/2017	None	['None']
chct-00172	FACT CHECK: Does The US Have Trade Deficits With 'Almost All' Countries?	verdict: false	http://checkyourfact.com/2018/03/21/fact-check-us-trade-deficits-almost-all-countries/	None	None	None	Emily Larsen | Fact Check Reporter	None	None	4:39 PM 03/21/2018	None	['None']
chct-00006	FACT CHECK: Can Trump End Birthright Citizenship With An Executive Order?	verdict: unsubstantiated	http://checkyourfact.com/2018/11/01/fact-check-trump-birthright-citizenship-executive-order/	None	None	None	Brad Sylvester | Fact Check Reporter	None	None	4:43 PM 11/01/2018	None	['None']
chct-00092	FACT CHECK: Did John Brennan Once Vote For The Communist Party?	verdict: true	http://checkyourfact.com/2018/07/19/fact-check-brennan-vote-communist/	None	None	None	David Sivak | Fact Check Editor	None	None	1:22 PM 07/19/2018	None	['None']
chct-00248	FACT CHECK: Is There 'No Evidence' Tax Cuts Lead To Economic Growth?	verdict: false	http://checkyourfact.com/2017/12/22/fact-check-is-there-no-evidence-tax-cuts-lead-to-economic-growth/	None	None	None	Emily Larsen | Fact Check Reporter	None	None	11:11 AM 12/22/2017	None	['None']
chct-00046	FACT CHECK: Did The GOP’s Pick To Question Kavanaugh's Accuser Work For Sheriff Joe Arpaio?	verdict: false	http://checkyourfact.com/2018/09/26/fact-check-kavanaugh-mitchell-ford-arpaio/	None	None	None	Emily Larsen | Fact Check Reporter	None	None	6:41 PM 09/26/2018	None	['Republican_Party_(United_States)']
chct-00059	FACT CHECK: Was Rick Perry In Russia On 9/11?	verdict: false	http://checkyourfact.com/2018/09/13/fact-check-rick-perry-russia-9-11/	None	None	None	Emily Larsen | Fact Check Reporter	None	None	9:12 AM 09/13/2018	None	['Russia']
chct-00104	FACT CHECK: Is Trump The First Republican To Win Wisconsin Since 1952?	verdict: false	http://checkyourfact.com/2018/06/30/fact-check-trump-republican-wisconsin-1952/	None	None	None	David Sivak | Fact Check Editor	None	None	9:16 AM 06/30/2018	None	['None']
chct-00168	FACT CHECK: Did Lawmakers Have Less Than A Minute Per Page To Read The Omnibus Before Voting?	verdict: true	http://checkyourfact.com/2018/03/24/fact-check-less-than-minute-per-page-omnibus/	None	None	None	Emily Larsen | Fact Check Reporter	None	None	12:56 PM 03/24/2018	None	['None']
chct-00100	FACT CHECK: Was American Independence Actually Declared On July 2?	verdict: true	http://checkyourfact.com/2018/07/04/fact-check-independence-declared-july-2/	None	None	None	Emily Larsen | Fact Check Reporter	None	None	10:11 AM 07/04/2018	None	['None']
chct-00312	FACT CHECK: Does Obamacare Allow States To Waive Protections For Pre-Existing Conditions?	verdict: false	http://checkyourfact.com/2017/09/27/fact-check-does-obamacare-allow-states-to-waive-protections-for-pre-existing-conditions/	None	None	None	David Sivak | Fact Check Editor	None	None	5:30 PM 09/27/2017	None	['None']
chct-00028	FACT CHECK: Did Beto O’Rourke Raise More In A Single Quarter Than Jeb Bush’s Entire Presidential Campaign?	verdict: true	http://checkyourfact.com/2018/10/15/fact-check-beto-orourke-jeb-bush-campaign/	None	None	None	Emily Larsen | Fact Check Reporter	None	None	10:42 PM 10/15/2018	None	['None']
chct-00324	FACT CHECK: Do 92% Of Americans Support DACA?	verdict: false	http://checkyourfact.com/2017/09/15/fact-check-do-92-of-americans-support-daca/	None	None	None	David Sivak | Fact Check Editor	None	None	4:04 PM 09/15/2017	None	['None']
chct-00246	FACT CHECK: Will The Trump Family Save $1 Billion Under The GOP Tax Plan?	verdict: false	http://checkyourfact.com/2017/12/22/fact-check-will-the-trump-family-save-1-billion-under-the-gop-tax-plan/	None	None	None	Kush Desai | Fact Check Reporter	None	None	10:37 PM 12/22/2017	None	['None']
chct-00271	FACT CHECK: Could The Senate Kick Out Roy Moore If He Gets Elected?	verdict: true	http://checkyourfact.com/2017/11/13/fact-check-could-the-senate-kick-out-roy-moore-if-he-gets-elected/	None	None	None	David Sivak | Fact Check Editor	None	None	5:13 PM 11/13/2017	None	['None']
chct-00105	FACT CHECK: Are 80 Percent Of Asylum Court Cases Not Approved?	verdict: true	http://checkyourfact.com/2018/06/29/fact-check-80-percent-asylum/	None	None	None	Emily Larsen | Fact Check Reporter	None	None	3:35 PM 06/29/2018	None	['None']
chct-00055	FACT CHECK: Are Suicide Rates Rising Across The US?	verdict: true	http://checkyourfact.com/2018/09/16/fact-check-suicide-rates-us/	None	None	None	Brad Sylvester | Fact Check Reporter	None	None	10:08 AM 09/16/2018	None	['None']
chct-00358	CNN Fails To Mention Antifa Violence In Explainer Piece	none	http://checkyourfact.com/2017/08/15/cnn-fails-to-mention-antifa-violence-in-explainer-piece/	None	None	None	Holmes Lybrand | Fact Check Editor at The Daily Caller News Foundation	None	None	1:15 PM 08/15/2017	None	['None']
chct-00011	FACT CHECK: Does Russia Kill Journalists 'Every Day?'	verdict: false	http://checkyourfact.com/2018/10/29/fact-check-russia-journalists-killed-every-day/	None	None	None	Emily Larsen | Fact Check Reporter	None	None	3:02 PM 10/29/2018	None	['None']
chct-00144	FACT CHECK: Did The French Intend For The Statue Of Liberty To Symbolize Immigration?	verdict: false	http://checkyourfact.com/2018/04/27/fact-check-french-statue-of-liberty-immigration/	None	None	None	Emily Larsen | Fact Check Reporter	None	None	9:41 AM 04/27/2018	None	['None']
chct-00072	Here's How Much Food The US Wastes Each Year	verdict: true	http://checkyourfact.com/2018/08/24/fact-check-40-percent-food-waste/	None	None	None	Emily Larsen | Fact Check Reporter	None	None	5:33 PM 08/24/2018	None	['None']
chct-00224	FACT CHECK: Does Trump Have Heart Disease?	verdict: false	http://checkyourfact.com/2018/01/18/does-trump-have-heart-disease/	None	None	None	Kush Desai | Fact Check Reporter	None	None	10:00 PM 01/18/2018	None	['None']
chct-00062	FACT CHECK: Did Kavanaugh Suggest That Contraceptives Are 'Abortion-Inducing Drugs'?	verdict: unsubstantiated	http://checkyourfact.com/2018/09/10/fact-check-kavanaugh-abortion-inducing-drugs/	None	None	None	David Sivak | Fact Check Editor	None	None	3:53 PM 09/10/2018	None	['None']
chct-00097	Trump Says NFL Ratings Have Tanked - Here Are The Numbers	verdict: true	http://checkyourfact.com/2018/07/09/fact-check-nfl-ratings-20-percent/	None	None	None	Emily Larsen | Fact Check Reporter	None	None	2:51 PM 07/09/2018	None	['None']
chct-00140	NBC Labels Dr. Jordan Peterson 'Alt-Right.' Let's Fact Check That Claim	verdict: false	http://checkyourfact.com/2018/05/04/fact-check-jordan-peterson-alt-right/	None	None	None	David Sivak | Fact Check Editor	None	None	9:13 AM 05/04/2018	None	['None']
chct-00222	FACT CHECK: Could Hillary Clinton Still Become President?	verdict: false	http://checkyourfact.com/2018/01/21/fact-check-could-hillary-clinton-still-become-president/	None	None	None	Kush Desai | Fact Check Reporter	None	None	9:31 AM 01/21/2018	None	['None']
chct-00022	FACT CHECK: Trump Flew To Montana For A Rally - Here Are 3 Checks On His Claims	none	http://checkyourfact.com/2018/10/19/fact-check-trump-rally-montana/	None	None	None	Brad Sylvester | Fact Check Reporter	None	None	6:00 PM 10/19/2018	None	['None']
chct-00007	FACT CHECK: 3 Claims From Trump's Rally In Florida	none	http://checkyourfact.com/2018/11/01/fact-check-trump-rally-florida/	None	None	None	David Sivak | Fact Check Editor	None	None	10:08 AM 11/01/2018	None	['None']
chct-00303	FACT CHECK: Did The Las Vegas Shooter Have Better Rifles Than The Marines Do?	verdict: false	http://checkyourfact.com/2017/10/06/fact-check-did-the-las-vegas-shooter-have-better-rifles-than-the-marines-do/	None	None	None	Kush Desai | Fact Check Reporter	None	None	4:33 PM 10/06/2017	None	['None']
chct-00210	Fact Checking Bernie Sanders' Recent Claims Regarding The New Tax Law	verdict: true	http://checkyourfact.com/2018/02/02/bernie-sanders-tax-law-fact-check/	None	None	None	Jamie Gregora | Contributor	None	None	11:49 PM 02/02/2018	None	['Bernie_Sanders']
chct-00236	FACT CHECK: Did LBJ Conduct White House Meetings On The Toilet?	verdict: true	http://checkyourfact.com/2018/01/09/fact-check-did-lbj-conduct-white-house-meetings-on-the-toilet/	None	None	None	Kush Desai | Fact Check Reporter	None	None	12:38 PM 01/09/2018	None	['None']
chct-00155	FACT CHECK: Did The US Lose 70,000 Factories Under Bush And Obama?	verdict: true	http://checkyourfact.com/2018/04/12/fact-check-did-the-us-lose-70000-factories-under-bush-and-obama/	None	None	None	Emily Larsen | Fact Check Reporter	None	None	2:54 PM 04/12/2018	None	['None']
chct-00095	Trump Says NATO Spending Has Increased Under His Watch - Here Are The Numbers	verdict: true	http://checkyourfact.com/2018/07/15/fact-check-nato-defense-spending-34-billion/	None	None	None	David Sivak | Fact Check Editor	None	None	7:48 PM 07/15/2018	None	['None']
chct-00241	True: The Taliban Has 'VIP Sanctuaries'	verdict: true	http://checkyourfact.com/2018/01/03/fact-check-does-the-taliban-have-vip-sanctuaries-in-pakistan/	None	None	None	Kush Desai | Fact Check Reporter	None	None	5:28 PM 01/03/2018	None	['None']
chct-00205	FACT CHECK: Does The Federal Government Borrow $1 Million Every Minute?	verdict: true	http://checkyourfact.com/2018/02/11/fact-check-does-the-federal-government-borrow-1-million-every-minute/	None	None	None	Kush Desai | Fact Check Reporter	None	None	10:31 PM 02/11/2018	None	['None']
chct-00309	FACT CHECK: Does The Trump Tax Reform Plan Benefit The Wealthy At Everyone Else's Expense?	verdict: false	http://checkyourfact.com/2017/09/29/fact-check-does-the-trump-tax-reform-plan-benefit-the-wealthy-at-everyone-elses-expense/	None	None	None	Emily Larsen | Fact Check Reporter	None	None	10:16 PM 09/29/2017	None	['None']
chct-00282	FACT CHECK: Has The House Held Zero Hearings On The Russia Investigation?	verdict: false	http://checkyourfact.com/2017/11/01/fact-check-has-the-house-held-zero-hearings-on-the-russia-investigation/	None	None	None	David Sivak | Fact Check Editor	None	None	2:57 PM 11/01/2017	None	['None']
chct-00278	FACT CHECK: Are 7 In 10 Americans Pro-Choice?	verdict: false	http://checkyourfact.com/2017/11/04/fact-check-are-7-in-10-americans-pro-choice/	None	None	None	David Sivak | Fact Check Editor	None	None	5:12 PM 11/04/2017	None	['None']
chct-00181	FACT CHECK: Does China Produce As Much Steel In A Month As The US Does In A Year?	verdict: true	http://checkyourfact.com/2018/03/10/fact-check-china-produces-as-much-steel-in-month-as-us-in-year/	None	None	None	Kush Desai | Fact Check Reporter	None	None	7:26 PM 03/10/2018	None	['None']
chct-00083	FACT CHECK: Lou Barletta Said There Are More Job Openings Than Unemployed People	verdict: true	http://checkyourfact.com/2018/08/04/fact-check-barletta-job-openings-unemployed/	None	None	None	Emily Larsen | Fact Check Reporter	None	None	5:18 PM 08/04/2018	None	['None']
chct-00327	FACT CHECK: Is Trump Sending 'Mixed Messages' On Amnesty?	verdict: true	http://checkyourfact.com/2017/09/14/fact-check-is-trump-sending-mixed-messages-on-amnesty/	None	None	None	David Sivak | Fact Check Editor	None	None	11:12 AM 09/14/2017	None	['None']
chct-00017	FACT CHECK: Newt Gingrich Said That 179 Million Latin Americans Want To Migrate To The US - Is That True?	verdict: false	http://checkyourfact.com/2018/10/25/fact-check-179-million-latin-americans-migrate-us/	None	None	None	David Sivak | Fact Check Editor	None	None	9:07 AM 10/25/2018	None	['None']
chct-00349	FACT CHECK: Has The US Paid Pakistan 'Billions And Billions' While It Harbored Terrorists?	verdict: true	http://checkyourfact.com/2017/08/24/fact-check-has-the-us-paid-pakistan-billions-and-billions-while-it-harbored-terrorists/	None	None	None	Kush Desai | Fact Check Reporter	None	None	12:12 PM 08/24/2017	None	['None']
chct-00289	FACT CHECK: Is Climate Change A 'Bigger Fiscal Issue' Than Entitlements?	verdict: false	http://checkyourfact.com/2017/10/25/fact-check-is-climate-change-a-bigger-fiscal-issue-than-entitlements/	None	None	None	Emily Larsen | Fact Check Reporter	None	None	11:24 PM 10/25/2017	None	['None']
chct-00307	FACT CHECK: Is The US 1 Of 7 Countries That Allow Elective Abortion Past 20 Weeks?	verdict: true	http://checkyourfact.com/2017/10/03/fact-check-is-the-us-1-of-7-countries-that-allow-elective-abortion-past-20-weeks/	None	None	None	Holmes Lybrand | Fact Check Editor at The Daily Caller News Foundation	None	None	4:26 PM 10/03/2017	None	['None']
chct-00178	FACT CHECK: Is The UN Passing More Resolutions On North Korea Than Ever Before?	verdict: true	http://checkyourfact.com/2018/03/14/fact-check-un-pass-record-resolutions-north-korea/	None	None	None	Kush Desai | Fact Check Reporter	None	None	5:39 PM 03/14/2018	None	['None']
chct-00229	FACT CHECK: Has Trump Been In Thousands Of Lawsuits?	verdict: true	http://checkyourfact.com/2018/01/16/fact-check-has-trump-been-in-thousands-of-lawsuits/	None	None	None	Kush Desai | Fact Check Reporter	None	None	5:22 PM 01/16/2018	None	['None']
chct-00134	FACT CHECK: Has Joe Donnelly Never Had A Single Bill Passed Into Law?	verdict: false	http://checkyourfact.com/2018/05/13/fact-check-joe-donnelly-bills/	None	None	None	Emily Larsen | Fact Check Reporter	None	None	8:52 PM 05/13/2018	None	['None']
chct-00317	FACT CHECK: Was The Last Time The US 'Really' Reformed The Tax Code In 1986?	verdict: true	http://checkyourfact.com/2017/09/22/fact-check-was-the-last-time-the-us-significantly-reformed-the-tax-code-in-1986/	None	None	None	Kush Desai | Fact Check Reporter	None	None	10:03 AM 09/22/2017	None	['None']
chct-00056	FACT CHECK: Is Twitter Blocking Posts That Use The Phrase 'Illegal Alien'?	verdict: false	http://checkyourfact.com/2018/09/14/fact-check-twitter-block-illegal-alien/	None	None	None	Shane Devine | Fact Check Reporter	None	None	2:44 PM 09/14/2018	None	['None']
chct-00202	FACT CHECK: Is Sam Hyde The YouTube HQ Shooter?	verdict: false	http://checkyourfact.com/2018/02/14/fact-check-mass-shooting-sam-hyde-meme/	None	None	None	Emily Larsen | Fact Check Reporter	None	None	7:04 PM 02/14/2018	None	['None']
chct-00325	FACT CHECK: Do Illegal Immigrants Have No Rights Under The Constitution?	verdict: false	http://checkyourfact.com/2017/09/15/fact-check-do-illegal-immigrants-have-no-rights-under-the-constitution/	None	None	None	Peter Hasson | Reporter	None	None	11:39 AM 09/15/2017	None	['None']
chct-00212	The Trump Administration Claims To Have Fired Over 1,500 Employees. That's Actually A Lowball	verdict: true	http://checkyourfact.com/2018/02/01/fact-check-has-the-trump-admin-fired-over-1500-va-employees/	None	None	None	Emily Larsen | Fact Check Reporter	None	None	12:37 PM 02/01/2018	None	['None']
chct-00045	FACT CHECK: Have Multiple Allegations Against Kavanaugh Been Corroborated?	verdict: unsubstantiated	http://checkyourfact.com/2018/09/28/fact-check-allegations-kavanaugh-corroborated/	None	None	None	Emily Larsen | Fact Check Reporter	None	None	12:00 AM 09/28/2018	None	['None']
chct-00043	FACT CHECK: Did Young People Only Make Up 13 Percent Of The Vote In 2014?	verdict: true	http://checkyourfact.com/2018/10/01/fact-check-youth-vote-13-percent-2014/	None	None	None	Shane Devine | Fact Check Reporter	None	None	9:06 AM 10/01/2018	None	['None']
chct-00061	FACT CHECK: Rand Paul Says The US Has 800 Troops In Niger	verdict: true	http://checkyourfact.com/2018/09/11/fact-check-800-troops-niger/	None	None	None	Shane Devine | Fact Check Reporter	None	None	5:39 PM 09/11/2018	None	['None']
chct-00259	FACT CHECK: Has The US Spent $7 Trillion On Wars In The Middle East?	verdict: false	http://checkyourfact.com/2017/12/11/fact-check-has-the-us-spent-7-trillion-on-wars-in-the-middle-east/	None	None	None	Emily Larsen | Fact Check Reporter	None	None	9:58 AM 12/11/2017	None	['None']
chct-00115	FACT CHECK: Is Trump To Blame For $3 A Gallon Gas?	verdict: unsubstantiated	http://checkyourfact.com/2018/06/15/fact-check-trump-price-gas/	None	None	None	David Sivak | Fact Check Editor	None	None	1:51 PM 06/15/2018	None	['None']
chct-00292	FACT CHECK: Has The US Economy Annually Grown ‘At Less Than 2%’ During The Past Decade?	verdict: true	http://checkyourfact.com/2017/10/23/fact-check-has-the-us-economy-annually-grown-at-less-than-2-during-the-past-decade/	None	None	None	Kush Desai | Fact Check Reporter	None	None	4:34 PM 10/23/2017	None	['None']
chct-00145	FACT CHECK: Is Kanye The Highest Paid Person In Footwear?	verdict: false	http://checkyourfact.com/2018/04/26/fact-check-kanye-highest-paid-footwear/	None	None	None	David Sivak | Fact Check Editor	None	None	4:11 PM 04/26/2018	None	['None']
chct-00076	FACT CHECK: Was Elizabeth Warren Once A Card-Carrying Republican?	verdict: true	http://checkyourfact.com/2018/08/19/fact-check-elizabeth-warren-republican/	None	None	None	David Sivak | Fact Check Editor	None	None	11:03 PM 08/19/2018	None	['None']
chct-00037	FACT CHECK: Have Immigrant Child Detentions Increased By 433 Percent?	verdict: true	http://checkyourfact.com/2018/10/09/fact-check-unaccompanied-minor-433-percent/	None	None	None	Brad Sylvester | Fact Check Reporter	None	None	10:20 AM 10/09/2018	None	['None']
chct-00010	FACT CHECK: Did Trump Earn An 'Overwhelming Majority' Of The Vote In 2016?	verdict: false	http://checkyourfact.com/2018/10/30/fact-check-trump-overwhelming-majority-2016/	None	None	None	Emily Larsen | Fact Check Reporter	None	None	9:32 AM 10/30/2018	None	['None']
chct-00263	FACT CHECK: Do Federal Charges In The Kate Steinle Case Count As Double Jeopardy?	verdict: false	http://checkyourfact.com/2017/12/05/fact-check-do-federal-charges-in-the-kate-steinle-case-count-as-double-jeopardy/	None	None	None	Emily Larsen | Fact Check Reporter	None	None	9:26 AM 12/05/2017	None	['None']
chct-00035	FACT CHECK: Do Only 12 Percent Of UN Member States Allow Gay Marriage?	verdict: true	http://checkyourfact.com/2018/10/10/fact-check-12-percent-un-gay-marriage/	None	None	None	Brad Sylvester | Fact Check Reporter	None	None	11:19 AM 10/10/2018	None	['None']
chct-00126	Let's Fact-Check Democrat Mark Warner's Claim About The NRA	verdict: true	http://checkyourfact.com/2018/05/23/fact-check-nra-mark-warner/	None	None	None	David Sivak | Fact Check Editor	None	None	8:24 PM 05/23/2018	None	['None']
chct-00290	FACT CHECK: Did Republicans Pay For The Trump Dossier?	verdict: false	http://checkyourfact.com/2017/10/25/fact-check-did-republicans-pay-for-the-trump-dossier/	None	None	None	Kush Desai | Fact Check Reporter	None	None	3:11 PM 10/25/2017	None	['None']
chct-00264	FACT CHECK: Are Corporate Profits At Record Highs, Corporate Taxes At Record Lows?	verdict: false	http://checkyourfact.com/2017/12/02/fact-check-are-corporate-profits-at-record-highs-corporate-taxes-at-record-lows/	None	None	None	David Sivak | Fact Check Editor	None	None	5:53 PM 12/02/2017	None	['None']
chct-00121	FACT CHECK: When Did Black People Get The Right To Vote?	verdict: true	http://checkyourfact.com/2018/06/06/fact-check-right-to-vote/	None	None	None	David Sivak | Fact Check Editor	None	None	3:50 PM 06/06/2018	None	['None']
chct-00020	FACT CHECK: Trump Says He Has No Financial Interests In Saudi Arabia - Is That True?	verdict: true	http://checkyourfact.com/2018/10/23/fact-check-trump-financial-interests-saudi-arabia/	None	None	None	Brad Sylvester | Fact Check Reporter	None	None	10:01 AM 10/23/2018	None	['Saudi_Arabia']
chct-00185	FACT CHECK: What Does Your Beer Can Have To Do With National Security?	verdict: false	http://checkyourfact.com/2018/03/07/fact-check-does-aluminum-threaten-national-security/	None	None	None	Emily Larsen | Fact Check Reporter	None	None	1:11 PM 03/07/2018	None	['None']
chct-00147	FACT CHECK: Has Support For Legal Marijuana Doubled Since 2000?	verdict: true	http://checkyourfact.com/2018/04/24/fact-check-support-legal-marijuana-doubled/	None	None	None	David Sivak | Fact Check Editor	None	None	1:23 PM 04/24/2018	None	['None']
chct-00184	FACT CHECK: The Media Gets It Wrong on Aluminum Imports	verdict: false	http://checkyourfact.com/2018/03/08/fact-check-us-imports-90-percent-aluminum/	None	None	None	Kush Desai | Fact Check Reporter	None	None	11:12 AM 03/08/2018	None	['None']
chct-00127	We Interviewed A Former MS-13 Member To Talk About Their Motto 'Kill, Rape, Control'	verdict: true	http://checkyourfact.com/2018/05/23/fact-check-kill-rape-control-ms-13-motto/	None	None	None	Emily Larsen | Fact Check Reporter	None	None	2:33 PM 05/23/2018	None	['None']
chct-00009	FACT CHECK: Did Acts Of Anti-Semitism Increase More Than 50 Percent In 2017?	verdict: true	http://checkyourfact.com/2018/10/30/fact-check-anti-semitism-50-percent-2017/	None	None	None	Brad Sylvester | Fact Check Reporter	None	None	5:55 PM 10/30/2018	None	['None']
chct-00249	FACT CHECK: Did Republicans 'Essentially' Repeal Obamacare?	none	http://checkyourfact.com/2017/12/21/fact-check-did-republicans-essentially-repeal-obamacare/	None	None	None	David Sivak | Fact Check Editor	None	None	1:17 PM 12/21/2017	None	['None']
chct-00132	FACT CHECK: Is North Korea Poorer Than Afghanistan?	verdict: unsubstantiated	http://checkyourfact.com/2018/05/17/fact-check-is-north-korea-poorer-than-afghanistan/	None	None	None	Emily Larsen | Fact Check Reporter	None	None	6:21 PM 05/17/2018	None	['None']
chct-00337	FACT CHECK: Are DACA Recipients All Young People Who Pose No Threat?	verdict: false	http://checkyourfact.com/2017/09/05/fact-check-are-daca-recipients-all-young-people-who-pose-no-threat/	None	None	None	Holmes Lybrand | Fact Check Editor at The Daily Caller News Foundation	None	None	4:36 PM 09/05/2017	None	['None']
chct-00243	FACT CHECK: Does The US Pay Over 20 Percent Of The UN Budget?	verdict: true	http://checkyourfact.com/2017/12/26/fact-check-does-the-us-pay-over-20-percent-of-the-un-budget/	None	None	None	Emily Larsen | Fact Check Reporter	None	None	8:47 AM 12/26/2017	None	['None']
chct-00084	94 Months Of Job Growth - Is This The Longest Jobs Streak In History?	verdict: true	http://checkyourfact.com/2018/08/02/fact-check-trump-longest-job-growth-history/	None	None	None	David Sivak | Fact Check Editor	None	None	8:35 PM 08/02/2018	None	['None']
chct-00267	FACT CHECK: Are The 3 Richest Americans Wealthier Than The Bottom 50%?	verdict: true	http://checkyourfact.com/2017/11/22/fact-check-are-the-3-richest-americans-wealthier-than-the-bottom-50/	None	None	None	David Sivak | Fact Check Editor	None	None	7:02 PM 11/22/2017	None	['None']
chct-00291	FACT CHECK: Would Small Businesses Pay The Lowest Tax Rate In Over 80 Years Under The GOP Tax Plan?	verdict: true	http://checkyourfact.com/2017/10/25/fact-check-would-small-businesses-pay-the-lowest-tax-rate-in-over-80-years-under-the-gop-tax-plan/	None	None	None	David Sivak | Fact Check Editor	None	None	12:01 PM 10/25/2017	None	['None']
chct-00054	FACT CHECK: Those Photos Of Anderson Cooper In Waist-Deep Water 'Exaggerating' Flooding Aren't From Florence	verdict: false	http://checkyourfact.com/2018/09/18/fact-check-anderson-cooper-florence-flooding/	None	None	None	Emily Larsen | Fact Check Reporter	None	None	11:40 AM 09/18/2018	None	['None']
chct-00125	FACT CHECK: How Many Long Islanders Were Killed By MS-13 In The Last Year?	verdict: false	http://checkyourfact.com/2018/05/27/fact-check-ms-13-long-island/	None	None	None	David Sivak | Fact Check Editor	None	None	6:19 PM 05/27/2018	None	['None']
chct-00171	FACT CHECK: Did Cambridge Analytica 'Hack' Facebook?	verdict: false	http://checkyourfact.com/2018/03/22/fact-check-cambridge-analytica-hack-facebook/	None	None	None	Emily Larsen | Fact Check Reporter	None	None	5:30 PM 03/22/2018	None	['None']
chct-00133	Trump Claims Iran's Military Budget Has Grown Nearly 40 percent Since The Iran Deal. Let's Fact-Check It	verdict: unsubstantiated	http://checkyourfact.com/2018/05/14/fact-check-iran-military-nuclear-deal/	None	None	None	David Sivak | Fact Check Editor	None	None	3:31 PM 05/14/2018	None	['Iran']
chct-00048	FACT CHECK: Was Kavanaugh Accuser Deborah Ramirez A Soros Fellow?	verdict: false	http://checkyourfact.com/2018/09/24/fact-check-kavanaugh-deborah-ramirez-soros/	None	None	None	Emily Larsen | Fact Check Reporter	None	None	5:23 PM 09/24/2018	None	['None']
chct-00329	FACT CHECK: Did Bush Encourage China To Join The World Trade Organization?	verdict: true	http://checkyourfact.com/2017/09/11/fact-check-did-bush-support-china-joining-the-world-trade-organization/	None	None	None	David Sivak | Fact Check Editor	None	None	7:29 PM 09/11/2017	None	['None']
chct-00270	FACT CHECK: Did 53 Pastors Defend Roy Moore Against Sexual Assault Allegations?	verdict: false	http://checkyourfact.com/2017/11/14/fact-check-did-53-pastors-defend-roy-moore-against-sexual-assault-allegations/	None	None	None	David Sivak | Fact Check Editor	None	None	6:49 PM 11/14/2017	None	['None']
chct-00066	FACT CHECK: Did Kavanaugh 'Pull His Hand Back' From The Parkland Victim's Dad?	verdict: false	http://checkyourfact.com/2018/09/06/fact-check-kavanaugh-parkland-guttenberg/	None	None	None	Emily Larsen | Fact Check Reporter	None	None	9:30 AM 09/06/2018	None	['None']
chct-00131	FACT CHECK: Has Trump Appointed 1 In Every 8 Circuit Court Judges?	verdict: true	http://checkyourfact.com/2018/05/18/fact-check-trump-circuit-court-judges/	None	None	None	David Sivak | Fact Check Editor	None	None	4:11 PM 05/18/2018	None	['None']
chct-00257	FACT CHECK: Did Al Franken Admit To Wrongdoing, Inappropriate Behavior?	verdict: false	http://checkyourfact.com/2017/12/12/fact-check-did-al-franken-admit-to-wrongdoing-inappropriate-behavior/	None	None	None	Kush Desai | Fact Check Reporter	None	None	1:54 PM 12/12/2017	None	['None']
chct-00283	FACT CHECK: ThinkProgress Founder Claims Clinton Couldn’t Have Blocked The Sale of Uranium One	verdict: false	http://checkyourfact.com/2017/10/31/fact-check-thinkprogress-founder-claims-clinton-couldnt-have-blocked-the-sale-of-uranium-one/	None	None	None	David Sivak | Fact Check Editor	None	None	5:13 PM 10/31/2017	None	['None']
chct-00160	FACT CHECK: Can Governors Refuse Trump’s Request To Send The National Guard To The Border?	verdict: true	http://checkyourfact.com/2018/04/06/fact-check-national-guard-border/	None	None	None	Emily Larsen | Fact Check Reporter	None	None	12:51 PM 04/06/2018	None	['None']
chct-00288	FACT CHECK: Does The US Lose ‘Almost All’ Trade Disputes?	verdict: false	http://checkyourfact.com/2017/10/26/fact-check-does-the-us-lose-almost-all-trade-disputes/	None	None	None	David Sivak | Fact Check Editor	None	None	3:38 PM 10/26/2017	None	['None']
chct-00068	Trump Flew To Indiana For A Rally - Here Are Three Checks On His Claims	none	http://checkyourfact.com/2018/08/31/fact-check-trump-indiana-rally-2/	None	None	None	David Sivak | Fact Check Editor	None	None	11:07 AM 08/31/2018	None	['None']
chct-00334	FACT CHECK: Is Unemployment In Black America The Lowest Since ‘The Turn Of The Millennium'?	verdict: false	http://checkyourfact.com/2017/09/06/fact-check-is-african-american-unemployment-the-lowest-since-the-turn-of-the-millennium/	None	None	None	Kush Desai | Fact Check Reporter	None	None	9:08 PM 09/06/2017	None	['None']
chct-00277	FACT CHECK: Has The RNC Raised Twice As Much Money As The DNC?	verdict: true	http://checkyourfact.com/2017/11/06/fact-check-has-the-rnc-raised-twice-as-much-money-as-the-dnc/	None	None	None	Kush Desai | Fact Check Reporter	None	None	12:00 PM 11/06/2017	None	['None']
chct-00300	FACT CHECK: ‘Almost 50% Of Gun Sales Do Not Happen Through Federally Licensed Dealers’	verdict: false	http://checkyourfact.com/2017/10/10/fact-check-almost-50-of-gun-sales-do-not-happen-through-federally-licensed-dealers/	None	None	None	David Sivak | Fact Check Editor	None	None	2:24 PM 10/10/2017	None	['None']
chct-00313	FACT CHECK: Does Puerto Rico Have ‘Billions’ In Debt?	verdict: true	http://checkyourfact.com/2017/09/26/fact-check-does-puerto-rico-have-billions-in-debt/	None	None	None	Kush Desai | Fact Check Reporter	None	None	7:05 PM 09/26/2017	None	['None']
chct-00200	FACT CHECK: Have There Been Over 1,600 Mass Shootings Since Sandy Hook?	verdict: unsubstantiated	http://checkyourfact.com/2018/02/18/fact-check-have-there-been-over-1600-mass-shootings-since-sandy-hook/	None	None	None	Emily Larsen | Fact Check Reporter	None	None	4:32 PM 02/18/2018	None	['None']
chct-00253	FACT CHECK: Would Working Class Families Only Get A ‘Couple Hundred Dollars’ Under The GOP Tax Plan?	verdict: false	http://checkyourfact.com/2017/12/16/fact-check-would-working-class-families-only-get-a-couple-hundred-dollars-under-the-gop-tax-plan/	None	None	None	Kush Desai | Fact Check Reporter	None	None	8:36 AM 12/16/2017	None	['None']
chct-00165	FACT CHECK: Are More People Killed By ‘Hammers And Fists’ Than AR-15s?	verdict: true	http://checkyourfact.com/2018/03/29/fact-check-hammers-fists-rifles/	None	None	None	Kush Desai | Fact Check Reporter	None	None	11:12 AM 03/29/2018	None	['None']
chct-00114	FACT CHECK: Is Trump The Oldest President Ever Elected?	verdict: true	http://checkyourfact.com/2018/06/15/fact-check-trump-oldest-president-elected/	None	None	None	David Sivak | Fact Check Editor	None	None	5:42 PM 06/15/2018	None	['None']
chct-00183	FACT CHECK: Does The US Import Most Of Its Steel From Canada?	verdict: false	http://checkyourfact.com/2018/03/09/fact-check-us-import-most-steel-canada/	None	None	None	Emily Larsen | Fact Check Reporter	None	None	9:09 AM 03/09/2018	None	['None']
chct-00032	FACT CHECK: Have More Than 1.8 Million Jobs Been Created Since Tax Reform Became Law?	verdict: true	http://checkyourfact.com/2018/10/12/fact-check-1-8-million-jobs-tax-reform/	None	None	None	Shane Devine | Fact Check Reporter	None	None	9:25 AM 10/12/2018	None	['None']
chct-00040	FACT CHECK: Are Republicans Racking Up Record Deficits?	verdict: false	http://checkyourfact.com/2018/10/04/fact-check-republicans-record-deficits/	None	None	None	Shane Devine | Fact Check Reporter	None	None	3:55 PM 10/04/2018	None	['None']
chct-00298	FACT CHECK: Is The FBI Agent Leading The Vegas Shooter Investigation John Podesta's Son-In-Law?	verdict: false	http://checkyourfact.com/2017/10/11/fact-check-is-the-fbi-agent-leading-the-vegas-shooter-investigation-john-podestas-son-in-law/	None	None	None	David Sivak | Fact Check Editor	None	None	5:02 PM 10/11/2017	None	['Federal_Bureau_of_Investigation']
chct-00258	FACT CHECK: Would The GOP Tax Bill Cut Medicare?	verdict: unsubstantiated	http://checkyourfact.com/2017/12/12/fact-check-would-the-gop-tax-bill-cut-medicare/	None	None	None	Emily Larsen | Fact Check Reporter	None	None	9:45 AM 12/12/2017	None	['None']
chct-00197	FACT CHECK: Are Most Gun Crimes Committed With Handguns?	verdict: true	http://checkyourfact.com/2018/02/20/fact-check-gun-crime-handguns-rifles/	None	None	None	Emily Larsen | Fact Check Reporter	None	None	4:09 PM 02/20/2018	None	['None']
chct-00064	Business Investment Has Grown Under Trump - Here's How That Compares To Obama's Tenure	verdict: true	http://checkyourfact.com/2018/09/07/fact-check-johnson-business-investment-trump-obama/	None	None	None	Emily Larsen | Fact Check Reporter	None	None	3:24 PM 09/07/2018	None	['None']
chct-00322	FACT CHECK: Is Trump's Wall Really 'Already Under Construction'?	verdict: false	http://checkyourfact.com/2017/09/15/fact-check-is-trumps-wall-really-already-under-construction/	None	None	None	David Krayden | Ottawa Bureau Chief	None	None	6:18 PM 09/15/2017	None	['None']
chct-00286	FACT CHECK: Do Drug Overdoses Kill More Americans Than ‘Gun Homicides And Motor Vehicles’?	verdict: true	http://checkyourfact.com/2017/10/26/fact-check-do-drug-overdoses-kill-more-americans-than-gun-homicides-and-motor-vehicles/	None	None	None	Kush Desai | Fact Check Reporter	None	None	8:41 PM 10/26/2017	None	['None']
chct-00099	FACT CHECK: Did A GOP Senator Lie About Where He Was On July 4?	verdict: false	http://checkyourfact.com/2018/07/06/fact-check-gop-senator-lie-russia-july-4/	None	None	None	Emily Larsen | Fact Check Reporter	None	None	8:54 AM 07/06/2018	None	['None']
chct-00245	FACT CHECK: Does The UN Single Out Israel?	verdict: true	http://checkyourfact.com/2017/12/24/fact-check-does-the-un-single-out-israel/	None	None	None	David Sivak | Fact Check Editor	None	None	11:54 AM 12/24/2017	None	['None']
chct-00091	Hard Cash And 'Dirty Tricks': How The US Has Interfered In Foreign Elections	verdict: true	http://checkyourfact.com/2018/07/20/fact-check-us-interfered-foreign-elections/	None	None	None	Emily Larsen | Fact Check Reporter	None	None	4:23 PM 07/20/2018	None	['None']
chct-00293	FACT CHECK: Has The Uranium One Controversy Been ‘Debunked’?	verdict: false	http://checkyourfact.com/2017/10/23/fact-check-has-the-uranium-one-controversy-been-debunked/	None	None	None	David Sivak | Fact Check Editor	None	None	1:21 PM 10/23/2017	None	['None']
chct-00136	Trump Held A Rally In The Hoosier State - Let's Fact Check His Claims	none	http://checkyourfact.com/2018/05/11/fact-check-trump-indiana-rally/	None	None	None	David Sivak | Fact Check Editor	None	None	8:58 AM 05/11/2018	None	['None']
chct-00297	FACT CHECK: Is Half Of America Living Paycheck To Paycheck?	verdict: true	http://checkyourfact.com/2017/10/13/fact-check-is-half-of-america-living-paycheck-to-paycheck/	None	None	None	David Sivak | Fact Check Editor	None	None	5:43 PM 10/13/2017	None	['None']
chct-00008	FACT CHECK: Is The US The Only Country With Birthright Citizenship?	verdict: false	http://checkyourfact.com/2018/10/31/fact-check-us-birthright-citizenship/	None	None	None	Emily Larsen | Fact Check Reporter	None	None	4:43 PM 10/31/2018	None	['None']
chct-00310	FACT CHECK: Does The Death Tax Only Apply To Estates Worth More Than $11 Million?	verdict: false	http://checkyourfact.com/2017/09/29/fact-check-does-the-death-tax-only-apply-to-estates-worth-more-than-11-million/	None	None	None	David Sivak | Fact Check Editor	None	None	4:36 PM 09/29/2017	None	['None']
chct-00345	FACT CHECK: Has ’70%’ Of Islamic State Territory In Iraq Been Liberated?	verdict: true	http://checkyourfact.com/2017/08/28/fact-check-has-70-of-isis-territory-in-iraq-been-liberated/	None	None	None	Kush Desai | Fact Check Reporter	None	None	5:57 PM 08/28/2017	None	['None']
chct-00191	FACT CHECK: Did Benjamin Franklin Write A Book Called 'Fart Proudly'?	verdict: false	http://checkyourfact.com/2018/02/28/fact-check-did-benjamin-franklin-write-a-book-called-fart-proudly/	None	None	None	Emily Larsen | Fact Check Reporter	None	None	2:14 PM 02/28/2018	None	['None']
chct-00087	FACT CHECK: Trump Admin Takes Credit For Opening Brazil To American Beef	verdict: false	http://checkyourfact.com/2018/07/29/fact-check-trump-pence-brazil-beef/	None	None	None	David Sivak | Fact Check Editor	None	None	2:59 PM 07/29/2018	None	['None']
chct-00142	FACT CHECK: 4 Claims From Trump’s Michigan Rally	none	http://checkyourfact.com/2018/04/30/fact-check-trump-michigan-rally/	None	None	None	Emily Larsen | Fact Check Reporter	None	None	12:27 PM 04/30/2018	None	['None']
chct-00026	FACT CHECK: Has Global Approval Of The US 'Plummeted' Under Trump?	verdict: true	http://checkyourfact.com/2018/10/17/fact-check-global-approval-us-trump/	None	None	None	Emily Larsen | Fact Check Reporter	None	None	2:33 PM 10/17/2018	None	['None']
chct-00162	FACT CHECK: Does Amazon Cost The Postal Service A 'Fortune'?	verdict: unsubstantiated	http://checkyourfact.com/2018/04/04/fact-check-does-amazon-cost-the-postal-service-a-fortune/	None	None	None	Emily Larsen | Fact Check Reporter	None	None	9:40 AM 04/04/2018	None	['None']
chct-00005	FACT CHECK: Jake Tapper Says Homelessness Is Up Nearly 50 Percent In Los Angeles Since 2013	verdict: false	http://checkyourfact.com/2018/11/02/fact-check-homeless-50-percent-los-angeles/	None	None	None	Shane Devine | Fact Check Reporter	None	None	10:46 AM 11/02/2018	None	['Los_Angeles']
chct-00151	FACT CHECK: Did Obama Think He Needed Congressional Approval To Strike Syria?	verdict: false	http://checkyourfact.com/2018/04/17/fact-check-obama-congressional-approval-syria/	None	None	None	Emily Larsen | Fact Check Reporter	None	None	1:45 PM 04/17/2018	None	['None']
chct-00159	FACT CHECK: Are Aluminum Prices Down Since Trump Enacted Tariffs?	verdict: true	http://checkyourfact.com/2018/04/07/fact-check-are-aluminum-prices-down-since-trump-enacted-tariffs/	None	None	None	Emily Larsen | Fact Check Reporter	None	None	12:31 PM 04/07/2018	None	['None']
chct-00148	FACT CHECK: Is The Anti-Defamation League 'Anti-Black'?	verdict: false	http://checkyourfact.com/2018/04/20/fact-check-anti-defamation-league-anti-black/	None	None	None	David Sivak | Fact Check Editor	None	None	5:44 PM 04/20/2018	None	['None']
chct-00088	FACT CHECK: Did Trump Get More Of The Women’s Vote Than Hillary Clinton?	verdict: false	http://checkyourfact.com/2018/07/27/fact-check-trump-womens-vote-hillary-clinton/	None	None	None	Emily Larsen | Fact Check Reporter	None	None	10:22 PM 07/27/2018	None	['None']
chct-00285	FACT CHECK: Did Flake Really Have Almost No Chance Of Re-Election, As Trump Claims?	verdict: true	http://checkyourfact.com/2017/10/27/fact-check-did-flake-really-have-almost-no-chance-of-re-election-as-trump-claims/	None	None	None	Erich Reimer | Contributor	None	None	11:44 AM 10/27/2017	None	['None']
chct-00269	FACT CHECK: Is US Defense Spending At Near-Historic Lows?	verdict: true	http://checkyourfact.com/2017/11/16/fact-check-is-us-defense-spending-at-near-historic-lows/	None	None	None	Kush Desai | Fact Check Reporter	None	None	6:27 PM 11/16/2017	None	['None']
chct-00240	The Truth Behind Trump's Commercial Aviation Tweet	verdict: false	http://checkyourfact.com/2018/01/03/fact-check-has-trump-been-very-strict-on-commercial-aviation/	None	None	None	Emily Larsen | Fact Check Reporter	None	None	6:06 PM 01/03/2018	None	['None']
chct-00039	FACT CHECK: Do Small Businesses Make Up 99 Percent Of Companies In North Dakota?	verdict: true	http://checkyourfact.com/2018/10/05/fact-check-small-business-north-dakota/	None	None	None	Brad Sylvester | Fact Check Reporter	None	None	10:48 AM 10/05/2018	None	['None']
chct-00344	FACT CHECK: Is Looting Happening In Houston?	verdict: true	http://checkyourfact.com/2017/08/28/fact-check-is-looting-happening-in-houston/	None	None	None	Ian Miles Cheong | Contributor	None	None	10:13 PM 08/28/2017	None	['None']
chct-00154	FACT CHECK: Did Thomas Jefferson Say, ‘When Injustice Becomes Law, Resistance Becomes Duty’?	verdict: false	http://checkyourfact.com/2018/04/13/fact-check-thomas-jefferson-quote/	None	None	None	David Sivak | Fact Check Editor	None	None	2:19 PM 04/13/2018	None	['None']
chct-00164	FACT CHECK: Do Americans Spend 42 Hours Per Year Stuck In Traffic?	verdict: true	http://checkyourfact.com/2018/03/31/fact-check-42-hours-per-year-traffic/	None	None	None	Emily Larsen | Fact Check Reporter	None	None	1:19 PM 03/31/2018	None	['None']
chct-00014	FACT CHECK: Is Alleged Bomber Cesar Sayoc A Registered Democrat?	verdict: false	http://checkyourfact.com/2018/10/28/fact-check-cesar-sayoc-registered-democrat/	None	None	None	Emily Larsen | Fact Check Reporter	None	None	9:20 AM 10/28/2018	None	['None']
chct-00152	FACT CHECK: Has The US Only Admitted 11 Syrian Refugees In 2018?	verdict: true	http://checkyourfact.com/2018/04/16/fact-check-11-syrian-refugees-2018/	None	None	None	David Sivak | Fact Check Editor	None	None	3:43 PM 04/16/2018	None	['None']
chct-00141	FACT CHECK: Were Election Campaigns Hacked Before 2016?	verdict: true	http://checkyourfact.com/2018/05/03/fact-check-were-election-campaigns-hacked-before-2016/	None	None	None	Emily Larsen | Fact Check Reporter	None	None	9:01 AM 05/03/2018	None	['None']
chct-00163	FACT CHECK: Were 40% Of Bridges Built Before The First Moon Landing?	verdict: true	http://checkyourfact.com/2018/04/01/fact-check-40-percent-bridges-moon-landing/	None	None	None	David Sivak | Fact Check Editor	None	None	9:33 AM 04/01/2018	None	['None']
chct-00196	FACT CHECK: Is One Of The Parkland Shooting Survivors Actually A 27-Year-Old Criminal?	verdict: false	http://checkyourfact.com/2018/02/22/fact-check-is-one-of-the-parkland-shooting-survivors-actually-a-27-year-old-criminal/	None	None	None	Emily Larsen | Fact Check Reporter	None	None	4:36 PM 02/22/2018	None	['None']
chct-00002	FACT CHECK: Are The 2018 Midterms The Most Expensive In History?	verdict: true	http://checkyourfact.com/2018/11/05/fact-check-midterms-most-expensive-history/	None	None	None	Brad Sylvester | Fact Check Reporter	None	None	4:56 PM 11/05/2018	None	['None']
chct-00034	FACT CHECK: Stephen King Claims That Susan Collins Was Silent On ‘Unfair’ Treatment Of Merrick Garland	verdict: false	http://checkyourfact.com/2018/10/10/fact-check-stephen-king-susan-collins-silent-garland/	None	None	None	Emily Larsen | Fact Check Reporter	None	None	12:46 PM 10/10/2018	None	['None']
chct-00346	FACT CHECK: Has Hurricane Harvey Caused Once-In-500-Year Flooding?	verdict: true	http://checkyourfact.com/2017/08/28/fact-check-has-hurricane-harvey-caused-once-in-500-year-flooding/	None	None	None	David Sivak | Fact Check Editor	None	None	11:41 AM 08/28/2017	None	['None']
chct-00150	FACT CHECK: Trump Says Rasmussen Was One Of The Most Accurate Pollsters On Election Day	verdict: true	http://checkyourfact.com/2018/04/19/fact-check-rasmussen-accurate-election-2016/	None	None	None	Emily Larsen | Fact Check Reporter	None	None	4:40 PM 04/19/2018	None	['None']
chct-00074	Trump Traveled To West Virginia For A Rally - Here Are Four Checks On His Claims	none	http://checkyourfact.com/2018/08/22/fact-check-trump-rally-west-virginia/	None	None	None	Emily Larsen | Fact Check Reporter	None	None	12:34 PM 08/22/2018	None	['None']
chct-00265	FACT CHECK: Did Top Democrats Support Corporate Tax Cuts?	verdict: true	http://checkyourfact.com/2017/11/30/fact-check-did-top-democrats-support-corporate-tax-cuts/	None	None	None	Kush Desai | Fact Check Reporter	None	None	8:52 PM 11/30/2017	None	['None']
chct-00036	FACT CHECK: Do The Senators Who Voted To Confirm Kavanaugh Represent 44 Percent Of The US Population?	verdict: true	http://checkyourfact.com/2018/10/09/fact-check-senate-kavanaugh-44-percent/	None	None	None	Emily Larsen | Fact Check Reporter	None	None	3:01 PM 10/09/2018	None	['None']
chct-00221	FACT CHECK: Trump Says His Border Wall Plan Has 'Never Changed Or Evolved'	none	http://checkyourfact.com/2018/01/22/fact-check-trump-says-his-border-wall-plan-has-never-changed-or-evolved/	None	None	None	Emily Larsen | Fact Check Reporter	None	None	11:29 AM 01/22/2018	None	['None']
chct-00268	FACT CHECK: Was MoveOn.org Founded To ‘Move On’ From Bill Clinton’s Sex Scandal?	verdict: true	http://checkyourfact.com/2017/11/17/fact-check-was-moveon-org-founded-to-move-on-from-bill-clintons-sex-scandal/	None	None	None	Kush Desai | Fact Check Reporter	None	None	6:14 PM 11/17/2017	None	['Bill_Clinton']
chct-00038	FACT CHECK: Tweet Shows Exponential Growth In Planned Parenthood Campaign Contributions From 2014 To 2018	verdict: false	http://checkyourfact.com/2018/10/07/fact-check-planned-parenthood-democrats-2018/	None	None	None	Emily Larsen | Fact Check Reporter	None	None	10:07 PM 10/07/2018	None	['None']
chct-00041	Dying From Childbirth - Is The Rate Of Maternal Mortality On The Rise?	verdict: true	http://checkyourfact.com/2018/10/03/fact-check-maternal-mortality-us/	None	None	None	Brad Sylvester | Fact Check Reporter	None	None	4:16 PM 10/03/2018	None	['None']
chct-00215	FACT CHECK: 5 Claims Made By Trump During His First State Of The Union	none	http://checkyourfact.com/2018/01/31/fact-check-5-claims-made-by-trump-during-his-first-state-of-the-union/	None	None	None	Kush Desai and Emily Larsen | Contributor	None	None	2:55 AM 01/31/2018	None	['None']
chct-00071	FACT CHECK: Have Democrats Nominated A Record Number Of Female Candidates For Governor?	verdict: true	http://checkyourfact.com/2018/08/26/fact-check-democrats-record-female-candidates-governor/	None	None	None	David Sivak | Fact Check Editor	None	None	11:02 PM 08/26/2018	None	['None']
chct-00013	FACT CHECK: Charlie Kirk Says Hungary Built A Border Wall And Illegal Immigration 'Collapsed' - Is That True?	verdict: true	http://checkyourfact.com/2018/10/28/fact-check-hungary-99-percent-border-wall/	None	None	None	Brad Sylvester | Fact Check Reporter	None	None	4:33 PM 10/28/2018	None	['Hungary']
chct-00050	FACT CHECK: Has The US Seized 317 Million Lethal Doses Of Fentanyl This Year?	verdict: true	http://checkyourfact.com/2018/09/21/fact-check-lethal-fentanyl/	None	None	None	Brad Sylvester | Fact Check Reporter	None	None	6:01 PM 09/21/2018	None	['None']
chct-00348	FACT CHECK: Did Clapper Get ‘Caught Lying To Congress’?	verdict: unsubstantiated	http://checkyourfact.com/2017/08/24/fact-check-did-clapper-get-caught-lying-to-congress/	None	None	None	Kush Desai | Fact Check Reporter	None	None	5:13 PM 08/24/2017	None	['None']
chct-00244	How Much Did The U.S. Actually Spend To Fund A Clown School In Argentina?	verdict: true	http://checkyourfact.com/2017/12/25/fact-check-did-the-us-spend-300k-to-fund-a-clown-school-in-argentina/	None	None	None	David Sivak | Fact Check Editor	None	None	1:43 PM 12/25/2017	None	['None']
chct-00279	FACT CHECK: Does The Mortgage Interest Deduction Not Affect The Wealthy?	verdict: false	http://checkyourfact.com/2017/11/04/fact-check-does-the-mortgage-interest-deduction-not-affect-the-wealthy/	None	None	None	Kush Desai | Fact Check Reporter	None	None	8:14 AM 11/04/2017	None	['None']
chct-00113	FACT CHECK: Has North Korea Not Tested Missiles In 7 Months?	verdict: true	http://checkyourfact.com/2018/06/17/fact-check-north-korea-missiles/	None	None	None	Emily Larsen | Fact Check Reporter	None	None	9:57 AM 06/17/2018	None	['None']
chct-00284	FACT CHECK: Did The CIA Director Call The Trump Dossier The ‘Foundation’ Of The Russia Investigation?	verdict: false	http://checkyourfact.com/2017/10/27/fact-check-did-the-cia-director-call-the-trump-dossier-the-foundation-of-the-russia-investigation/	None	None	None	David Sivak | Fact Check Editor	None	None	12:37 PM 10/27/2017	None	['None']
chct-00238	FACT CHECK: WaPo Claims 'Gang Of Eight' Immigration Bill Would Have Decreased Legal Immigration	verdict: false	http://checkyourfact.com/2018/01/05/fact-check-wapo-claims-gang-of-eight-immigration-bill-would-have-decreased-legal-immigration/	None	None	None	Emily Larsen | Fact Check Reporter	None	None	1:33 PM 01/05/2018	None	['None']
chct-00033	FACT CHECK: Was A Police Officer Assaulted Every 9 Minutes In 2016?	verdict: true	http://checkyourfact.com/2018/10/11/fact-check-police-assaulted-9-minutes-2016/	None	None	None	Brad Sylvester | Fact Check Reporter	None	None	2:37 PM 10/11/2018	None	['None']
chct-00174	FACT CHECK: Does The US Have A Trade Deficit With Canada?	verdict: false	http://checkyourfact.com/2018/03/16/fact-check-does-the-us-have-a-trade-deficit-with-canada/	None	None	None	Emily Larsen | Fact Check Reporter	None	None	2:00 PM 03/16/2018	None	['None']
chct-00301	FACT CHECK: Did Trump Roll Back Birth Control Coverage For ‘62.4 MILLION Women’?	verdict: false	http://checkyourfact.com/2017/10/06/fact-check-did-trump-roll-back-birth-control-coverage-for-62-4-million-women/	None	None	None	Kush Desai | Fact Check Reporter	None	None	7:55 PM 10/06/2017	None	['None']
chct-00323	FACT CHECK: Was There Violence On Both Sides Of Charlottesville?	verdict: true	http://checkyourfact.com/2017/09/15/fact-check-was-there-violence-on-both-sides-of-charlottesville/	None	None	None	Holmes Lybrand | Fact Check Editor at The Daily Caller News Foundation	None	None	5:30 PM 09/15/2017	None	['None']
chct-00251	FACT CHECK: Have Republicans 'Ignored' The CHIP Program?	verdict: false	http://checkyourfact.com/2017/12/19/fact-check-have-republicans-ignored-the-chip-program/	None	None	None	Emily Larsen | Fact Check Reporter	None	None	1:27 PM 12/19/2017	None	['None']
chct-00234	FACT CHECK: Is Ivanka Trump Pregnant?	verdict: false	http://checkyourfact.com/2018/01/10/fact-check-is-ivanka-trump-pregnant/	None	None	None	David Sivak | Fact Check Editor	None	None	12:27 PM 01/10/2018	None	['None']
chct-00044	FACT CHECK: Trump Claims He Signed Into Law The Largest Military Budget On Record	verdict: false	http://checkyourfact.com/2018/09/29/fact-check-700-billion-military-budget-record/	None	None	None	Brad Sylvester | Fact Check Reporter	None	None	3:13 PM 09/29/2018	None	['None']
chct-00167	FACT CHECK: Did March For Our Lives Draw 850,000 People?	verdict: false	http://checkyourfact.com/2018/03/27/fact-check-did-march-for-our-lives-draw-850000-people/	None	None	None	Kush Desai | Fact Check Reporter	None	None	10:38 AM 03/27/2018	None	['None']
chct-00021	FACT CHECK: Do Only 9 Percent Of Oil Imports Come From Saudi Arabia?	verdict: true	http://checkyourfact.com/2018/10/21/fact-check-do-only-9-percent-of-oil-imports-come-from-saudi-arabia/	None	None	None	Shane Devine | Fact Check Reporter	None	None	5:39 PM 10/21/2018	None	['None']
chct-00024	FACT CHECK: How Many Journalists Have Been Killed In 2018?	verdict: true	http://checkyourfact.com/2018/10/19/fact-check-journalists-killed-2018/	None	None	None	Brad Sylvester | Fact Check Reporter	None	None	11:14 AM 10/19/2018	None	['None']
chct-00343	FACT CHECK: Did Sheriff Joe Arpaio Lose A 'Fairly Close Election'?	verdict: unsubstantiated	http://checkyourfact.com/2017/08/30/fact-check-did-sheriff-joe-arpaio-lose-a-fairly-close-election/	None	None	None	David Sivak | Fact Check Editor	None	None	11:28 AM 08/30/2017	None	['None']
chct-00139	FACT CHECK: Was Kanye West Scheduled To Be On Infowars?	verdict: false	http://checkyourfact.com/2018/05/04/fact-check-kanye-west-infowars/	None	None	None	Emily Larsen | Fact Check Reporter	None	None	10:41 AM 05/04/2018	None	['None']
chct-00067	FACT CHECK: Did Google Not Highlight Trump’s SOTU Speech After Promoting Obama’s?	verdict: false	http://checkyourfact.com/2018/08/31/fact-check-google-trump-sotu-obama/	None	None	None	Emily Larsen | Fact Check Reporter	None	None	6:10 PM 08/31/2018	None	['None']
chct-00260	FACT CHECK: 5 Claims Made By Trump During His Pensacola Speech	none	http://checkyourfact.com/2017/12/10/fact-check-5-claims-made-by-trump-during-his-pensacola-speech/	None	None	None	Kush Desai | Fact Check Reporter	None	None	12:02 PM 12/10/2017	None	['None']
chct-00001	FACT CHECK: 3 Claims From Trump's Rally In Ohio	none	http://checkyourfact.com/2018/11/06/fact-check-trump-rally-ohio/	None	None	None	David Sivak | Fact Check Editor	None	None	1:25 PM 11/06/2018	None	['None']
chct-00211	FACT CHECK: Was Trump’s State Of The Union The Most Watched In History?	verdict: false	http://checkyourfact.com/2018/02/01/fact-check-was-trumps-state-of-the-union-the-most-watched-in-history/	None	None	None	Kush Desai | Fact Check Reporter	None	None	1:57 PM 02/01/2018	None	['None']
chct-00220	FACT CHECK: Has The Illegal Immigrant Population More Than Doubled Since 2006?	verdict: false	http://checkyourfact.com/2018/01/23/fact-check-has-illegal-immigrant-undocumented-population-more-than-doubled-since-2006/	None	None	None	Emily Larsen | Fact Check Reporter	None	None	8:41 PM 01/23/2018	None	['None']
chct-00030	FACT CHECK: ‘The Last Time The American Job Market Was This Strong, Astronauts Were Still Going To The Moon’	verdict: true	http://checkyourfact.com/2018/10/12/fact-check-job-market-astronauts-moon/	None	None	None	Brad Sylvester | Fact Check Reporter	None	None	5:57 PM 10/12/2018	None	['None']
chct-00156	FACT CHECK: Did Facebook Warn The 2016 Campaigns About Russian Hacking?	verdict: false	http://checkyourfact.com/2018/04/11/fact-check-facebook-2016-campaign-russia-hack/	None	None	None	David Sivak | Fact Check Editor	None	None	2:17 PM 04/11/2018	None	['None']
chct-00330	FACT CHECK: Did Obama Spend $1 Trillion ‘To Upgrade The Nuclear Arsenal’?	verdict: true	http://checkyourfact.com/2017/09/11/fact-check-did-obama-spend-1-trillion-to-upgrade-the-nuclear-arsenal/	None	None	None	Kush Desai | Fact Check Reporter	None	None	5:13 PM 09/11/2017	None	['None']
chct-00341	FACT CHECK: Did Most Of Hurricane Sandy Bill Have 'Nothing To Do With Sandy'?	verdict: false	http://checkyourfact.com/2017/08/31/fact-check-did-most-of-hurricane-sandy-bill-have-nothing-to-do-with-sandy/	None	None	None	David Krayden | Ottawa Bureau Chief	None	None	8:54 AM 08/31/2017	None	['None']
chct-00232	FACT CHECK: Did 200,000 Salvadorans With Temporary Protected Status Flee Natural Disaster?	verdict: false	http://checkyourfact.com/2018/01/11/fact-check-did-200000-salvadorans-with-temporary-protected-status-flee-natural-disaster/	None	None	None	Emily Larsen | Fact Check Reporter	None	None	2:56 PM 01/11/2018	None	['None']
chct-00153	FACT CHECK: Did Pelosi Campaign On ‘Draining The Swamp’?	verdict: true	http://checkyourfact.com/2018/04/13/fact-check-did-pelosi-campaign-on-draining-the-swamp/	None	None	None	Emily Larsen | Fact Check Reporter	None	None	6:16 PM 04/13/2018	None	['None']
chct-00294	FACT CHECK: Is 'Empty Barrel' A Racist Term?	verdict: false	http://checkyourfact.com/2017/10/20/fact-check-is-empty-barrel-a-racist-term/	None	None	None	David Sivak | Fact Check Editor	None	None	1:51 PM 10/20/2017	None	['None']
chct-00052	FACT CHECK: Have Assault Weapons Been Used In ‘Hundreds’ Of School Shootings?	verdict: false	http://checkyourfact.com/2018/09/21/fact-check-assault-weapons-school-shootings/	None	None	None	Brad Sylvester | Fact Check Reporter	None	None	9:21 AM 09/21/2018	None	['None']
chct-00143	FACT CHECK: 4 Claims By Diamond and Silk At The Social Media Congressional Hearing	none	http://checkyourfact.com/2018/04/27/fact-check-diamond-and-silk/	None	None	None	Emily Larsen | Fact Check Reporter	None	None	6:30 PM 04/27/2018	None	['None']
chct-00118	Does Canada Really Charge A 270% Tariff On US Dairy?	verdict: true	http://checkyourfact.com/2018/06/11/fact-check-canada-270-percent-tariff-dairy/	None	None	None	Emily Larsen | Fact Check Reporter	None	None	2:58 PM 06/11/2018	None	['None']
chct-00025	FACT CHECK: Do Whites Make Up The Largest Share Of Food Stamps, Medicaid Recipients?	verdict: true	http://checkyourfact.com/2018/10/18/fact-check-whites-medicaid-food-stamps/	None	None	None	Shane Devine | Fact Check Reporter	None	None	2:08 PM 10/18/2018	None	['None']
chct-00203	FACT CHECK: Do 1 In 5 People In The US Speak Spanish?	verdict: false	http://checkyourfact.com/2018/02/14/fact-check-do-one-in-five-people-in-us-speak-spanish/	None	None	None	Emily Larsen | Fact Check Reporter	None	None	2:06 PM 02/14/2018	None	['None']
chct-00129	FAKE NEWS: CNN Falsely Claims There Aren't 13 Democrats On The Mueller Probe	verdict: false	http://checkyourfact.com/2018/05/22/fact-check-cnn-claims-there-arent-13-democrats-on-the-mueller-team/	None	None	None	David Sivak | Fact Check Editor	None	None	11:15 AM 05/22/2018	None	['Democratic_Party_(United_States)']
chct-00015	FACT CHECK: Andrew Cuomo Said The First Terror Attack In New York City Was In 1993, But There Were Many Before Then	verdict: false	http://checkyourfact.com/2018/10/26/fact-check-andrew-cuomo-first-terror-attack-new-york-city-1993/	None	None	None	Emily Larsen | Fact Check Reporter	None	None	4:53 PM 10/26/2018	None	['New_York_City']
chct-00189	FACT CHECK: Did The NRA Back A Lawsuit That Weakened Background Checks?	verdict: true	http://checkyourfact.com/2018/03/02/fact-check-did-the-nra-back-a-lawsuit-that-weakened-background-checks/	None	None	None	Kush Desai | Fact Check Reporter	None	None	6:10 PM 03/02/2018	None	['None']
chct-00078	FACT CHECK: Did Black Support For Trump Double In One Year?	verdict: unsubstantiated	http://checkyourfact.com/2018/08/17/fact-check-black-support-trump-double/	None	None	None	David Sivak | Fact Check Editor	None	None	10:25 AM 08/17/2018	None	['None']
chct-00053	FACT CHECK: Did Kavanaugh's Accuser Get Scathing Reviews On RateMyProfessors.com?	verdict: false	http://checkyourfact.com/2018/09/18/fact-check-kavanaugh-christine-ford-professor/	None	None	None	Emily Larsen | Fact Check Reporter	None	None	5:17 PM 09/18/2018	None	['None']
chct-00080	FACT CHECK: Brit Hume Claims That The Number Of Unaccompanied Minors Dwarfs The Number Separated At The Border	verdict: true	http://checkyourfact.com/2018/08/12/fact-check-brit-hume-unaccompanied-minors-forced-separation-border/	None	None	None	Emily Larsen | Fact Check Reporter	None	None	10:28 PM 08/12/2018	None	['None']
chct-00281	FACT CHECK: Is It Illegal to Own Multiple Passports?	verdict: false	http://checkyourfact.com/2017/11/02/fact-check-is-it-illegal-to-own-multiple-passports/	None	None	None	Kush Desai | Fact Check Reporter	None	None	10:20 PM 11/02/2017	None	['None']
chct-00187	FACT CHECK: What Percentage Of Americans Have Concealed Carry Permits?	verdict: true	http://checkyourfact.com/2018/03/05/fact-check-what-percentage-of-americans-have-concealed-carry-permits/	None	None	None	Kush Desai | Fact Check Reporter	None	None	3:41 PM 03/05/2018	None	['None']
chct-00124	Kamala Harris Says The Title X ‘Gag Rule’ Would Ban Clinics From Mentioning Abortion - Is That True?	verdict: false	http://checkyourfact.com/2018/05/31/fact-check-title-x-gag-rule-abortion/	None	None	None	Emily Larsen | Fact Check Reporter	None	None	1:23 PM 05/31/2018	None	['None']
chct-00233	FACT CHECK: Are Low-Skill Wages Growing At Their 'Fastest Pace Yet'?	verdict: false	http://checkyourfact.com/2018/01/11/fact-check-are-low-skill-wages-growing-at-their-fastest-pace-yet/	None	None	None	Kush Desai | Fact Check Reporter	None	None	1:57 PM 01/11/2018	None	['None']
chct-00252	FACT CHECK: Have Federal Regulations Increased Ninefold Since 1960?	verdict: true	http://checkyourfact.com/2017/12/18/fact-check-have-federal-regulations-increased-ninefold-since-1960/	None	None	None	David Sivak | Fact Check Editor	None	None	9:06 AM 12/18/2017	None	['None']
chct-00188	FACT CHECK: Toomey Says The NRA Hasn’t ‘Given Me A Dime Since 2010’	verdict: true	http://checkyourfact.com/2018/03/03/fact-check-toomey-nra-given-dime-since-2010/	None	None	None	Emily Larsen | Fact Check Reporter	None	None	1:11 PM 03/03/2018	None	['None']
chct-00198	FACT CHECK: Is It ‘President’s Day’ Or ‘Washington’s Birthday’?	verdict: true	http://checkyourfact.com/2018/02/19/fact-check-is-it-presidents-day-or-washingtons-birthday/	None	None	None	Kush Desai | Fact Check Reporter	None	None	4:35 PM 02/19/2018	None	['None']
chct-00213	FACT CHECK: Are There ‘Democrat Donors’ On The Mueller Team?	verdict: true	http://checkyourfact.com/2018/02/01/fact-check-are-there-democrat-donors-on-the-mueller-team/	None	None	None	Kush Desai | Fact Check Reporter	None	None	9:57 AM 02/01/2018	None	['None']
chct-00225	FACT CHECK: Did National Review Say That Nukes 'Will Only Kill Democrats And Minorities'?	verdict: false	http://checkyourfact.com/2018/01/18/fact-check-national-review-nukes-will-only-kill-democrats-and-minorities-joy-reid-newsweek/	None	None	None	Emily Larsen | Fact Check Reporter	None	None	4:40 PM 01/18/2018	None	['None']
chct-00106	FACT CHECK: 'Wages Are Growing At Their Fastest Rate Since 2008'	verdict: true	http://checkyourfact.com/2018/06/27/fact-check-wages-fastest-2008/	None	None	None	David Sivak | Fact Check Editor	None	None	11:52 AM 06/27/2018	None	['None']
chct-00079	FACT CHECK: Elizabeth Warren Says Massachusetts Has The Lowest Rate Of Gun Deaths Nationwide	verdict: true	http://checkyourfact.com/2018/08/14/fact-check-warren-massachusetts-lowest-gun-deaths/	None	None	None	Emily Larsen | Fact Check Reporter	None	None	5:34 PM 08/14/2018	None	['None']
chct-00047	FACT CHECK: Ro Khanna Argues For Term Limits, Claims That Members Of Congress Win Reelection 98 Percent Of The Time	verdict: true	http://checkyourfact.com/2018/09/26/fact-check-congress-reelected-98-percent/	None	None	None	David Sivak | Fact Check Editor	None	None	7:22 AM 09/26/2018	None	['None']
chct-00075	Omarosa Said A Hush Money Agreement She Was Offered Was ‘Unlawful’ - Was It?	verdict: unsubstantiated	http://checkyourfact.com/2018/08/20/fact-check-omarosa-said-a-hush-money-agreement-she-was-offered-was-unlawful-was-it/	None	None	None	Emily Larsen | Fact Check Reporter	None	None	9:18 PM 08/20/2018	None	['None']
chct-00350	FACT CHECK: Is Trump 'Not Even Close' To Being The Top Jobs President?	verdict: true	http://checkyourfact.com/2017/08/23/fact-check-is-trump-not-even-close-to-being-the-top-jobs-president-video/	None	None	None	David Sivak | Fact Check Editor	None	None	12:39 PM 08/23/2017	None	['None']
chct-00090	FACT CHECK: Trump Says The US And Russia Control 90 Percent Of The World's Nukes	verdict: true	http://checkyourfact.com/2018/07/23/fact-check-90-percent-nukes/	None	None	None	David Sivak | Fact Check Editor	None	None	9:23 AM 07/23/2018	None	['None']
chct-00306	FACT CHECK: Do Tighter Gun Control Laws Lead To Fewer Gun-Related Deaths?	verdict: unsubstantiated	http://checkyourfact.com/2017/10/03/fact-check-do-tighter-gun-control-laws-lead-to-fewer-gun-related-deaths/	None	None	None	David Sivak | Fact Check Editor	None	None	5:02 PM 10/03/2017	None	['None']
chct-00109	FACT CHECK: Did Small Business Optimism Just Hit A Record High?	verdict: false	http://checkyourfact.com/2018/06/22/fact-check-small-business-optimism-record-highs/	None	None	None	David Sivak | Fact Check Editor	None	None	4:07 PM 06/22/2018	None	['None']
chct-00176	FACT CHECK: Did Buffalo Wild Wings 'Ban' The National Anthem?	verdict: false	http://checkyourfact.com/2018/03/16/fact-check-buffalo-wild-wings-national-anthem/	None	None	None	David Sivak | Fact Check Editor	None	None	9:36 AM 03/16/2018	None	['None']
chct-00311	FACT CHECK: Does The Tax Code Cost 'Many Hours' And 'Billions And Billions Of Dollars'?	verdict: true	http://checkyourfact.com/2017/09/28/fact-check-does-the-tax-code-cost-many-hours-and-billions-and-billions-of-dollars/	None	None	None	Kush Desai | Fact Check Reporter	None	None	10:45 AM 09/28/2017	None	['None']
chct-00012	FACT CHECK: Here's Where Wisconsin Ranks This Year For Manufacturing Job Creation	verdict: true	http://checkyourfact.com/2018/10/28/fact-check-wisconsin-scott-walker-manufacturing-jobs/	None	None	None	Shane Devine | Fact Check Reporter	None	None	10:50 PM 10/28/2018	None	['None']
chct-00123	FACT CHECK: Is Europe The US’s Largest Trading Partner?	verdict: true	http://checkyourfact.com/2018/06/01/fact-check-europe-us-trade/	None	None	None	Emily Larsen | Fact Check Reporter	None	None	6:33 PM 06/01/2018	None	['None']
chct-00195	FACT CHECK: Does The NRA Have 2 Million Members?	verdict: false	http://checkyourfact.com/2018/02/23/fact-check-does-the-nra-have-2-million-members/	None	None	None	Kush Desai | Fact Check Reporter	None	None	10:48 AM 02/23/2018	None	['None']
chct-00261	FACT CHECK: Can A President Be Charged With Obstruction Of Justice?	verdict: unsubstantiated	http://checkyourfact.com/2017/12/07/fact-check-can-a-president-be-charged-with-obstruction-of-justice/	None	None	None	Emily Larsen | Fact Check Reporter	None	None	1:24 PM 12/07/2017	None	['None']
chct-00192	Fact Check: CNN Allowed The NRA To Be Called 'Child Murderers'	verdict: true	http://checkyourfact.com/2018/02/27/fact-check-cnn-stand-by-nra-child-murderers/	None	None	None	Jamie Gregora | Contributor	None	None	9:43 AM 02/27/2018	None	['None']
chct-00119	Does The US Export More To Canada Than These Three Countries Combined?	verdict: false	http://checkyourfact.com/2018/06/08/fact-check-export-canada-japan-uk-china/	None	None	None	Emily Larsen | Fact Check Reporter	None	None	10:37 AM 06/08/2018	None	['None']
chct-00347	FACT CHECK: Were Women Allowed To Wear Mini Skirts in 1970s Afghanistan?	verdict: true	http://checkyourfact.com/2017/08/26/fact-check-were-women-allowed-to-wear-mini-skirts-in-1970s-afghanistan/	None	None	None	David Sivak | Fact Check Editor	None	None	12:30 PM 08/26/2017	None	['None']
chct-00049	FACT CHECK: Three Checks On Trump’s Claims From His Las Vegas Rally	none	http://checkyourfact.com/2018/09/22/fact-check-trump-vegas-rally/	None	None	None	Emily Larsen | Fact Check Reporter	None	None	7:08 AM 09/22/2018	None	['None']
chct-00018	FACT CHECK: Do Saudi Arabia And Its Allies Spend 8 Times More Than Iran Militarily?	verdict: true	http://checkyourfact.com/2018/10/24/fact-check-saudi-arabia-allies-iran-8-times-military/	None	None	None	Emily Larsen | Fact Check Reporter	None	None	2:32 PM 10/24/2018	None	['None']
chct-00094	NYT Gets It Wrong On The Supreme Court, Declines To Issue Correction	verdict: false	http://checkyourfact.com/2018/07/17/fact-check-nyt-supreme-court/	None	None	None	David Sivak | Fact Check Editor	None	None	1:51 PM 07/17/2018	None	['None']
chct-00193	FACT CHECK: Sheriff Israel Claims His Dept. Only Received 23 Calls About Nikolas Cruz	verdict: false	http://checkyourfact.com/2018/02/26/fact-check-sheriff-israel-23-calls-nikolas-cruz/	None	None	None	Emily Larsen | Fact Check Reporter	None	None	5:45 PM 02/26/2018	None	['None']
chct-00146	FACT CHECK: Have Presidents Tried To Cancel Federal Spending 1,200 Times?	verdict: true	http://checkyourfact.com/2018/04/24/fact-check-presidents-cancel-spending-1200-times/	None	None	None	Emily Larsen | Fact Check Reporter	None	None	9:36 PM 04/24/2018	None	['None']
chct-00231	FACT CHECK: Did 10,000 People Die Because Of Social Security Disability Wait Times?	verdict: unsubstantiated	http://checkyourfact.com/2018/01/12/fact-check-did-10000-people-die-because-of-social-security-disability-wait-times/	None	None	None	Emily Larsen | Fact Check Reporter	None	None	2:02 PM 01/12/2018	None	['None']
chct-00302	FACT CHECK: Are Hispanic-Owned Businesses Growing At A ‘Tremendous Rate’?	verdict: true	http://checkyourfact.com/2017/10/06/fact-check-are-hispanic-owned-businesses-growing-at-a-tremendous-rate/	None	None	None	David Sivak | Fact Check Editor	None	None	7:32 PM 10/06/2017	None	['None']
chct-00299	FACT CHECK: Would New Jersey Be ‘Victim State Number One’ Under The GOP Tax Plan?	verdict: false	http://checkyourfact.com/2017/10/11/fact-check-would-new-jersey-be-victim-state-number-one-under-the-gop-tax-plan/	None	None	None	David Sivak | Fact Check Editor	None	None	12:51 PM 10/11/2017	None	['None']
chct-00296	FACT CHECK: Is Iran ‘Not Looking For’ War With The US?	verdict: false	http://checkyourfact.com/2017/10/16/fact-check-is-iran-not-looking-for-war-with-the-us/	None	None	None	Kush Desai | Fact Check Reporter	None	None	6:20 PM 10/16/2017	None	['Iran']
chct-00319	FACT CHECK: Individual Mandate Penalty Falls Heaviest On Families Making $50K Or Less	verdict: true	http://checkyourfact.com/2017/09/20/fact-check-individual-mandate-penalty-falls-heaviest-on-families-making-50k-or-less/	None	None	None	David Sivak | Fact Check Editor	None	None	6:03 PM 09/20/2017	None	['None']
chct-00004	FACT CHECK: Paul Ryan Says The House Has Passed A Thousand Bills This Session	verdict: true	http://checkyourfact.com/2018/11/02/fact-check-paul-ryan-house-1000-bills/	None	None	None	Emily Larsen | Fact Check Reporter	None	None	2:19 PM 11/02/2018	None	['None']
chct-00266	FACT CHECK: Have 10,000 Dreamers Lost Their DACA Status?	verdict: false	http://checkyourfact.com/2017/11/30/fact-check-have-10000-dreamers-lost-their-daca-status/	None	None	None	David Sivak | Fact Check Editor	None	None	1:40 PM 11/30/2017	None	['None']
chct-00161	FACT CHECK: How Much Would The 1968 Minimum Wage Be Worth Today?	verdict: true	http://checkyourfact.com/2018/04/06/fact-check-minimum-wage-1968-inflation/	None	None	None	David Sivak | Fact Check Editor	None	None	9:41 AM 04/06/2018	None	['None']
chct-00274	FACT CHECK: Would 80% Of GOP Tax Cuts Benefit The Top 1%?	verdict: false	http://checkyourfact.com/2017/11/09/fact-check-would-80-of-gop-tax-cuts-go-to-the-top-1/	None	None	None	David Sivak | Fact Check Editor	None	None	2:26 PM 11/09/2017	None	['None']
chct-00326	FACT CHECK: Do The ‘Majority’ Of Americans Find Single-Payer Health Care ‘A Horrible Idea’?	verdict: false	http://checkyourfact.com/2017/09/14/fact-check-do-the-majority-of-americans-find-single-payer-health-care-a-horrible-idea/	None	None	None	Kush Desai | Fact Check Reporter	None	None	3:18 PM 09/14/2017	None	['None']
chct-00256	FACT CHECK: Did 23 Million Americans Voice Opposition to Net Neutrality Repeal?	verdict: false	http://checkyourfact.com/2017/12/13/fact-check-did-23-million-americans-voice-opposition-to-net-neutrality-repeal/	None	None	None	Emily Larsen | Fact Check Reporter	None	None	9:17 AM 12/13/2017	None	['None']
chct-00219	FACT CHECK: Did Egyptian Scientists Find That Vaccines Cause Autism?	verdict: false	http://checkyourfact.com/2018/01/26/fact-check-did-egyptian-scientists-find-that-vaccines-cause-autism/	None	None	None	David Sivak | Fact Check Editor	None	None	3:21 PM 01/26/2018	None	['None']
chct-00103	FACT CHECK: Ocasio-Cortez Claims Illegal Immigration Wasn't Criminalized Before 1999	verdict: false	http://checkyourfact.com/2018/07/01/fact-check-illegal-immigration-criminalized/	None	None	None	Emily Larsen | Fact Check Reporter	None	None	1:32 PM 07/01/2018	None	['None']
chct-00102	FACT CHECK: Have There Really Been 60 Million Abortions Since Roe v. Wade?	verdict: true	http://checkyourfact.com/2018/07/03/fact-check-60-million-abortions/	None	None	None	David Sivak | Fact Check Editor	None	None	3:22 PM 07/03/2018	None	['None']
chct-00356	FACT CHECK: Did Robert E. Lee Oppose Slavery?	verdict: false	http://checkyourfact.com/2017/08/15/fact-check-did-robert-e-lee-oppose-slavery/	None	None	None	David Sivak | Fact Check Editor	None	None	5:50 PM 08/15/2017	None	['None']
chct-00112	FACT CHECK: Do Asylum Seekers Have To Illegally Enter The US?	verdict: false	http://checkyourfact.com/2018/06/20/fact-check-asylum-seekers-illegal-entry/	None	None	None	Emily Larsen | Fact Check Reporter	None	None	9:47 AM 06/20/2018	None	['None']
chct-00073	Does This Photo Show Journalists Running Out Of The Manafort Courtroom? Not So Fast	verdict: false	http://checkyourfact.com/2018/08/23/fact-check-photo-journalists-running-manafort-trial/	None	None	None	Emily Larsen | Fact Check Reporter	None	None	9:56 AM 08/23/2018	None	['None']
chct-00335	FACT CHECK: Does America's Complex Tax Code Benefit The Rich?	verdict: true	http://checkyourfact.com/2017/09/05/fact-check-does-americas-complex-tax-code-benefit-the-rich/	None	None	None	Kush Desai | Fact Check Reporter	None	None	10:06 PM 09/05/2017	None	['United_States']
chct-00247	FACT CHECK: Has Trump Had More 'Legislative Approvals' Than Any Other President?	verdict: false	http://checkyourfact.com/2017/12/22/fact-check-has-trump-had-more-legislative-approvals-than-any-other-president/	None	None	None	Emily Larsen | Fact Check Reporter	None	None	6:22 PM 12/22/2017	None	['None']
chct-00157	FACT CHECK: Trump’s Tweet on Chinese Car Tariffs	verdict: true	http://checkyourfact.com/2018/04/11/fact-check-trump-car-tariffs/	None	None	None	Emily Larsen | Fact Check Reporter	None	None	1:10 PM 04/11/2018	None	['None']
chct-00081	FACT CHECK: Are There More Records On Kavanaugh Than The Last Five SCOTUS Justices Combined?	verdict: true	http://checkyourfact.com/2018/08/09/fact-check-more-pages-kavanaugh-five-combined-supreme-court/	None	None	None	Emily Larsen | Fact Check Reporter	None	None	1:59 PM 08/09/2018	None	['None']
chct-00101	How Long Does It Take To Appoint A Supreme Court Nominee?	verdict: false	http://checkyourfact.com/2018/07/03/fact-check-67-days-supreme-court-nominee/	None	None	None	Emily Larsen | Fact Check Reporter	None	None	6:24 PM 07/03/2018	None	['None']
chct-00262	FACT CHECK: Did Hillary Clinton Lie To The FBI?	verdict: false	http://checkyourfact.com/2017/12/05/fact-check-did-hillary-clinton-lie-to-the-fbi/	None	None	None	David Sivak | Fact Check Editor	None	None	9:35 PM 12/05/2017	None	['None']
chct-00023	FACT CHECK: Does Elizabeth Warren Have Less Native American DNA Than The Typical White American?	verdict: false	http://checkyourfact.com/2018/10/19/fact-check-elizabeth-warren-native-american-dna-white/	None	None	None	Emily Larsen | Fact Check Reporter	None	None	4:57 PM 10/19/2018	None	['None']
chct-00194	FACT CHECK: Does An AR-15 Shoot 10 Bullets A Second?	verdict: false	http://checkyourfact.com/2018/02/24/fact-check-ar-15-bullets-a-second/	None	None	None	Ian Miles Cheong | Contributor	None	None	3:14 PM 02/24/2018	None	['None']
chct-00209	Amy Goodman Told CNN That Obama Deported More People Than ALL Previous Presidents Combined. We Fact Checked It	verdict: false	http://checkyourfact.com/2018/02/04/fact-check-did-obama-deport-more-iilegal-undocumented-immigrant-people-than-all-previous-presidents-combined/	None	None	None	Emily Larsen | Fact Check Reporter	None	None	11:28 AM 02/04/2018	None	['None']
chct-00355	FACT CHECK: Does Alabama Celebrate A Joint Robert E. Lee-Martin Luther King, Jr. Day?	verdict: true	http://checkyourfact.com/2017/08/15/fact-check-does-alabama-celebrate-robert-e-lee-and-martin-luther-king-jr-on-the-same-day/	None	None	None	Kush Desai | Fact Check Reporter	None	None	7:41 PM 08/15/2017	None	['None']
chct-00128	FACT CHECK: Are North Koreans 3 Inches Shorter Than South Koreans?	verdict: true	http://checkyourfact.com/2018/05/22/fact-check-north-koreans-shorter-south-koreans/	None	None	None	Emily Larsen | Fact Check Reporter	None	None	2:08 PM 05/22/2018	None	['None']
chct-00051	FACT CHECK: CNN's Chris Cillizza Claims That Trump Told The FBI To Ignore Kavanaugh Allegations	verdict: false	http://checkyourfact.com/2018/09/21/fact-check-trump-fbi-sexual-assault-kavanaugh/	None	None	None	Emily Larsen | Fact Check Reporter	None	None	12:32 PM 09/21/2018	None	['CNN', 'Federal_Bureau_of_Investigation']
chct-00318	FACT CHECK: Does Medicaid Cover A Third Of All Californians?	verdict: true	http://checkyourfact.com/2017/09/21/fact-check-does-medicaid-cover-a-third-of-all-californians/	None	None	None	Kush Desai | Fact Check Reporter	None	None	10:15 PM 09/21/2017	None	['None']
chct-00316	FACT CHECK: Are Tropical Storms Getting 'Bigger, Larger, More Violent'?	verdict: unsubstantiated	http://checkyourfact.com/2017/09/22/fact-check-are-tropical-storms-getting-bigger-larger-more-violent/	None	None	None	David Sivak | Fact Check Editor	None	None	3:46 PM 09/22/2017	None	['None']
chct-00314	FACT CHECK: Does The First Amendment Protect NFL Players’ Kneeling Protests?	verdict: false	http://checkyourfact.com/2017/09/26/fact-check-does-the-first-amendment-protect-nfl-players-kneeling-protests/	None	None	None	Kush Desai | Fact Check Reporter	None	None	1:19 PM 09/26/2017	None	['None']
chct-00082	FACT CHECK: Is It 'Perfectly Legal' To Print 3D Guns?	verdict: true	http://checkyourfact.com/2018/08/06/fact-check-legal-print-3d-guns/	None	None	None	Aaron Andrews | Contributor	None	None	3:52 PM 08/06/2018	None	['None']
chct-00096	FACT CHECK: HuffPost Claimed That The Senate Is Constitutionally Required To Vote On SCOTUS Nominees	verdict: false	http://checkyourfact.com/2018/07/10/fact-check-huffpost-scotus-nominees/	None	None	None	Emily Larsen | Fact Check Reporter	None	None	6:00 PM 07/10/2018	None	['None']
chct-00135	FACT CHECK: Haspel Said The 92 Destroyed CIA Tapes Showed Only 1 Detainee, But Records List 2	verdict: unsubstantiated	http://checkyourfact.com/2018/05/11/fact-check-haspel-92-cia-tapes/	None	None	None	Emily Larsen | Fact Check Reporter	None	None	2:34 PM 05/11/2018	None	['None']
chct-00169	FACT CHECK: Did Obama Congratulate Putin On His Election Victory?	verdict: true	http://checkyourfact.com/2018/03/24/fact-check-did-obama-congratulate-putin-on-his-election-victory/	None	None	None	Kush Desai | Fact Check Reporter	None	None	10:53 AM 03/24/2018	None	['None']
chct-00060	News Outlets Claim That Leaked Kavanaugh Emails Contradict His Testimony - Legal Experts Disagree	verdict: false	http://checkyourfact.com/2018/09/12/fact-check-kavanaugh-emails-contradict-testimony-roe/	None	None	None	Emily Larsen | Fact Check Reporter	None	None	2:09 PM 09/12/2018	None	['None']
chct-00057	Willie Nelson Will Headline For Beto O’Rourke - News Outlets Falsely Claim It's His First-Ever Concert For A Political Candidate	verdict: false	http://checkyourfact.com/2018/09/14/fact-check-willie-nelson-beto-orourke/	None	None	None	Emily Larsen | Fact Check Reporter	None	None	11:37 AM 09/14/2018	None	['None']
chct-00031	FACT CHECK: Does The US Really Pay For 70 Percent Of Japan’s Military?	verdict: false	http://checkyourfact.com/2018/10/12/fact-check-us-70-percent-japans-military/	None	None	None	Emily Larsen | Fact Check Reporter	None	None	3:51 PM 10/12/2018	None	['None']
chct-00223	FACT CHECK: Have Jobless Claims Dropped To A 45-Year Low?	verdict: true	http://checkyourfact.com/2018/01/19/fact-check-have-jobless-claims-dropped-to-a-45-year-low/	None	None	None	David Sivak | Fact Check Editor	None	None	5:46 PM 01/19/2018	None	['None']
chct-00158	FACT CHECK: Are 80% Of Migrant Women Raped On Their Journey To The US?	verdict: true	http://checkyourfact.com/2018/04/09/fact-check-80-percent-women-raped-mexico-us/	None	None	None	David Sivak | Fact Check Editor	None	None	4:52 PM 04/09/2018	None	['None']
chct-00201	FACT CHECK: Have There Been 18 School Shootings In 2018?	verdict: false	http://checkyourfact.com/2018/02/15/fact-check-18-school-shootings-2018/	None	None	None	Kush Desai | Fact Check Reporter	None	None	3:51 PM 02/15/2018	None	['None']
chct-00149	FACT CHECK: Is Starbucks Offering Free Drinks To People Of Color?	verdict: false	http://checkyourfact.com/2018/04/20/fact-check-starbucks-free-drinks/	None	None	None	Emily Larsen | Fact Check Reporter	None	None	4:23 PM 04/20/2018	None	['None']
chct-00353	CNN Posts Same Hate Group List Used By Family Research Council Shooter	none	http://checkyourfact.com/2017/08/17/cnn-posts-same-hate-group-list-used-by-family-research-council-shooter/	None	None	None	Holmes Lybrand | Fact Check Editor at The Daily Caller News Foundation	None	None	1:06 PM 08/17/2017	None	['None']
chct-00331	FACT CHECK: Are 'Seven Of the Nine' Wealthiest Counties Around DC?	verdict: false	http://checkyourfact.com/2017/09/11/fact-check-are-seven-of-the-nine-wealthiest-counties-around-dc/	None	None	None	Holmes Lybrand | Fact Check Editor at The Daily Caller News Foundation	None	None	4:46 PM 09/11/2017	None	['None']
chct-00226	FACT CHECK: Has Congress Passed Over 30 Continuing Resolutions In The Last 10 Years?	verdict: true	http://checkyourfact.com/2018/01/18/fact-check-has-congress-passed-over-30-continuing-resolutions-in-the-last-10-years/	None	None	None	Emily Larsen | Fact Check Reporter	None	None	2:56 PM 01/18/2018	None	['None']
chct-00321	FACT CHECK: Have Israeli and Hungarian Border Walls ‘Proven Remarkably Effective’?	verdict: true	http://checkyourfact.com/2017/09/18/fact-check-have-israeli-and-hungarian-border-walls-proven-remarkably-effective/	None	None	None	Kush Desai | Fact Check Reporter	None	None	6:27 PM 09/18/2017	None	['Israel']
chct-00227	FACT CHECK: Would Ending DACA Cost The Economy $460 Billion?	verdict: unsubstantiated	http://checkyourfact.com/2018/01/17/fact-check-would-ending-daca-cost-economy-460-billion/	None	None	None	Emily Larsen | Fact Check Reporter	None	None	2:27 PM 01/17/2018	None	['None']
chct-00273	FACT CHECK: Would ’Over 50 million’ Families Pay More Taxes Under The GOP Tax Bill?	verdict: false	http://checkyourfact.com/2017/11/09/fact-check-would-over-50-million-families-pay-more-taxes-under-the-gop-tax-bill/	None	None	None	Kush Desai | Fact Check Reporter	None	None	8:21 PM 11/09/2017	None	['None']
chct-00175	FACT CHECK: Is It 'St. Patty’s Day' Or 'St. Paddy’s Day'?	verdict: true	http://checkyourfact.com/2018/03/16/fact-check-is-it-st-pattys-day-or-st-paddys-day/	None	None	None	Kush Desai | Fact Check Reporter	None	None	12:25 PM 03/16/2018	None	['None']
chct-00287	FACT CHECK: Does The US Have A '$71 Billion' Trade Deficit With Mexico?	verdict: unsubstantiated	http://checkyourfact.com/2017/10/26/fact-check-does-the-us-have-a-71-billion-trade-deficit-with-mexico/	None	None	None	Kush Desai | Fact Check Reporter	None	None	5:25 PM 10/26/2017	None	['None']
chct-00204	FACT CHECK: Is The US Spending $50 Billion A Year In Afghanistan?	verdict: true	http://checkyourfact.com/2018/02/14/fact-check-is-the-us-spending-50-billion-a-year-in-afghanistan/	None	None	None	Kush Desai | Fact Check Reporter	None	None	10:19 AM 02/14/2018	None	['None']
chct-00237	FACT CHECK: Wolff Book Claims Kellyanne Conway ‘Had Never Been Involved In A National Campaign’	verdict: false	http://checkyourfact.com/2018/01/05/fact-check-wolff-book-claims-kellyanne-conway-had-never-been-involved-in-a-national-campaign/	None	None	None	Emily Larsen | Fact Check Reporter	None	None	8:04 PM 01/05/2018	None	['None']