wast-00160	I look at the 20,000 jobs that have left America because of the irresponsible medical-device tax"	2 pinnochios	 https://www.washingtonpost.com/news/fact-checker/wp/2017/03/16/the-claim-that-the-medical-device-tax-led-to-the-loss-of-20000-u-s-jobs/	None	None	Rep. Kevin Brady (R-Texas)	Michelle Ye Hee Lee	None	The claim that the medical-device tax led to the loss of 20,000 U.S. jobs	March 16, 2017	None	['United_States']
wast-00171	"I did not support the war in Iraq."	4 pinnochios	 https://www.washingtonpost.com/news/fact-checker/wp/2016/09/27/fact-checking-the-first-clinton-trump-presidential-debate/	None	None	Donald Trump	Glenn Kessler	None	Fact-checking the first Clinton-Trump presidential debate	September 27, 2016	None	['Iraq']
wast-00073	Kavanaugh, who could be presiding over a case should the Pres be indicted, thinks that the Pres can't stand trial. Trump has nominated a get-out-of-jail free card.	2 pinnochios	 https://www.washingtonpost.com/news/fact-checker/wp/2018/07/11/does-brett-kavanaugh-think-the-president-is-immune-from-criminal-charges/	None	None	Carolyn B. Maloney	Salvador Rizzo	None	Does Brett Kavanaugh think the president is immune from criminal charges?	July 11	None	['President_of_the_Philippines']
wast-00198	Hillary Clinton doesn\'t believe in your right to keep a gun at home for self-defense.	4 pinnochios	 https://www.washingtonpost.com/news/fact-checker/wp/2016/08/15/the-nras-false-claim-that-hillary-clinton-doesnt-believe-americans-can-keep-guns-at-home/	None	None	National Rifle Association	Glenn Kessler	None	The NRA's false claim that Hillary Clinton doesn't believe Americans can keep guns at home	August 15, 2016	None	['None']
wast-00194	"The policies put into place by Rudy ultimately brought down crime by 76 percent and murder by 84 percent."	3 pinnochios	 https://www.washingtonpost.com/news/fact-checker/wp/2016/08/19/trumps-claim-attributing-the-20-year-new-york-city-crime-decline-to-giulianis-policies/	None	None	Donald Trump	Michelle Ye Hee Lee	None	Trump's claim attributing the 20-year New York City crime decline to Giuliani's policies	August 19, 2016	None	['None']
wast-00080	The head of U.S. Steel called me the other day, and he said, \xe2\x80\x98We're opening up six major facilities and expanding facilities that have never been expanded.' They haven't been opened in many, many years.	4 pinnochios	 https://www.washingtonpost.com/news/fact-checker/wp/2018/06/28/president-trump-announces-a-major-u-s-steel-expansion-that-isnt-happening/	None	None	Donald Trump	Glenn Kessler	None	President Trump announces a major U.S. Steel expansion \xe2\x80\x94 that isn't happening	June 28	None	['None']
wast-00052	The reason that the Supreme Court upheld the Affordable Care Act is because they ruled that each of these monthly payments that everyday American make is a tax."	false	 https://www.washingtonpost.com/news/fact-checker/wp/2018/08/10/fact-checking-alexandria-ocasio-cortezs-media-blitz/	None	None	Alexandria Ocasio-Cortez	Glenn Kessler	None	Fact-checking Alexandria Ocasio-Cortez's media blitz	August 10	None	['United_States']
wast-00070	President Trump mentioned the issue of the so-called interference of Russia with the American elections, and I had to reiterate things I said several times, including during our personal contacts, that the Russian state has never interfered and is not going to interfere into internal American affairs, including election process.	false	 https://www.washingtonpost.com/news/fact-checker/wp/2018/07/16/the-facts-missing-from-trump-and-putins-news-conference/	None	None	Vladimir Putin	Salvador Rizzo	None	The facts missing from Trump and Putin's news conference	July 16	None	['United_States', 'Russia']
wast-00029	When times are tough, we budget for our families. But when our state's budget was in crisis, Phil Bredesen supported higher taxes on us: higher gas taxes, sales taxes and more.	3 pinnochios	 https://www.washingtonpost.com/politics/2018/09/06/koch-funded-group-misfires-with-attack-ad-phil-bredesen/	None	None	Attack ad by Americans for Prosperity	Salvador Rizzo	None	Koch-funded group misfires with attack ad on Phil Bredesen	September 6	None	['Phil_Bredesen']
wast-00184	"What did these geniuses expect when they put men and women together [in the military]?"	3 pinnochios	 https://www.washingtonpost.com/news/fact-checker/wp/2016/09/08/no-trump-and-lauer-military-sexual-assaults-are-not-about-men-and-women-having-sex/	None	None	Donald Trump	Michelle Ye Hee Lee	None	No, Trump and Lauer: Military sexual assaults are not about men and women having sex	September 8, 2016	None	['None']
wast-00202	"Many people are saying that the Iranians killed the scientist who helped the U.S. because of Hillary Clinton\'s hacked emails."	4 pinnochios	 https://www.washingtonpost.com/news/fact-checker/wp/2016/08/09/trumps-remarkable-suggestion-that-clintons-emails-led-to-an-iranian-defectors-death/	None	None	Donald Trump	Glenn Kessler	None	Trump's remarkable suggestion that Clinton's emails led to an Iranian defector's death	August 9, 2016	None	['United_States', 'Iran']
wast-00053	Trade deficit \xe2\x80\x94 $52 billion reduction in the trade deficit for the quarter. .\xe2\x80\x89.\xe2\x80\x89. I think nobody would have thought that would be possible so quickly. $52 billion reduction in the trade deficit for the quarter.	4 pinnochios	 https://www.washingtonpost.com/news/fact-checker/wp/2018/08/08/president-trumps-new-favorite-trade-talking-point-falls-apart-under-scrutiny/	None	None	Donald Trump	Glenn Kessler	None	President Trump's new favorite trade talking point falls apart under scrutiny	August 8	None	['None']
wast-00156	"Is it an act of mercy to throw 24 million people off of health insurance, so Republicans can hand billionaires a massive new tax giveaway?"	needs context	 https://www.washingtonpost.com/news/fact-checker/wp/2017/03/17/fact-checking-democrats-rhetoric-on-the-gop-health-care-bill/	None	None	Nancy Pelosi	Michelle Ye Hee Lee	None	Fact-checking Democrats' rhetoric on the GOP health-care bill	March 17, 2017	None	['None']
wast-00101	We have to break up families. The Democrats gave us that law. It's a horrible thing where you have to break up families. The Democrats gave us that law and they don't want to do anything about it.	false	 https://www.washingtonpost.com/news/fact-checker/wp/2018/05/30/fact-checking-immigration-spin-on-separating-families-and-1500-lost-children/	None	None	Donald Trump	Salvador Rizzo	None	Fact-checking immigration spin on separating families and 1,500 \xe2\x80\x98lost' children	May 30	None	['Democratic_Party_(United_States)']
wast-00072	Just to state this: Justice Kennedy's son gave a billion dollar loan to Trump when no one would give him a dime, and Justice Kennedy has been ruling in favor of the Trump Administration position for 2 years as the Court decides 5-4 case after 5-4 case.	4 pinnochios	 https://www.washingtonpost.com/news/fact-checker/wp/2018/07/12/untangling-the-links-between-trump-deutsche-bank-and-justice-kennedys-son/	None	None	Neera Tanden	Salvador Rizzo	None	The thinly sourced theories about Trump's loans and Justice Kennedy's son	July 12	None	['Anthony_Kennedy']
wast-00185	During Watergate inquiry, "Hillary Rodham was fired by her supervisor, lifelong Democrat Jerry Zeifman.	4 pinnochios	 https://www.washingtonpost.com/news/fact-checker/wp/2016/09/06/the-zombie-claim-that-hillary-clinton-was-fired-during-the-watergate-inquiry/	None	None	Internet meme	Glenn Kessler	None	The zombie claim that Hillary Clinton was fired during the Watergate inquiry	September 6, 2016	None	['Hillary_Rodham_Clinton', 'Watergate_scandal']
wast-00044	"The White House staff secretary is essentially the inbox and outbox for the president of the United States."	not the whole story	 https://www.washingtonpost.com/politics/2018/08/15/fact-checking-bipartisan-spinfest-brett-kavanaughs-time-white-house/	None	None	Charles E. Grassley	Salvador Rizzo	None	Fact-checking the bipartisan spinfest on Brett Kavanaugh's time at the White House	August 15	None	['United_States', 'White_House']
wast-00090	"I hate the children being taken away. The Democrats have to change their law. That\'s their law."	false	 https://www.washingtonpost.com/news/fact-checker/wp/2018/06/14/recidivism-watch-trump-administration-again-blames-others-for-its-own-family-separation-policy/	None	None	Donald Trump	Salvador Rizzo	None	Recidivism Watch: Trump administration again blames others for its own family separation policy	June 14	None	['Democratic_Party_(United_States)']
wast-00155	"FBI Director Comey: fmr. DNI Clapper "right" to say no evidence of collusion between Russia and Trump Campaign."	4 pinnochios	 https://www.washingtonpost.com/news/fact-checker/wp/2017/03/20/president-trumps-terrible-horrible-no-good-very-bad-twitter-day/	None	None	Donald Trump	Glenn Kessler	None	President Trump's terrible, horrible, no good, very bad Twitter day	March 20, 2017	None	['Russia']
wast-00190	"Fifty-eight percent of your [African American] youth is unemployed."	4 pinnochios	 https://www.washingtonpost.com/news/fact-checker/wp/2016/08/24/trumps-misleading-claim-that-58-percent-of-black-youth-are-unemployed/	None	None	Donald Trump	Michelle Ye Hee Lee	None	Trump's misleading claim that 58 percent of black youths are unemployed	August 24, 2016	None	['None']
wast-00038	"They didn't know she was a representative of the Russian government"	4 pinnochios	 https://www.washingtonpost.com/politics/2018/08/21/rudy-giulianis-pinocchio-laden-interview-nbcs-meet-press/	None	None	Rudolph W. Giuliani	Glenn Kessler	None	Rudy Giuliani's Pinocchio-laden interview on NBC's \xe2\x80\x98Meet the Press'	August 21	None	['Russia']
wast-00045	Let me re\xc2\xadmind you that when the Re\xc2\xadpub\xc2\xadlic\xc2\xadans took pow\xc2\xader when President Obama was president of the United States, what Mitch McConnell said is, \xe2\x80\x98The most im\xc2\xadport\xc2\xadant thing we can do is to make sure he does not suc\xc2\xadceed.' If that wasn't a rac\xc2\xadist state\xc2\xadment. That is un\xc2\xadthink\xc2\xada\xc2\xadble.	4 pinnochios	 https://www.washingtonpost.com/politics/2018/08/14/nancy-pelosi-twists-an-old-mcconnell-quote-into-racist-statement/	None	None	Nancy Pelosi	Glenn Kessler	None	Nancy Pelosi twists an old McConnell quote into a \xe2\x80\x98racist statement'	August 14	None	['United_States', 'Mitch_McConnell', 'Barack_Obama']
wast-00106	Thanks to the president's leadership, we're already providing nearly $2 billion more in help to local governments to ensure security at our schools and the safety of our students. It represents the single largest investment in school safety in American history.	4 pinnochios	 https://www.washingtonpost.com/news/fact-checker/wp/2018/05/23/the-trump-administrations-bogus-spin-that-it-obtained-2-billion-for-school-safety/	None	None	Mike Pence	Glenn Kessler	None	The Trump administration's bogus spin that it obtained $2 billion for \xe2\x80\x98school safety'	May 23	None	['United_States']
wast-00069	Regarding a question on opioids, Bredesen compared the issue to the methamphetamine crisis during his own time as governor. He said the meth problem was \xe2\x80\x98cut in half' when laws were enacted restricting people from buying certain drugs.	3 pinnochios	 https://www.washingtonpost.com/news/fact-checker/wp/2018/07/18/phil-bredesens-claim-that-tennessees-meth-problem-was-cut-in-half/	None	None	Phil Bredesen	Salvador Rizzo	None	Phil Bredesen's claim that Tennessee's meth problem was \xe2\x80\x98cut in half'	July 18	None	['Phil_Bredesen']
wast-00141	"Forty percent of the guns in this country are sold without any background checks.	4 pinnochios	 https://www.washingtonpost.com/news/fact-checker/wp/2018/02/20/bernie-sanders-resurrects-a-zombie-claim-on-gun-sales-without-background-checks/	None	None	Bernie Sanders	Glenn Kessler	None	Bernie Sanders resurrects a \xe2\x80\x98zombie' claim on gun sales without background checks	February 20	None	['None']
wast-00133	"Border Patrol Agents are not allowed to properly do their job at the Border because of ridiculous liberal (Democrat) laws like Catch & Release."	3 pinnochios	 https://www.washingtonpost.com/news/fact-checker/wp/2018/04/04/president-trumps-claim-that-democrats-created-catch-and-release-policies/	None	None	Donald Trump	Salvador Rizzo	None	President Trump's claim that Democrats created \xe2\x80\x98catch and release' policies	April 4	None	['Democratic_Party_(United_States)']
wast-00036	Since she joined the Senate, McCaskill's husband received $131 million in federal subsidies \xe2\x80\x94 subsidies that let the McCaskills pocket up to $22 million. \xe2\x80\xa6Claire McCaskill: She gets rich, you pay.	3 pinnochios	 https://www.washingtonpost.com/politics/2018/08/27/misleading-attack-senatorial-spouses-investments/	None	None	National Republican Senatorial Committee	Glenn Kessler	None	A misleading attack on a senatorial spouse's investments	August 27	None	['None']
wast-00068	Another day, another lie. The reality is that 7 in 10 Americans support #RoevWade and the right to legal abortion. bit.ly/2KZtoXy #7in10forRoe	not the whole story	 https://www.washingtonpost.com/news/fact-checker/wp/2018/07/19/whos-in-favor-of-abortion/	None	None	NARAL Pro-Choice America	Meg Kelly	None	How many Americans back abortion rights?	July 19	None	['United_States']
wast-00128	The bottom line has to equal 1 percent. A 1 percent cut each year is about $13 billion, actually balances the budget in five years.	4 pinnochios	 https://www.washingtonpost.com/news/fact-checker/wp/2018/04/26/surprise-it-would-take-nine-years-for-all-of-trumps-nominations-to-be-approved/	None	None	Rand Paul	Glenn Kessler	None	Rand Paul's claim that cutting $13 billion a year would balance the budget	April 26	None	['None']
wast-00178	"Hillary Clinton and her campaign of 2008, started the birther controversy."	4 pinnochios	 https://www.washingtonpost.com/news/fact-checker/wp/2016/09/16/recidivism-watch-trump-repeats-debunked-claim-that-clinton-started-the-birther-controversy/	None	None	Donald Trump	Michelle Ye Hee Lee	None	Recidivism Watch: Trump repeats debunked claim that Clinton \xe2\x80\x98started the birther controversy'	September 16, 2016	None	['None']
wast-00060	One of the worst cases was the reporting on the U.S. ability to listen to Osama bin Laden\'s satellite phone in the late \'90s. Because of that reporting, he stopped using that phone and the country lost valuable intelligence.	4 pinnochios	 https://www.washingtonpost.com/news/fact-checker/wp/2018/08/02/the-zombie-claim-that-wont-die-the-media-exposed-bin-ladens-phone/	None	None	Sarah Huckabee Sanders	Glenn Kessler	None	The zombie claim that won't die: The media exposed bin Laden's phone.	August 2	None	['United_States', 'Osama_bin_Laden']
wast-00147	How low has President Obama gone to tapp [sic] my phones during the very sacred election process. This is Nixon/Watergate. Bad (or sick) guy!	4 pinnochios	 https://www.washingtonpost.com/news/fact-checker/wp/2017/09/22/is-president-trump-vindicated-on-his-claim-of-wires-tapped-by-obama/	None	None	Donald Trump	Michelle Ye Hee Lee	None	Is President Trump vindicated on his claim of \xe2\x80\x98wires tapped' by Obama?	September 22, 2017	None	['Barack_Obama']
wast-00116	Paul Cassel and Richard Fowles of the University of Utah analyzed the dramatic surge in Chicago homicides in 2016. ... They concluded the 58 percent increase was caused by the abrupt decline in \xe2\x80\x98stop and frisks' in 2015. There had been a horrific police shooting, protests and an ACLU lawsuit. The settlement of that lawsuit resulted in a decline in stops from 40,000 per month to 10,000 per month. Arrests fell also. In sum, they conclude that these actions in late 2016, conservatively calculated, resulted in approximately 236 additional victims killed and over 1,100 additional shootings in 2016 alone. The scholars call it the \xe2\x80\x98ACLU effect.'"	3 pinnochios	 https://www.washingtonpost.com/news/fact-checker/wp/2018/05/14/jeff-sessionss-claim-that-an-aclu-settlement-with-chicago-caused-murders-to-spike/	None	None	Jeff Sessions	Salvador Rizzo	None	Jeff Sessions's claim that an ACLU settlement with Chicago caused murders to spike	May 14	None	['Chicago', 'University_of_Utah']
wast-00012	The Iran deal was a windfall for Iran's leaders. In the years since the deal was reached, Iran's military budget grew nearly 40 percent.	false	 https://www.washingtonpost.com/politics/2018/09/26/fact-checking-president-trumps-speech-un-general-assembly/	None	None	Donald Trump	Glenn Kessler	None	Fact-checking President Trump's speech to the U.N. General Assembly	September 26	None	['Iran']
wast-00177	"It's not true that he [Trump] kept it [birtherism] up for five years.	4 pinnochios	 https://www.washingtonpost.com/news/fact-checker/wp/2016/09/18/christies-claim-that-trump-did-not-on-a-regular-basis-spout-birther-nonsense-after-2011/	None	None	Chris Christie	Glenn Kessler	None	Christie's claim that Trump did not \xe2\x80\x98on a regular basis' spout birther nonsense after 2011	September 18, 2016	None	['None']
wast-00008	"Lyin' Bryan Steil has not manufactured anything in his life. ... [He] worked to send Wisconsin jobs overseas.	3 pinnochios	 https://www.washingtonpost.com/politics/2018/09/28/dueling-ads-manufacturing-race-paul-ryans-seat/	None	None	Campaign ad for Randy Bryce	Salvador Rizzo	None	Dueling ads on manufacturing in the race for Paul Ryan's seat	September 28	None	['Wisconsin']
wast-00043	"What he [Brett Kavanaugh] told us under oath is not accurate."	needs context	 https://www.washingtonpost.com/politics/2018/08/15/fact-checking-bipartisan-spinfest-brett-kavanaughs-time-white-house/	None	None	Richard J. Durbin	Salvador Rizzo	None	Fact-checking the bipartisan spinfest on Brett Kavanaugh's time at the White House	August 15	None	['None']
wast-00222	"More white people have been shot by police officers this past year than minorities."	2 pinnochios	 https://www.washingtonpost.com/news/fact-checker/wp/2016/07/11/huckabees-claim-that-more-white-people-were-shot-in-2015-than-minorities/	None	None	Mike Huckabee	Michelle Ye Hee Lee	None	Huckabee's claim that more white people were shot by police in 2015 than minorities	July 11, 2016	None	['None']
wast-00015	We lost thousands of factories and millions of jobs because of NAFTA \xe2\x80\x94 thousands. Think of it: Thousands of factories, millions of jobs. We're turning it around. Already, Chrysler is coming back with auto plants. Many companies are now in Michigan, Ohio, different places, Pennsylvania. They're building beautiful, brand-new auto plants. Nobody thought they'd ever see that happen.	3 pinnochios	 https://www.washingtonpost.com/politics/2018/09/24/president-trumps-claims-about-nafta-us-auto-industry/	None	None	Donald Trump	Salvador Rizzo	None	President Trump's claims about NAFTA and the U.S. auto industry	September 24	None	['Ohio', 'Michigan', 'Pennsylvania', 'Chrysler', 'North_American_Free_Trade_Agreement']
wast-00208	"20 people gave her $60 million in her fund. $60 million from 20 people."	4 pinnochios	 https://www.washingtonpost.com/news/fact-checker/wp/2016/08/04/trumps-absurd-charge-that-clinton-raised-60-million-in-july-from-just-20-people/	None	None	Donald Trump	Glenn Kessler	None	Trump's absurd charge that Clinton raised $60 million in July from just 20 people	August 4, 2016	None	['None']
wast-00059	This President has actually repealed 22 federal regulations for every new federal rule put on the books."	3 pinnochios	 https://www.washingtonpost.com/news/fact-checker/wp/2018/08/03/has-the-trump-administration-repealed-22-regulations-for-each-new-one/	None	None	Mike Pence	Glenn Kessler	None	Has the Trump administration repealed 22 regulations for each new one?	August 3	None	['None']
wast-00046	Farmers have been on a downward trend for 15 years. The price of soybeans has fallen 50% since 5 years before the Election. A big reason is bad (terrible) Trade Deals with other countries.	3 pinnochios	 https://www.washingtonpost.com/news/fact-checker/wp/2018/08/13/both-sides-of-the-aisle-stretch-the-truth-in-the-soybean-debate/	None	None	Donald Trump	Meg Kelly	None	Both sides of the aisle stretch the truth in the soybean debate	August 13	None	['None']
wast-00168	If a servicemember "handled classified information the way Hillary Clinton did \xe2\x80\xa6 they'd be court-martialed. ... Absolutely true.	2 pinnochios	 https://www.washingtonpost.com/news/fact-checker/wp/2016/10/07/neither-kaine-and-pence-was-absolutely-correct-about-clinton-emails-and-court-martial/	None	None	Mike Pence	Michelle Ye Hee Lee	None	Neither Kaine nor Pence was \xe2\x80\x98absolutely' correct about Clinton emails and court-martial	October 7, 2016	None	['None']
wast-00164	How low has President Obama gone to tapp [sic] my phones during the very sacred election process. This is Nixon/Watergate. Bad (or sick) guy!	4 pinnochios	 https://www.washingtonpost.com/news/fact-checker/wp/2017/03/05/trumps-evidence-for-obama-wiretap-claims-relies-on-sketchy-anonymously-sourced-reports/	None	None	Donald Trump	Glenn Kessler	None	Trump's \xe2\x80\x98evidence' for Obama wiretap claims relies on sketchy, anonymously sourced reports	March 5, 2017	None	['Barack_Obama']
wast-00100	"Harvard report says 4645 people died in Puerto Rico as a result of Hurricane Maria."	not the whole story	 https://www.washingtonpost.com/news/fact-checker/wp/2018/06/02/did-4645-people-die-in-hurricane-maria-nope/	None	None	News media	Glenn Kessler	None	Did 4,645 people die in Hurricane Maria? Nope.	June 1	None	['Puerto_Rico']
wast-00219	"During the top-secret drafting process [of the Trans-Pacific Partnership trade deal], 28 trade advisory committees were formed to whisper in the ear of our trade negotiators."	2 pinnochios	 https://www.washingtonpost.com/news/fact-checker/wp/2016/07/18/warrens-claim-that-advisory-committees-formed-during-drafting-of-trans-pacific-partnership/	None	None	Sen. Elizabeth Warren	Michelle Ye Hee Lee	None	Warren's claim that advisory committees \xe2\x80\x98formed' during drafting of Trans-Pacific Partnership	July 18, 2016	None	['None']
wast-00005	"Look at [Richard] Blumenthal. He lied about Vietnam. He didn't just say, \xe2\x80\x98Hey, I went to Vietnam.' No. No. For 15 years, he said he was a war hero, he fought in Da Nang province. We call him \xe2\x80\x98Da Nang Richard.' \xe2\x80\x98Da Nang' \xe2\x80\x94 that's his nickname. \xe2\x80\x98Da Nang.' He never went to Vietnam. And he's up there saying, \xe2\x80\x98We need honesty and we need integrity.' This guy lied when he was the attorney general of Connecticut. He lied. I don't mean a little bit. And then, when he got out \xe2\x80\x94 he actually dropped out of the race, and he won anyway because Democrats always win in Connecticut. He won very close, probably the closest ever. And when he got out and when he apologized, he was crying. The tears were all over the place.	4 pinnochios	 https://www.washingtonpost.com/politics/2018/10/03/president-trumps-second-rant-richard-blumenthal-vietnam/	None	None	Donald Trump	Salvador Rizzo	None	President Trump's 90-second rant on Richard Blumenthal and Vietnam	October 3	None	['Vietnam', 'Connecticut', 'Da_Nang', 'Democratic_Party_(United_States)']
wast-00136	"I think they should give the president a line-item veto. ... Congress could pass a rule, okay, that allows them to do it.	4 pinnochios	 https://www.washingtonpost.com/news/fact-checker/wp/2018/03/27/trump-administration-botches-basic-civics-while-calling-for-line-item-veto/	None	None	Steven Mnuchin	Salvador Rizzo	None	Trump administration botches basic civics while calling for line-item veto	March 27	None	['None']
wast-00065	Farmers have been on a downward trend for 15 years. The price of soybeans has fallen 50% since 5 years before the Election. A big reason is bad (terrible) Trade Deals with other countries. They put on massive Tariffs and Barriers. Canada charges 275% on Dairy. Farmers will WIN!	false	 https://www.washingtonpost.com/news/fact-checker/wp/2018/07/24/over-four-days-false-claims-dominated-trumps-twitter-feed/	None	None	Donald Trump	Salvador Rizzo	None	Over four days, false claims dominated Trump's Twitter feed	July 24	None	['Canada']
wast-00049	ICE is required to fill 34,000 beds with detainees every single night and that number has only been increasing since 2009.	false	 https://www.washingtonpost.com/news/fact-checker/wp/2018/08/10/fact-checking-alexandria-ocasio-cortezs-media-blitz/	None	None	Alexandria Ocasio-Cortez	Glenn Kessler	None	Fact-checking Alexandria Ocasio-Cortez's media blitz	August 10	None	['None']
wast-00021	Kavanaugh might have also misled the Senate by denying any involvement with detainee policies or any knowledge of documents related to a warrantless surveillance program.	3 pinnochios	 https://www.washingtonpost.com/politics/2018/09/17/did-brett-kavanaugh-give-false-testimony-under-oath/	None	None	Patrick J. Leahy	Salvador Rizzo	None	Did Brett Kavanaugh give false testimony under oath?	September 17	None	['None']
wast-00166	I remind you that this Congress impeached a president for something so far less, having nothing to do with his duties as president of the United States.	2 pinnochios	 https://www.washingtonpost.com/news/fact-checker/wp/2017/03/02/pelosis-claim-that-bill-clinton-was-impeached-for-something-so-far-less-than-jeff-sessions/	None	None	Rep. Nancy Pelosi (D-Calif.)	Michelle Ye Hee Lee	None	Nancy Pelosi's claim that Bill Clinton was impeached for \xe2\x80\x98something so far less' than Jeff Sessions	March 2, 2017	None	['United_States', 'United_States_Congress']
wast-00098	"I had a sexual harassment policy when I was governor in the eighties"	3 pinnochios	 https://www.washingtonpost.com/news/fact-checker/wp/2018/06/05/fact-checking-bill-clintons-meltdown-on-nbcs-today-show/	None	None	Bill Clinton	Glenn Kessler	None	Fact-Checking Bill Clinton's meltdown on NBC's \xe2\x80\x98Today Show'	June 5	None	['None']
wast-00085	Crime in Germany is up 10% plus (officials do not want to report these crimes) since migrants were accepted. Others countries are even worse. Be smart America!	4 pinnochios	 https://www.washingtonpost.com/news/fact-checker/wp/2018/06/20/president-trumps-claim-that-crime-is-up-in-germany/	None	None	Donald Trump	Salvador Rizzo	None	President Trump's claim that crime is up in Germany	June 20	None	['Germany', 'United_States']
wast-00028	[Andy Kim] became a national security officer for Republican and Democratic presidents.	2 pinnochios	 https://www.washingtonpost.com/politics/2018/09/10/obama-adviser-running-congress-claims-he-also-worked-bush/	None	None	Campaign ad for Andy Kim	Salvador Rizzo	None	Obama adviser running for Congress claims he also worked for Bush	September 10	None	['Republican_Party_(United_States)', 'Democratic_Party_(United_States)']
wast-00142	"#FISAMemo shows real collusion between Dem operatives & key officials at the FBI & DOJ to spy on the #Trump campaign & interfere in the 2016 election."	4 pinnochios	 https://www.washingtonpost.com/news/fact-checker/wp/2018/02/03/does-the-gop-memo-show-the-fbi-spied-on-the-trump-campaign/	None	None	Raul Labrador	Glenn Kessler	None	Does the GOP memo show the FBI spied on the Trump campaign?	February 3	None	['None']
wast-00192	Under their leadership we've created 15 million new private-sector jobs."	3 pinnochios	 https://www.washingtonpost.com/news/fact-checker/wp/2016/08/22/clintons-misleading-citation-of-15-million-jobs-under-obama/	None	None	Hillary Clinton	Glenn Kessler	None	Clinton's misleading citation of '15 million jobs' under Obama	August 22, 2016	None	['None']
wast-00137	"The mayor of Oakland ... directly threatened the safety of federal immigration officers and the law-abiding Americans in her community."	not the whole story	 https://www.washingtonpost.com/news/fact-checker/wp/2018/03/15/fact-checking-trumps-weekly-address-on-immigrants-crime-and-sanctuary-cities/	None	None	Donald Trump	Salvador Rizzo	None	Fact-checking Trump's weekly address on immigrants, crime and sanctuary cities	March 15	None	['United_States', 'Oakland,_California']
wast-00163	In fact, today, more than 300 people, according to the FBI, who came here as refugees are under an FBI investigation today for potential terrorism-related activities.	3 pinnochios	 https://www.washingtonpost.com/news/fact-checker/wp/2017/03/06/trumps-claim-that-more-than-300-refugees-are-the-subject-of-counterterrorism-investigations/	None	None	Jeff Sessions	Michelle Ye Hee Lee	None	Trump's claim that \xe2\x80\x98more than 300' refugees are subjects of counterterrorism investigations	March 6, 2017	None	['Federal_Bureau_of_Investigation']
wast-00115	The percentage of Americans who live out their religion on a weekly basis \xe2\x80\x94 praying, going to church, reading and believing in the Bible \xe2\x80\x94 has remained remarkably consistent over the decades, even as the population of the United States has grown by leaps and bounds."	2 pinnochios	 https://www.washingtonpost.com/news/fact-checker/wp/2018/05/15/pences-claim-that-religion-in-america-isnt-receding-its-just-the-opposite/	None	None	Mike Pence	Glenn Kessler	None	Pence's claim that \xe2\x80\x98religion in America isn't receding. It's just the opposite'	May 15	None	['United_States', 'Bible']
wast-00002	Dr. Ford's allegation is not merely uncorroborated, it is refuted by the very people she says were there, including by a longtime friend of hers. \xe2\x80\xa6 The witnesses who were there say that it didn't happen.	not the whole story	 https://www.washingtonpost.com/politics/2018/10/05/brett-kavanaughs-testimony-what-was-misleading-what-was-not/	None	None	Brett Kavanaugh	Glenn Kessler	None	Brett Kavanaugh's testimony: What was misleading, what was not	October 5	None	['None']
wast-00193	In Hillary Clinton's America, illegal immigrants \xe2\x80\xa6 [are] collecting Social Security benefits, skipping the line.	4 pinnochios	 https://www.washingtonpost.com/news/fact-checker/wp/2016/08/20/trumps-false-claim-that-undocumented-immigrants-collect-social-security-benefits/	None	None	Donald Trump campaign	Michelle Ye Hee Lee	None	Trump's false claim that undocumented immigrants collect Social Security benefits	August 20, 2016	None	['United_States', 'Hillary_Rodham_Clinton']
wast-00018	"Nothing in the law allows insurance companies to not only to kick you off for preexisting conditions or not accept preexisting conditions but we then put in safeguards to make sure that there's not price discrimination as a result of preexisting conditions.	3 pinnochios	 https://www.washingtonpost.com/politics/2018/09/19/did-house-gop-plan-prevent-price-discrimination-against-people-with-pre-existing-conditions/	None	None	Kevin Cramer	Glenn Kessler	None	Would the House GOP plan have prevented \xe2\x80\x98price discrimination' against people with preexisting conditions?	September 19	None	['None']
wast-00144	"We protect those with preexisting conditions...the protection is absolutely the same."	3 pinnochios	 https://www.washingtonpost.com/news/fact-checker/wp/2017/09/23/sen-cassidys-misleading-claim-that-preexisting-conditions-protection-is-absolutely-the-same/	None	None	Bill Cassidy	Glenn Kessler	None	Sen. Cassidy's misleading claim that preexisting-conditions \xe2\x80\x98protection is absolutely the same'	September 23, 2017	None	['None']
wast-00148	I'll tell you, we're spending a lot of money on the inner cities. We're fixing the inner cities. We're doing far more than anybody's done with respect to the inner cities. It's a priority for me. And it's very important.	4 pinnochios	 https://www.washingtonpost.com/news/fact-checker/wp/2017/08/17/president-trumps-claim-he-has-done-far-more-than-anyone-for-inner-cities/	None	None	Donald Trump	Michelle Ye Hee Lee	None	President Trump's claim that he has done \xe2\x80\x98far more than anyone' for \xe2\x80\x98inner cities'	August 17, 2017	None	['None']
wast-00105	"President Trump did 170 short question-and-answer sessions through April 29, compared to 55 for President Obama.	2 pinnochios	 https://www.washingtonpost.com/news/fact-checker/wp/2018/05/24/president-trumps-interactions-with-media-not-a-standout-in-any-category/	None	None	Kellyanne Conway	Glenn Kessler	None	President Trump's interactions with media: Not a standout in any category	May 24	None	['Barack_Obama']
wast-00031	So out of touch, [Tom] Malinowski lobbied for terrorists' rights.	4 pinnochios	 https://www.washingtonpost.com/politics/2018/08/31/fact-checking-republican-attack-ads-tight-house-races/	None	None	Congressional Leadership Fund	Salvador Rizzo	None	Fact-checking Republican attack ads in tight House races	August 31	None	['None']
wast-00003	I never attended a gathering like the one Dr. Ford describes in her allegation. \xe2\x80\xa6 She and I did not travel in the same social circles.	not the whole story	 https://www.washingtonpost.com/politics/2018/10/05/brett-kavanaughs-testimony-what-was-misleading-what-was-not/	None	None	Brett Kavanaugh	Glenn Kessler	None	Brett Kavanaugh's testimony: What was misleading, what was not	October 5	None	['None']
wast-00084	"So, we\'ve already started the wall. We got $1.6 billion. The wall has been started. San Diego and lots of different places.	false	 https://www.washingtonpost.com/news/fact-checker/wp/2018/06/22/video-one-rally-one-hour-almost-30-trumpian-claims/	None	None	Donald Trump	Meg Kelly	None	Video: One rally, one hour, almost 30 Trumpian claims	June 22	None	['None']
wast-00078	There is no longer a Nuclear Threat from North Korea.	3 pinnochios	 https://www.washingtonpost.com/news/fact-checker/wp/2018/07/02/president-trumps-exaggerated-claims-about-the-north-korea-deal/	None	None	Donald Trump	Salvador Rizzo	None	President Trump's exaggerated claims about the North Korea deal	July 2	None	['None']
wast-00174	"On November 1 ... new [Obamacare premium] numbers are coming out which will show 40, 50, 60 percent increases. They want to delay it until after the election."	4 pinnochios	 https://www.washingtonpost.com/news/fact-checker/wp/2016/09/26/trumps-claim-that-obama-is-trying-to-delay-obamacare-enrollment-until-after-the-election/	None	None	Donald Trump	Michelle Ye Hee Lee	None	Trump's claim that Obama is trying to \xe2\x80\x98delay' Obamacare enrollment until after the election	September 26, 2016	None	['None']
wast-00048	Unemployment is low because everyone has two jobs."	false	 https://www.washingtonpost.com/news/fact-checker/wp/2018/08/10/fact-checking-alexandria-ocasio-cortezs-media-blitz/	None	None	Alexandria Ocasio-Cortez	Glenn Kessler	None	Fact-checking Alexandria Ocasio-Cortez's media blitz	August 10	None	['None']
wast-00210	"I get reports that I was imitating a reporter who was handicapped. I would never do that.	4 pinnochios	 https://www.washingtonpost.com/news/fact-checker/wp/2016/08/02/donald-trumps-revisionist-history-of-mocking-a-disabled-reporter/	None	None	Donald Trump	Glenn Kessler	None	Donald Trump's revisionist history of mocking a disabled reporter	August 2, 2016	None	['None']
wast-00041	Bruce Ohr of the \xe2\x80\x98Justice' Department (can you believe he is still there) is accused of helping disgraced Christopher Steele \xe2\x80\x98find dirt on Trump.' Ohr's wife, Nelly, was in on the act big time - worked for Fusion GPS on Fake Dossier.	not the whole story	 https://www.washingtonpost.com/politics/2018/08/16/who-is-bruce-ohr-why-does-trump-keep-tweeting-about-him/	None	None	Donald Trump	Glenn Kessler	None	Who is Bruce Ohr, and why does Trump keep tweeting about him?	August 16	None	['None']
wast-00196	It all began in 2009 with what has become known as President Obama's global \xe2\x80\x98Apology Tour.'	4 pinnochios	 https://www.washingtonpost.com/news/fact-checker/wp/2016/08/16/fact-checking-donald-trumps-major-speech-on-the-islamic-state/	None	None	Donald Trump	Glenn Kessler	None	Fact-checking Donald Trump's \xe2\x80\x98major' speech on the Islamic State	August 16, 2016	None	['Barack_Obama']
wast-00022	Their sabotage of the Affordable Care Act has already cost more than 3 million Americans their health insurance.	2 pinnochios	 https://www.washingtonpost.com/politics/2018/09/14/obamas-claim-that-trumps-obamacare-moves-have-already-cost-million-people-health-insurance/	None	None	Barack Obama	Glenn Kessler	None	Obama's claim that Trump's Obamacare moves have \xe2\x80\x98already cost' 3 million people health insurance	September 14	None	['United_States']
wast-00154	"The NSA and FBI tell Congress that Russia did not influence electoral process."	4 pinnochios	 https://www.washingtonpost.com/news/fact-checker/wp/2017/03/20/president-trumps-terrible-horrible-no-good-very-bad-twitter-day/	None	None	Donald Trump	Glenn Kessler	None	President Trump's terrible, horrible, no good, very bad Twitter day	March 20, 2017	None	['Russia', 'United_States_Congress', 'Federal_Bureau_of_Investigation', 'National_Security_Agency']
wast-00225	Every word I said there was true and accurate. No one has disputed a word I said."	3 pinnochios	 https://www.washingtonpost.com/news/fact-checker/wp/2016/04/19/cruzs-claim-that-no-one-has-disputed-his-claim-mcconnell-lied/	None	None	Ted Cruz	Glenn Kessler	None	Cruz's claim that \xe2\x80\x98no one has disputed' his claim McConnell lied	April 19, 2016	None	['None']
wast-00205	"The press came out with headlines: \xe2\x80\x98Trump throws baby out of arena.' So dishonest"	none	 https://www.washingtonpost.com/news/fact-checker/wp/2016/08/06/trumps-right-he-didnt-kick-a-baby-out-of-a-campaign-rally/	None	None	Donald Trump	Glenn Kessler	None	Trump is right: He didn't kick a baby out of a campaign rally	August 6, 2016	None	['None']
wast-00161	According to the National Academy of Sciences, our current immigration system costs America's taxpayers many billions of dollars a year.	3 pinnochios	 https://www.washingtonpost.com/news/fact-checker/wp/2017/03/07/trumps-claim-that-immigrants-cost-taxpayers-many-billions-of-dollars-a-year/	None	None	Donald Trump	Michelle Ye Hee Lee	None	Trump's claim that immigrants cost taxpayers \xe2\x80\x98many billions of dollars a year'	March 7, 2017	None	['United_States']
wast-00182	One of them even said: \xe2\x80\x98If you take my spot, I'll get drafted, and I'll go to Vietnam, and I'll die.\'"	none	 https://www.washingtonpost.com/news/fact-checker/wp/2016/09/14/hillary-clintons-story-of-a-vietnam-era-confrontation-over-law-school-admissions/	None	None	Hillary Clinton	Glenn Kessler	None	Hillary Clinton's story of a Vietnam era confrontation over law school admissions	September 14, 2016	None	['Vietnam']
wast-00134	"I have stated my concerns with Amazon long before the Election. Unlike others, they pay little or no taxes to state & local governments, use our Postal System as their Delivery Boy (causing tremendous loss to the U.S.)."	3 pinnochios	 https://www.washingtonpost.com/news/fact-checker/wp/2018/03/30/president-trumps-bundle-of-faulty-claims-about-amazons-cost-to-taxpayers/	None	None	Donald Trump	Salvador Rizzo	None	Trump's bundle of faulty claims about Amazon's cost to taxpayers	March 30	None	['United_States']
wast-00140	The blue-slip courtesy "gives senators the opportunity to have a say on nominees from their states. It's worked for 100 years, but Republicans are getting rid of it.	2 pinnochios	 https://www.washingtonpost.com/news/fact-checker/wp/2018/02/21/are-senate-republicans-killing-blue-slip-for-court-nominees/	None	None	Dianne Feinstein	Salvador Rizzo	None	Are Senate Republicans killing \xe2\x80\x98blue slip' for court nominees?	February 21	None	['Republican_Party_(United_States)']
wast-00167	That is absolutely false" that a servicemember who handled classified information the way Hillary Clinton did would be court-martialed.	2 pinnochios	 https://www.washingtonpost.com/news/fact-checker/wp/2016/10/07/neither-kaine-and-pence-was-absolutely-correct-about-clinton-emails-and-court-martial/	None	None	Tim Kaine	Michelle Ye Hee Lee	None	Neither Kaine nor Pence was \xe2\x80\x98absolutely' correct about Clinton emails and court-martial	October 7, 2016	None	['None']
wast-00207	As the FBI said, everything that I've said publicly has been consistent and truthful with what I've told them.	4 pinnochios	 https://www.washingtonpost.com/news/fact-checker/wp/2016/08/04/recidivism-watch-clintons-repeated-claim-that-the-fbi-said-her-answers-were-truthful/	None	None	Hillary Clinton	Glenn Kessler	None	Recidivism Watch: Clinton's repeated claim that the FBI said her answers were \xe2\x80\x98truthful'	August 4, 2016	None	['Federal_Bureau_of_Investigation']
wast-00197	I was an opponent of the Iraq War from the beginning -- a major difference between me and my opponent.	4 pinnochios	 https://www.washingtonpost.com/news/fact-checker/wp/2016/08/16/fact-checking-donald-trumps-major-speech-on-the-islamic-state/	None	None	Donald Trump	Glenn Kessler	None	Fact-checking Donald Trump's \xe2\x80\x98major' speech on the Islamic State	August 16, 2016	None	['None']
wast-00066	I haven't seen any evidence that the attempts to interfere in our election infrastructure was to favor a particular political party. I think what we've seen on the foreign influence side is they were attempting to intervene and cause chaos on both sides.	3 pinnochios	 https://www.washingtonpost.com/news/fact-checker/wp/2018/07/23/kirstjen-nielsens-claim-that-u-s-election-systems-werent-targeted-to-favor-trump/	None	None	Kirstjen Nielsen	Salvador Rizzo	None	Kirstjen Nielsen's claim that U.S. election systems weren't targeted to favor Trump	July 23	None	['None']
wast-00187	"Since President Obama came into office, another 2 million Hispanics have joined the ranks of those in poverty."	3 pinnochios	 https://www.washingtonpost.com/news/fact-checker/wp/2016/08/31/trumps-repeated-claim-that-more-hispanics-are-in-poverty-under-obama/	None	None	Donald Trump	Glenn Kessler	None	Trump's repeated claim that more Hispanics are in poverty under Obama	August 31, 2016	None	['Barack_Obama']
wast-00224	"But you know what, he [Saddam Hussein] did well. He killed terrorists. He did that so good.	4 pinnochios	 https://www.washingtonpost.com/news/fact-checker/wp/2016/07/07/trumps-false-claim-that-saddam-hussein-was-so-good-at-killing-terrorists/	None	None	Donald Trump	Michelle Ye Hee Lee	None	Trump's false claim that Saddam Hussein was \xe2\x80\x98so good' at \xe2\x80\x98killing terrorists'	July 7, 2016	None	['Saddam_Hussein']
wast-00030	Pureval's lobbying firm made millions helping Libya reduce payments owed to families of Americans killed by Libyan terrorism. Selling out Americans? Aftab Pureval can't be trusted.	4 pinnochios	 https://www.washingtonpost.com/politics/2018/08/31/fact-checking-republican-attack-ads-tight-house-races/	None	None	Congressional Leadership Fund	Salvador Rizzo	None	Fact-checking Republican attack ads in tight House races	August 31	None	['Libya', 'United_States']
wast-00094	"According to a Canada release, they make almost 100 Billion Dollars in Trade with U.S. (guess they were bragging and got caught!)."	4 pinnochios	 https://www.washingtonpost.com/news/fact-checker/wp/2018/06/12/trumps-false-claim-that-the-u-s-has-a-100-billion-trade-deficit-with-canada/	None	None	Donald Trump	Glenn Kessler	None	Trump's false assertion that Canada claims to \xe2\x80\x98make' $100 billion in trade with the U.S.	June 12	None	['Canada', 'United_States']
wast-00033	Black men, unarmed, black teenagers, unarmed, and black children, unarmed, are being killed at a frightening level right now, including by members of law enforcement without accountability and without justice.	not the whole story	 https://www.washingtonpost.com/politics/2018/08/30/beto-orourkes-claims-blacks-police-shootings/	None	None	Beto O\'Rourke	Glenn Kessler	None	Beto O'Rourke's claims on African Americans and police shootings	August 30	None	['None']
wast-00227	Today, the typical woman who works full-time earns 79 cents for every dollar that a typical man makes.	2 pinnochios	 https://www.washingtonpost.com/news/fact-checker/wp/2016/04/14/here-are-the-facts-behind-that-79-cent-pay-gap-factoid/	None	None	Barack Obama	Glenn Kessler	None	Here are the facts behind that '79 cent' pay gap factoid	April 14, 2016	None	['None']
wast-00130	Democrats "are \xe2\x80\x98slow walking' all of my nominations \xe2\x80\x94 hundreds of people. At this rate it would take 9 years for all approvals!	none	 https://www.washingtonpost.com/news/fact-checker/wp/2018/04/23/trumps-complaint-that-it-will-take-9-years-to-get-all-his-nominations-approved/	None	None	Donald Trump	Glenn Kessler	None	Trump's complaint that it will take 9 years to get all his nominations approved	April 23	None	['None']
wast-00126	Under Obama, our [labor force] participation rate actually dropped from 65 to 62. It's going back up to more people in the workforce here.	2 pinnochios	 https://www.washingtonpost.com/news/fact-checker/wp/2018/05/01/president-trump-has-made-3001-false-or-misleading-claims-so-far/	None	None	Kevin McCarthy	Salvador Rizzo	None	Kevin McCarthy claims that the labor participation rate is \xe2\x80\x98going back up' under Trump	April 30	None	['None']
wast-00118	98 percent of mass public shootings in the United States since 1950 have taken place in gun-free zones.	2 pinnochios	 https://www.washingtonpost.com/news/fact-checker/wp/2018/05/10/do-98-percent-of-mass-public-shootings-happen-in-gun-free-zones/	None	None	Donald Trump	Meg Kelly	None	Do 98 percent of mass public shootings happen in gun-free zones?	May 10	None	['United_States']
wast-00180	Right now, 92 million Americans are on the sideline outside of the workforce, and they're not a part of our economy. It's a silent nation of jobless Americans."	4 pinnochios	 https://www.washingtonpost.com/news/fact-checker/wp/2016/09/16/trumps-absurb-claim-that-92-million-americans-represent-a-nation-of-jobless-americans/	None	None	Donald Trump	Glenn Kessler	None	Trump's absurd claim that 92 million Americans represent a \xe2\x80\x98nation of jobless Americans'	September 16, 2016	None	['United_States']
wast-00139	The Palestinian Authority "pays about $350 million a year to terrorists and their families. Each year."	2 pinnochios	 https://www.washingtonpost.com/news/fact-checker/wp/2018/03/14/does-the-palestinian-authority-pay-350-million-a-year-to-terrorists-and-their-families/	None	None	Benjamin Netanyahu	Glenn Kessler	None	Does the Palestinian Authority pay $350 million a year to \xe2\x80\x98terrorists and their families'?	March 14	None	['None']
wast-00034	"I was raised by a single mom, public school teacher on the South Side of Chicago.	not the whole story	 https://www.washingtonpost.com/politics/2018/08/29/john-coxs-claim-that-he-was-raised-by-single-mother-south-side-chicago/	None	None	John H. Cox	Glenn Kessler	None	John Cox's claim that he was raised by a \xe2\x80\x98single mother on the South Side of Chicago'	August 29	None	['South_Side,_Chicago']
wast-00176	She sent me to New Bedford, Massachusetts, to go door to door looking for children who weren\'t in school."	none	 https://www.washingtonpost.com/news/fact-checker/wp/2016/09/19/fact-checking-clintons-story-of-meeting-disabled-children-in-new-bedford-in-1973/	None	None	Hillary Clinton	Michelle Ye Hee Lee	None	Fact-checking Clinton's story of meeting disabled children in New Bedford in 1973	September 19, 2016	None	['New_Bedford,_Massachusetts', 'Massachusetts']
wast-00103	We\'re doing a lot of work on security, generally speaking, security and border \xe2\x80\x94 border security. The border's down over 40 percent."	not the whole story	 https://www.washingtonpost.com/news/fact-checker/wp/2018/05/29/the-dubious-statistic-getting-the-dhs-secretary-in-trouble-with-president-trump/	None	None	Donald Trump	Salvador Rizzo	None	The dubious statistic getting the DHS secretary in trouble with President Trump	May 29	None	['None']
wast-00014	I did not try to leave the scene of the accident, though driving drunk, which I did, is a terrible mistake for which there is no excuse or justification or defense, and I will not try to provide one.	4 pinnochios	 https://www.washingtonpost.com/politics/2018/09/25/beto-orourkes-false-claim-he-did-not-try-leave-scene-dwi/	None	None	Beto O\'Rourke	Glenn Kessler	None	Beto O'Rourke's claim that he did not try to leave the scene of a DWI	September 25	None	['None']
wast-00109	"The Justice Department memos going back to before Nixon say that you cannot indict a sitting president, you have to impeach him."	not the whole story	 https://www.washingtonpost.com/news/fact-checker/wp/2018/05/22/can-the-president-be-indicted-or-subpoenaed/	None	None	Rudy Giuliani	Salvador Rizzo	None	Can the president be indicted or subpoenaed?	May 22	None	['Richard_Nixon']
wast-00057	The Heritage Foundation just came out recently, and they said that we\'ve already implemented 64 percent of our top agenda items. And that\'s ahead of anybody, including Ronald Reagan.	2 pinnochios	 https://www.washingtonpost.com/news/fact-checker/wp/2018/08/06/president-trump-cites-sketchy-data-and-makes-it-worse-by-mangling-the-details/	None	None	Donald Trump	Salvador Rizzo	None	Trump cites sketchy data \xe2\x80\x94 and makes it worse by mangling the details	August 6	None	['The_Heritage_Foundation', 'Ronald_Reagan']
wast-00011	In less than two years, my administration has accomplished more than almost any administration in the history of our country.	false	 https://www.washingtonpost.com/politics/2018/09/26/fact-checking-president-trumps-speech-un-general-assembly/	None	None	Donald Trump	Glenn Kessler	None	Fact-checking President Trump's speech to the U.N. General Assembly	September 26	None	['None']
wast-00127	"According to a survey by the National Small Business Association, the average small business spends $83,000 to comply with regulations in just their first year of existence."	3 pinnochios	 https://www.washingtonpost.com/news/fact-checker/wp/2018/04/30/kevin-mccarthys-claim-that-the-labor-participation-rate-is-going-back-up-under-trump/	None	None	Donald Trump	Meg Kelly	None	Do small businesses face $83,000 in start-up costs to comply with regulations?	April 27	None	['None']
wast-00076	I think one of the tremendous opportunities that we\'re seeing because the economy is so strong is that people who have been out of the workforce are coming back off the sidelines. And this is something we are working incredibly hard to incentivize. Because there is a large population of prime-age men and women who are out of the workforce and who are now slowly starting to return. Two million people have come off food stamps and are starting to reenter the economy, and we think that's incredibly positive and we're very excited about that.	2 pinnochios	 https://www.washingtonpost.com/news/fact-checker/wp/2018/07/05/are-people-coming-back-off-the-sidelines-as-ivanka-trump-says/	None	None	Ivanka Trump	Meg Kelly	None	Are people \xe2\x80\x98coming back off the sidelines' and into the workforce, as Ivanka Trump says?	July 5	None	['None']
wast-00075	So here are just a few statistics on the human toll of illegal immigration. According to a 2011 government report, the arrests attached to the criminal alien population included an estimated 25,000 people for homicide, 42,000 for robbery, nearly 70,000 for sex offenses, and nearly 15,000 for kidnapping. In Texas alone, within the last seven years, more than a quarter-million criminal aliens have been arrested and charged with over 600,000 criminal offenses. \xe2\x80\xa6 Sixty-three thousand Americans since 9/11 have been killed by illegal aliens. This isn't a problem that's going away; it's getting bigger.	4 pinnochios	 https://www.washingtonpost.com/news/fact-checker/wp/2018/07/06/trump-falsely-claims-the-human-toll-of-illegal-immigration/	None	None	Donald Trump	Meg Kelly	None	Fact-checking President Trump's numbers on the \xe2\x80\x98human toll of illegal immigration'	July 6	None	['Texas', 'United_States']
wast-00200	"Mr. Trump did indeed send his plane ... to transport over 200 Gulf War Marines back home."	4 pinnochios	 https://www.washingtonpost.com/news/fact-checker/wp/2016/08/11/too-good-to-check-sean-hannitys-tale-of-a-trump-rescue/	None	None	Donald Trump campaign	Glenn Kessler	None	Too good to check: Sean Hannity's tale of a Trump rescue	August 11, 2016	None	['None']
wast-00112	No \xe2\x80\xa6 .And I saw that in the media. I don't know what \xe2\x80\x94 maybe someone misunderstood something I said. I didn't believe that and didn't say that.	2 pinnochios	 https://www.washingtonpost.com/news/fact-checker/wp/2018/05/18/comeys-claim-he-didnt-tell-congress-that-fbi-agents-thought-flynn-was-not-intentionally-lying/	None	None	James Comey	Glenn Kessler	None	Comey's claim he didn't tell Congress that FBI agents thought Flynn was not intentionally lying	May 18	None	['None']
wast-00108	In our omnibus bill that we passed a -- just a few weeks ago, we had $1.8 billion -- I think it was $1.8 billion, it could be $1.6 billion in there for this purpose, for schools to make -- to give them an opportunity to secure them.	3 pinnochios	 https://www.washingtonpost.com/news/fact-checker/wp/2018/05/23/the-trump-administrations-bogus-spin-that-it-obtained-2-billion-for-school-safety/	None	None	Nancy Pelosi	Glenn Kessler	None	The Trump administration's bogus spin that it obtained $2 billion for \xe2\x80\x98school safety'	May 23	None	['None']
wast-00132	That was going to happen \xe2\x80\x94 the baby boomers retiring was going do that. These deficit \xe2\x80\x94 trillion-dollar projections have been out there for a long, long time."	not the whole story	 https://www.washingtonpost.com/news/fact-checker/wp/2018/04/18/dissecting-house-speaker-ryans-remarks-on-deficits-and-spending/	None	None	Paul Ryan	Glenn Kessler	None	Dissecting House Speaker Ryan's remarks on deficits and spending	April 18	None	['None']
wast-00226	"I am taking action to affirm and improve the state's commitment to privacy and equality. To that end, today I have signed an executive order with the goal of achieving that fine balance.	3 pinnochios	 https://www.washingtonpost.com/news/fact-checker/wp/2016/04/18/north-carolina-governors-misleading-claim-about-his-executive-order-and-the-lgbt-law/	None	None	Pat McCrory	Michelle Ye Hee Lee	None	North Carolina governor's misleading claim about his executive order and the LGBT law	April 18, 2016	None	['None']
wast-00199	I'm proud to be from the state that has the largest education voucher program in America.	2 pinnochios	 https://www.washingtonpost.com/news/fact-checker/wp/2016/08/12/mike-pences-claim-that-indiana-has-the-largest-school-voucher-program/	None	None	Mike Pence	Michelle Ye Hee Lee	None	Mike Pence's claim that Indiana has the largest school voucher program	August 12, 2016	None	['United_States']
wast-00004	Elaine Luria has quietly committed to step toward a big-government takeover of health care. It would cost $32 trillion. It could double the amount of taxes every individual and business pays, ending Medicare as we know it.	4 pinnochios	 https://www.washingtonpost.com/politics/2018/10/04/gop-ads-falsely-depict-democrats-supporters-sanderss-health-plan/	None	None	National Republican Congressional Committee	Glenn Kessler	None	GOP ads falsely depict Democrats as supporters of Sanders's health plan	October 4	None	['Medicare_(United_States)']
wast-00191	You have to be wealthy in order to be great, I'm sorry to say it.	2 pinnochios	 https://www.washingtonpost.com/news/fact-checker/wp/2016/08/23/pro-clinton-group-takes-a-donald-trump-quotes-out-of-context/	None	None	Priorities USA	Glenn Kessler	None	Pro-Clinton group takes a Donald Trump quote out of context	August 23, 2016	None	['None']
wast-00009	You know I got 52 percent with women. Everyone said this couldn't happen \xe2\x80\x94 52 percent.	false	 https://www.washingtonpost.com/politics/2018/09/27/fact-checking-president-trumps-statements-about-sexual-misconduct-allegations/	None	None	Donald Trump	Glenn Kessler	None	Fact-checking President Trump's statements about sexual misconduct allegations	September 26	None	['None']
wast-00067	"I do understand, but I also understand that you know, [abortion is] a 50/50 question in this country. I think [Supreme Court nominee Brett Kavanaugh] is going to be confirmed and someday in the distant future there could be a vote."	needs context	 https://www.washingtonpost.com/news/fact-checker/wp/2018/07/19/whos-in-favor-of-abortion/	None	None	Donald Trump	Meg Kelly	None	How many Americans back abortion rights?	July 19	None	['None']
wast-00027	"Our coal miners are back to work.	false	 https://www.washingtonpost.com/politics/2018/09/12/anatomy-trump-rally-percent-claims-are-false-misleading-or-lacking-evidence/	None	None	Donald Trump	Glenn Kessler	None	Anatomy of a Trump rally: 70 percent of claims are false, misleading or lacking evidence	September 12	None	['None']
wast-00123	Our Border Laws are very weak while those of Mexico & Canada are very strong. Congress must change these Obama era, and other, laws NOW! The Democrats stand in our way - they want people to pour into our country unchecked....CRIME! We will be taking strong action today.	needs context	 https://www.washingtonpost.com/news/fact-checker/wp/2018/05/07/fact-checking-president-trumps-claims-on-immigration/	None	None	Donald Trump	Meg Kelly	None	Fact-checking President Trump's claims on immigration	May 7	None	['Barack_Obama', 'United_States_Congress', 'Democratic_Party_(United_States)']
wast-00023	3000 people did not die in the two hurricanes that hit Puerto Rico. When I left the Island, AFTER the storm had hit, they had anywhere from 6 to 18 deaths."	4 pinnochios	 https://www.washingtonpost.com/politics/2018/09/13/president-trumps-four-pinocchio-complaint-about-maria-death-toll-figures/	None	None	Donald Trump	Glenn Kessler	None	President Trump's Four-Pinocchio complaint about the Maria death toll figures	September 13	None	['Puerto_Rico']
wast-00019	We've accomplished an economic turnaround of historic proportions.	false	 https://www.washingtonpost.com/politics/2018/09/18/trump-economy-versus-obama-economy/	None	None	Donald Trump	Meg Kelly	None	The \xe2\x80\x98Trump economy' vs. the \xe2\x80\x98Obama economy'	September 18	None	['None']
wast-00220	We flood communities with so many guns that it is easier for a teenager to buy a Glock than get his hands on a computer or even a book.	3 pinnochios	 https://www.washingtonpost.com/news/fact-checker/wp/2016/07/14/obamas-strange-claim-that-it-is-easier-for-teens-to-buy-a-glock-than-get-a-book/	None	None	Barack Obama	Michelle Ye Hee Lee	None	Obama's strange claim that it is easier for teens to buy a Glock than get a book	July 14, 2016	None	['None']
wast-00120	This disastrous deal gave this regime \xe2\x80\x94 and it's a regime of great terror \xe2\x80\x94 many billions of dollars, some of it in actual cash \xe2\x80\x94 a great embarrassment to me as a citizen and to all citizens of the United States.	not the whole story	 https://www.washingtonpost.com/news/fact-checker/wp/2018/05/09/fact-checking-president-trumps-reasons-for-leaving-the-iran-nuclear-deal/	None	None	Donald Trump	Salvador Rizzo	None	Fact-checking President Trump's reasons for leaving the Iran nuclear deal	May 9	None	['United_States']
wast-00054	Let me thank the Koch brothers of all people for sponsoring a study that shows that Medicare for All would save the American people $2 trillion over a 10-year period."	3 pinnochios	 https://www.washingtonpost.com/news/fact-checker/wp/2018/08/07/democrats-seize-on-cherry-picked-claim-that-medicare-for-all-will-save-2-trillion/	None	None	Bernie Sanders	Glenn Kessler	None	Democrats seize on cherry-picked claim that \xe2\x80\x98Medicare-for-all' would save $2 trillion	August 7	None	['United_States', 'Medicare_(United_States)']
wast-00099	"... the World's most expensive Witch Hunt has found nothing on Russia & me so now they are looking at the rest of the World!"	2 pinnochios	 https://www.washingtonpost.com/news/fact-checker/wp/2018/06/04/fact-checking-president-trumps-attacks-on-the-cost-of-muellers-investigation/	None	None	Donald Trump	Salvador Rizzo	None	Fact-checking President Trump's attacks on the cost of Mueller's investigation	June 4	None	['None']
wast-00077	Just out that the Obama Administration granted citizenship, during the terrible Iran Deal negotiation, to 2,500 Iranians - including to government officials. How big (and bad) is that?	4 pinnochios	 https://www.washingtonpost.com/news/fact-checker/wp/2018/07/04/trump-claims-obama-gave-citizenship-to-2500-iranians-during-nuclear-deal-talks/	None	None	Donald Trump	Salvador Rizzo	None	Trump falsely claims Obama gave citizenship to 2,500 Iranians during nuclear deal talks	July 4	None	['Iran', 'Presidency_of_Barack_Obama']
wast-00010	I was accused by four or five women who got paid a lot of money to make up stories about me."	false	 https://www.washingtonpost.com/politics/2018/09/27/fact-checking-president-trumps-statements-about-sexual-misconduct-allegations/	None	None	Donald Trump	Glenn Kessler	None	Fact-checking President Trump's statements about sexual misconduct allegations	September 26	None	['None']
wast-00071	Many countries owe us a tremendous amount of money for many years back, where they\'re delinquent, as far as I\'m concerned, because the United States has had to pay for them.	false	 https://www.washingtonpost.com/news/fact-checker/wp/2018/07/13/many-fact-checks-later-president-trump-is-still-botching-nato-spending/	None	None	Donald Trump	Meg Kelly	None	Many fact checks later, President Trump is (still) botching NATO spending	July 13	None	['United_States']
wast-00087	We do not have a policy of separating families at the border. Period.	4 pinnochios	 https://www.washingtonpost.com/news/fact-checker/wp/2018/06/19/the-facts-about-trumps-policy-of-separating-families-at-the-border/	None	None	Kirstjen Nielsen	Salvador Rizzo	None	The facts about Trump's policy of separating families at the border	June 19	None	['None']
wast-00195	"The FBI director ... had to amend the previous day's statement, that she [Hillary Clinton] had never received any emails marked classified."	3 pinnochios	 https://www.washingtonpost.com/news/fact-checker/wp/2016/08/17/bill-clintons-misleading-claim-about-marked-classified-information-in-hillary-clintons-emails/	None	None	Bill Clinton	Michelle Ye Hee Lee	None	Bill Clinton's misleading claim about \xe2\x80\x98marked classified' information in Hillary Clinton's emails	August 17, 2016	None	['Federal_Bureau_of_Investigation', 'Hillary_Rodham_Clinton']
wast-00032	Politicians Andrew Cuomo and Anthony Brindisi made a big promise: $585 million of our tax dollars would turn upstate New York into a tech hub. But fraud and corruption killed their deal and wasted our money. \xe2\x80\xa6 Lost money. Lost jobs.	4 pinnochios	 https://www.washingtonpost.com/politics/2018/08/31/fact-checking-republican-attack-ads-tight-house-races/	None	None	Congressional Leadership Fund	Salvador Rizzo	None	Fact-checking Republican attack ads in tight House races	August 31	None	['New_York_City']
wast-00151	"At the court in Canada, we always lose. Well, the judges are three Canadians and two Americans. We always lose."	3 pinnochios	 https://www.washingtonpost.com/news/fact-checker/wp/2017/05/22/president-trumps-claim-that-we-always-lose-in-u-s-canada-trade-disputes/	None	None	Donald Trump	Michelle Ye Hee Lee	None	President Trump's claim that \xe2\x80\x98we always lose' in U.S.-Canada trade disputes	May 22, 2017	None	['Canada', 'United_States']
wast-00083	Hiring many thousands of judges, and going through a long and complicated legal process, is not the way to go - will always be disfunctional. People must simply be stopped at the Border and told they cannot come into the U.S. illegally. Children brought back to their country...... ....If this is done, illegal immigration will be stopped in it's tracks - and at very little, by comparison, cost. This is the only real answer - and we must continue to BUILD THE WALL!	3 pinnochios	 https://www.washingtonpost.com/news/fact-checker/wp/2018/06/26/president-trumps-misconceptions-about-immigration-courts-and-law/	None	None	Donald Trump	Salvador Rizzo	None	President Trump's misconceptions about immigration courts and law	June 26	None	['United_States']
wast-00153	"The Democrats made up and pushed the Russian story as an excuse for running a terrible campaign. Big advantage in Electoral College & lost!"	4 pinnochios	 https://www.washingtonpost.com/news/fact-checker/wp/2017/03/20/president-trumps-terrible-horrible-no-good-very-bad-twitter-day/	None	None	Donald Trump	Glenn Kessler	None	President Trump's terrible, horrible, no good, very bad Twitter day	March 20, 2017	None	['Russia', 'Democratic_Party_(United_States)']
wast-00097	"I left the White House $16 million in debt"	3 pinnochios	 https://www.washingtonpost.com/news/fact-checker/wp/2018/06/05/fact-checking-bill-clintons-meltdown-on-nbcs-today-show/	None	None	Bill Clinton	Glenn Kessler	None	Fact-Checking Bill Clinton's meltdown on NBC's \xe2\x80\x98Today Show'	June 5	None	['White_House']
wast-00026	"[Gorsuch was] first in his class at Harvard. First in his class at Oxford.	false	 https://www.washingtonpost.com/politics/2018/09/12/anatomy-trump-rally-percent-claims-are-false-misleading-or-lacking-evidence/	None	None	Donald Trump	Glenn Kessler	None	Anatomy of a Trump rally: 70 percent of claims are false, misleading or lacking evidence	September 12	None	['Harvard_University', 'Oxford']
wast-00058	Now he's lying about Social Security and Medicare. O'Connor supports a Pelosi-backed plan that cuts Medicare spending by $800 billion.	4 pinnochios	 https://www.washingtonpost.com/news/fact-checker/wp/2018/08/04/mediscare-attack-ad-in-ohio-special-election-conjures-up-nonexistent-plan-to-cut-spending/	None	None	Congressional Leadership Fund	Glenn Kessler	None	Do Democrats have a \xe2\x80\x98plan' to cut Medicare spending by $800 billion?	August 4	None	['Medicare_(United_States)', 'Social_Security_(United_States)']
wast-00186	Under #ACA, everyone's insurance got upgraded & most can find a plan on the marketplace for $75/month or less.	needs context	 https://www.washingtonpost.com/news/fact-checker/wp/2016/09/01/the-white-house-claim-that-most-people-on-obamacare-pay-75-or-less/	None	None	Josh Earnest	Glenn Kessler	None	The White House claim that \xe2\x80\x98most' people on Obamacare pay $75 or less	September 1, 2016	None	['None']
wast-00091	"It's the law [to separate immigrant families], and that's what the law states."	false	 https://www.washingtonpost.com/news/fact-checker/wp/2018/06/14/recidivism-watch-trump-administration-again-blames-others-for-its-own-family-separation-policy/	None	None	Sarah Huckabee Sanders	Salvador Rizzo	None	Recidivism Watch: Trump administration again blames others for its own family separation policy	June 14	None	['None']
wast-00117	There was an internal investigation of the issue conducted by one of my predecessors, Mr. Morell, who found no fault with my actions and that my decisions were consistent with my obligations as an agency officer.	not the whole story	 https://www.washingtonpost.com/news/fact-checker/wp/2018/05/11/cia-director-nominee-haspel-and-destruction-of-interrogation-tapes-contradictions-and-questions/	None	None	Gina Haspel	Glenn Kessler	None	CIA director nominee Haspel and the destruction of interrogation tapes: Contradictions and questions	May 11	None	['None']
wast-00020	We continue to find more evidence that Judge Kavanaugh misled me and the Judiciary Committee under oath. \xe2\x80\xa6 Emails from 2002 and 2003 show that then-Associate White House Counsel Brett Kavanaugh played a substantial role in the decision to nominate Haynes.	2 pinnochios	 https://www.washingtonpost.com/politics/2018/09/17/did-brett-kavanaugh-give-false-testimony-under-oath/	None	None	Richard J. Durbin	Salvador Rizzo	None	Did Brett Kavanaugh give false testimony under oath?	September 17	None	['White_House']
wast-00025	"That electoral college, we won by a lot.	false	 https://www.washingtonpost.com/politics/2018/09/12/anatomy-trump-rally-percent-claims-are-false-misleading-or-lacking-evidence/	None	None	Donald Trump	Glenn Kessler	None	Anatomy of a Trump rally: 70 percent of claims are false, misleading or lacking evidence	September 12	None	['None']
wast-00061	Department of Justice, as you know, initiated the request for inclusion of the citizenship question [in the 2020 Census].	4 pinnochios	 https://www.washingtonpost.com/news/fact-checker/wp/2018/07/30/wilbur-rosss-false-claim-to-congress-that-the-census-citizenship-question-was-dojs-idea/	None	None	Wilbur Ross	Salvador Rizzo	None	Wilbur Ross's false claim to Congress that the census citizenship question was DOJ's idea	July 30	None	['None']
wast-00206	Sen. John McCain "has not done a good job for the vets."	3 pinnochios	 https://www.washingtonpost.com/news/fact-checker/wp/2016/08/05/trumps-claim-that-mccain-has-not-done-a-good-job-for-veterans/	None	None	Donald Trump	Michelle Ye Hee Lee	None	Trump's claim that McCain has \xe2\x80\x98not done a good job' for veterans	August 5, 2016	None	['John_McCain']
wast-00221	"A shocking 20 veterans are committing suicide each and every day, especially our older veterans."	none	 https://www.washingtonpost.com/news/fact-checker/wp/2016/07/13/trump-correctly-uses-new-statistic-that-there-are-20-veteran-suicides-a-day/	None	None	Donald Trump	Michelle Ye Hee Lee	None	Trump correctly uses new statistic that there are 20 veteran suicides a day	July 13, 2016	None	['None']
wast-00173	Clinton campaign was "pressing it very hard" on birther issue.	4 pinnochios	 https://www.washingtonpost.com/news/fact-checker/wp/2016/09/27/fact-checking-the-first-clinton-trump-presidential-debate/	None	None	Donald Trump	Glenn Kessler	None	Fact-checking the first Clinton-Trump presidential debate	September 27, 2016	None	['Bill_Clinton']
wast-00179	One in six men aged 18 to 34 are either in jail or out of work" because of Obama\'s policies.	2 pinnochios	 https://www.washingtonpost.com/news/fact-checker/wp/2016/09/16/trumps-claim-one-in-six-young-men-are-jobless-or-in-jail-because-of-obamas-policies/	None	None	Donald Trump	Michelle Ye Hee Lee	None	Trump's claim \xe2\x80\x98one in six' young men are jobless or in jail because of Obama's policies	September 16, 2016	None	['None']
wast-00055	Ninety-five percent of American manufacturers are optimistic about their company\'s outlook. And that\'s the highest level, also, in history. And that\'s an old survey. Been around a long time.	2 pinnochios	 https://www.washingtonpost.com/news/fact-checker/wp/2018/08/06/president-trump-cites-sketchy-data-and-makes-it-worse-by-mangling-the-details/	None	None	Donald Trump	Salvador Rizzo	None	Trump cites sketchy data \xe2\x80\x94 and makes it worse by mangling the details	August 6	None	['United_States']
wast-00146	Terrible! Just found out that Obama had my \xe2\x80\x98wires tapped' in Trump Tower just before the victory. Nothing found. This is McCarthyism!	4 pinnochios	 https://www.washingtonpost.com/news/fact-checker/wp/2017/09/22/is-president-trump-vindicated-on-his-claim-of-wires-tapped-by-obama/	None	None	Donald Trump	Michelle Ye Hee Lee	None	Is President Trump vindicated on his claim of \xe2\x80\x98wires tapped' by Obama?	September 22, 2017	None	['Barack_Obama']
wast-00165	Donald Trump wants to eliminate overtime pay for people. . . . He nominates someone to head the Labor Department who wants to gut overtime pay.	2 pinnochios	 https://www.washingtonpost.com/news/fact-checker/wp/2017/03/03/tom-perezs-claim-that-trump-wants-to-eliminate-overtime-pay/	None	None	Tom Perez	Michelle Ye Hee Lee	None	Tom Perez's claim that Trump wants to \xe2\x80\x98eliminate overtime pay'	March 3, 2017	None	['Donald_Trump']
wast-00089	"When I passed marriage equality, I went down in the polls. \xe2\x80\xa6 When we started with marriage equality, the majority of the people in this state were against it. It wasn't even close."	3 pinnochios	 https://www.washingtonpost.com/news/fact-checker/wp/2018/06/15/andrew-cuomo-overstates-his-record-on-same-sex-marriage/	None	None	Andrew Cuomo	Salvador Rizzo	None	Andrew Cuomo overstates his record on same-sex marriage	June 15	None	['None']
wast-00121	In seven years, that deal will have expired, and Iran is free to go ahead and create nuclear weapons. That's not acceptable. Seven years is tomorrow.	4 pinnochios	 https://www.washingtonpost.com/news/fact-checker/wp/2018/05/08/trumps-claim-that-iran-could-build-nuclear-weapons-in-seven-years/	None	None	Donald Trump	Salvador Rizzo	None	Trump's claim that Iran could build nuclear weapons in seven years	May 8	None	['Iran']
wast-00024	"The last time Democrats were in power, they cut Medicare by more than $700 billion to pay for the scandalous Obamacare. Now Democrats want to steal trillions of dollars from Medicare.	false	 https://www.washingtonpost.com/politics/2018/09/12/anatomy-trump-rally-percent-claims-are-false-misleading-or-lacking-evidence/	None	None	Donald Trump	Glenn Kessler	None	Anatomy of a Trump rally: 70 percent of claims are false, misleading or lacking evidence	September 12	None	['Medicare_(United_States)', 'Democratic_Party_(United_States)', 'Patient_Protection_and_Affordable_Care_Act']
wast-00104	Clapper has now admitted that there was Spying in my campaign. Large dollars were paid to the Spy, far beyond normal. Starting to look like one of the biggest political scandals in U.S. history. SPYGATE - a terrible thing!	4 pinnochios	 https://www.washingtonpost.com/news/fact-checker/wp/2018/05/25/president-trumps-fog-of-scandals-and-outrages-about-the-mueller-investigation/	None	None	Donald Trump	Glenn Kessler	None	President Trump's fog of \xe2\x80\x98scandals' and outrages about the Mueller investigation	May 25	None	['United_States']
wast-00092	Chairman Kim and I just signed a joint statement which he reaffirmed his unwavering commitment to complete denuclearization of the Korean Peninsula."	not the whole story	 https://www.washingtonpost.com/news/fact-checker/wp/2018/06/13/fact-checking-president-trumps-claims-about-the-north-korea-deal/	None	None	Donald Trump	Glenn Kessler	None	Fact-checking President Trump's claims about the North Korea deal	June 13	None	['None']
wast-00162	The Attorney General has reported to me that more than 300 persons who entered the United States as refugees are currently the subjects of counterterrorism investigations by the Federal Bureau of Investigation.	3 pinnochios	 https://www.washingtonpost.com/news/fact-checker/wp/2017/03/06/trumps-claim-that-more-than-300-refugees-are-the-subject-of-counterterrorism-investigations/	None	None	Donald Trump	Michelle Ye Hee Lee	None	Trump's claim that \xe2\x80\x98more than 300' refugees are subjects of counterterrorism investigations	March 6, 2017	None	['United_States', 'Federal_Bureau_of_Investigation']
wast-00189	Trump has made his plans for immigrants and their families clear.	2 pinnochios	 https://www.washingtonpost.com/news/fact-checker/wp/2016/08/29/the-clinton-campaigns-slippy-rhetoric-on-trumps-immigrant-plans/	None	None	Hillary Clinton	Glenn Kessler	None	The Clinton campaign's slippery rhetoric on Trump's \xe2\x80\x98immigrant' plans	August 29, 2016	None	['None']
wast-00056	Small-business optimism has reached an all-time high. It\'s the highest it\'s ever been recorded.	2 pinnochios	 https://www.washingtonpost.com/news/fact-checker/wp/2018/08/06/president-trump-cites-sketchy-data-and-makes-it-worse-by-mangling-the-details/	None	None	Donald Trump	Salvador Rizzo	None	Trump cites sketchy data \xe2\x80\x94 and makes it worse by mangling the details	August 6	None	['None']
wast-00064	So we now find out that it was indeed the unverified and Fake Dirty Dossier, that was paid for by Crooked Hillary Clinton and the DNC, that was knowingly & falsely submitted to FISA and which was responsible for starting the totally conflicted and discredited Mueller Witch Hunt!	false	 https://www.washingtonpost.com/news/fact-checker/wp/2018/07/24/over-four-days-false-claims-dominated-trumps-twitter-feed/	None	None	Donald Trump	Salvador Rizzo	None	Over four days, false claims dominated Trump's Twitter feed	July 24	None	['Democratic_National_Committee']
wast-00017	"I have thought about this, Senator. There was nothing out of the ordinary of what Senate staffs would tell us or what we would hear from our legislative affairs folks. That said, I cannot tell you whether something that he said at some point, directly or indirectly, derived from his knowledge that may have come from these documents. I just cannot speak to that at all. I can say, in direct response to your question, that, no, I never suspected anything untoward."	3 pinnochios	 https://www.washingtonpost.com/politics/2018/09/20/brett-kavanaughs-unlikely-story-about-democrats-stolen-documents/	None	None	Brett M. Kavanaugh	Salvador Rizzo	None	Brett Kavanaugh's unlikely story about Democrats' stolen documents	September 20	None	['None']
wast-00110	"It\'s pretty clear that a president can't be subpoenaed to a criminal proceeding about him.	not the whole story	 https://www.washingtonpost.com/news/fact-checker/wp/2018/05/22/can-the-president-be-indicted-or-subpoenaed/	None	None	Rudy Giuliani	Salvador Rizzo	None	Can the president be indicted or subpoenaed?	May 22	None	['None']
wast-00213	I have nothing to with Russia."	4 pinnochios	 https://www.washingtonpost.com/news/fact-checker/wp/2016/07/27/trumps-claim-that-i-have-nothing-to-do-with-russia/	None	None	Donald Trump	Glenn Kessler	None	Trump's claim that \xe2\x80\x98I have nothing to do with Russia'	July 27, 2016	None	['Russia']