bove-00140	Was Tom Moody Trolled By Communist Supporters From Kerala On Facebook? A FactCheck	none	https://www.boomlive.in/was-tom-moody-trolled-by-left-wing-supporters-from-kerala-on-facebook-a-factcheck/	None	None	None	None	None	Was Tom Moody Trolled By Communist Supporters From Kerala On Facebook? A FactCheck	Nov 21 2017 6:28 pm, Last Updated: Nov 23 2017 12:13 pm	None	['None']
bove-00110	2) CLAIM: Congress is 100% responsible for NPAs	none	https://www.boomlive.in/npas-are-congress-sin-says-pm-modi-a-factcheck/	None	None	None	None	None	NPAs Are Congress’ Sin Says PM Modi: A FactCheck	Feb 08 2018 8:56 pm, Last Updated: Feb 08 2018 11:11 pm	None	['None']
bove-00218	FactChecking Prime Minister Narendra Modi’s 8 I-Day Promises Over 3 Years	none	https://www.boomlive.in/factchecking-prime-minister-narendra-modis-8-i-day-promises-over-3-years/	None	None	None	None	None	FactChecking Prime Minister Narendra Modi’s 8 I-Day Promises Over 3 Years	Aug 15 2017 10:56 am, Last Updated: Aug 15 2017 2:05 pm	None	['None']
bove-00171	It’s Not Mass Panic, It’s Crowd Science: How To Escape A Stampede	none	https://www.boomlive.in/its-not-mass-panic-its-crowd-science-how-to-escape-a-stampede/	None	None	None	None	None	It’s Not Mass Panic, It’s Crowd Science: How To Escape A Stampede	Sep 30 2017 9:00 am	None	['None']
bove-00087	Did Rahul Gandhi Say SC/ST Act Has Been Scrapped? A FactCheck	none	https://www.boomlive.in/did-rahul-gandhi-say-sc-st-act-has-been-scrapped-a-factcheck/	None	None	None	None	None	Did Rahul Gandhi Say SC/ST Act Has Been Scrapped? A FactCheck	Apr 05 2018 7:58 pm, Last Updated: Apr 09 2018 11:43 am	None	['None']
bove-00159	Fact Vs Fiction: Did Narendra Modi Sell Tea & Did Rahul Gandhi Enter A Women’s Toilet?	none	https://www.boomlive.in/fact-vs-fiction-did-narendra-modi-sell-tea-did-rahul-gandhi-enter-a-womens-toilet36662-2/	None	None	None	None	None	Fact Vs Fiction: Did Narendra Modi Sell Tea & Did Rahul Gandhi Enter A Women’s Toilet?	Oct 19 2017 5:10 pm, Last Updated: Nov 06 2017 12:10 pm	None	['None']
bove-00028	Army Man Behind The Viral Kerala Floods Video: Is He An ‘Imposter’?	none	https://www.boomlive.in/army-man-behind-the-viral-kerala-floods-video-is-he-an-imposter/	None	None	None	None	None	Army Man Behind The Viral Kerala Floods Video: Is He An ‘Imposter’?	Aug 20 2018 1:10 pm	None	['None']
bove-00100	BJP’s H Raja Tweets Moral Policing Protest Photo From Delhi As IIT Madras	none	https://www.boomlive.in/bjps-h-raja-tweets-moral-policing-protest-photo-from-delhi-as-iit-madras/	None	None	None	None	None	BJP’s H Raja Tweets Moral Policing Protest Photo From Delhi As IIT Madras	Feb 28 2018 5:27 pm, Last Updated: Mar 01 2018 1:21 pm	None	['Delhi']
bove-00069	BJP Revives Rajiv Gandhi’s 1984 Speech Video Justifying Sikh Riots	none	https://www.boomlive.in/bjp-revives-rajiv-gandhis-1984-speech-video-justifying-sikh-riots/	None	None	None	None	None	BJP Revives Rajiv Gandhi’s 1984 Speech Video Justifying Sikh Riots	May 22 2018 9:40 pm, Last Updated: May 22 2018 9:42 pm	None	['None']
bove-00228	No Night On August 12, Say WhatsApp Forwards: Separating Space News From Junk News	none	https://www.boomlive.in/no-night-on-august-12-say-whatsapp-forwards-separating-space-news-from-junk-news/	None	None	None	None	None	No Night On August 12, Say WhatsApp Forwards: Separating Space News From Junk News	Aug 07 2017 5:45 pm, Last Updated: Aug 16 2017 1:45 pm	None	['None']
bove-00098	Karnataka CM’s Twitter Handle Tweeted A Photo From Germany For The Shakti Sthala Project	none	https://www.boomlive.in/karnataka-cms-twitter-handle-tweeted-a-photo-from-germany-for-the-shakti-sthala-project/	None	None	None	None	None	Karnataka CM’s Twitter Handle Tweeted A Photo From Germany For The Shakti Sthala Project	Mar 05 2018 5:26 pm, Last Updated: Mar 10 2018 1:33 am	None	['Germany']
bove-00226	Arun Jaitley Claims More Violence In Kerala During Left Rule: Is It True?	none	https://www.boomlive.in/arun-jaitley-claims-more-violence-in-kerala-during-left-rule-is-it-true/	None	None	None	None	None	Arun Jaitley Claims More Violence In Kerala During Left Rule: Is It True?	Aug 08 2017 2:31 pm, Last Updated: Aug 08 2017 2:48 pm	None	['None']
bove-00038	Assam NRC Row: All You Need To Know	none	https://www.boomlive.in/assam-nrc-row-all-you-need-to-know/	None	None	None	None	None	Assam NRC Row: All You Need To Know	Aug 02 2018 6:28 pm, Last Updated: Aug 02 2018 8:45 pm	None	['None']
bove-00097	Fact Vs Fiction: Cadbury Chocolates Contaminated With HIV?	none	https://www.boomlive.in/fact-vs-fiction-cadbury-chocolates-contaminated-hiv/	None	None	None	None	None	Fact Vs Fiction: Cadbury Chocolates Contaminated With HIV?	Mar 10 2018 1:09 pm	None	['None']
bove-00040	CNBCTV18 Tweets Incorrect Assam Demographic Data, Deletes Later	none	https://www.boomlive.in/cnbctv18-tweets-incorrect-assam-demographic-data-deletes-later/	None	None	None	None	None	CNBCTV18 Tweets Incorrect Assam Demographic Data, Deletes Later	Jul 31 2018 8:47 pm	None	['None']
bove-00184	This Is A Cartoon, Not The Fly-Past For Marshal Of The IAF Arjan Singh	none	https://www.boomlive.in/this-is-a-cartoon-not-the-fly-past-for-marshal-of-the-iaf-arjan-singh/	None	None	None	None	None	This Is A Cartoon, Not The Fly-Past For Marshal Of The IAF Arjan Singh	Sep 20 2017 2:32 pm, Last Updated: Sep 20 2017 9:32 pm	None	['None']
bove-00146	CLAIM: Saudi Arabia Beheads First Female Robot Citizen	rating: false	https://www.boomlive.in/fake-news-saudi-arabia-did-not-behead-its-first-female-robot-citizen/	FACT: Duffel Blog, the website that published the story, is a satirical or parody website in the U.S. It is also known as the military version of ‘The Onion’.	None	None	None	None	FAKE NEWS: Saudi Arabia Did Not Behead Its First Female Robot Citizen	Nov 11 2017 9:12 am, Last Updated: Nov 17 2017 6:28 pm	None	['None']
bove-00212	SC Bars Instant Talaq Not Triple Talaq: All You Need To Know About Muslim Divorces	none	https://www.boomlive.in/sc-bars-instant-talaq-not-triple-talaq-all-you-need-to-know-about-muslim-divorces/	None	None	None	None	None	SC Bars Instant Talaq Not Triple Talaq: All You Need To Know About Muslim Divorces	Aug 22 2017 5:22 pm, Last Updated: Aug 22 2017 6:47 pm	None	['None']
bove-00256	In 2013, It Was Not Sushma Vs Meira But Sushma Vs Sonia: A FactCheck	none	https://www.boomlive.in/in-2013-it-was-not-sushma-vs-meira-but-sushma-vs-sonia-a-factcheck/	None	None	None	None	None	In 2013, It Was Not Sushma Vs Meira But Sushma Vs Sonia: A FactCheck	Jun 30 2017 5:46 pm, Last Updated: Jul 10 2017 3:40 pm	None	['None']
bove-00054	Airtel ‘Bigotry’ Row: The Gaganjot Tweet To Pooja That Everyone Missed	none	https://www.boomlive.in/airtel-bigotry-row-the-gaganjot-tweet-to-pooja-that-everyone-missed/	None	None	None	None	None	Airtel ‘Bigotry’ Row: The Gaganjot Tweet To Pooja That Everyone Missed	Jun 21 2018 8:03 pm, Last Updated: Jun 21 2018 8:05 pm	None	['None']
bove-00265	Rape Cases Rise Under Modi Govt? How The Congress Got It Wrong	none	https://www.boomlive.in/rape-cases-rise-under-modi-govt-how-the-congress-got-it-wrong/	None	None	None	None	None	Rape Cases Rise Under Modi Govt? How The Congress Got It Wrong	May 24 2017 2:20 pm, Last Updated: Jun 16 2017 7:24 pm	None	['None']
bove-00216	Niagara Falls Illuminated In The Tricolour Is Not Fake But This Picture Is	none	https://www.boomlive.in/niagara-falls-illuminated-in-the-tricolour-is-not-fake-but-this-picture-is/	None	None	None	None	None	Niagara Falls Illuminated In The Tricolour Is Not Fake But This Picture Is	Aug 17 2017 9:03 pm, Last Updated: Aug 19 2017 10:31 am	None	['None']
bove-00132	Indian News Outlets Run Istanbul Hailstones Video As Cyclone Ockhi In Mumbai	none	https://www.boomlive.in/indian-news-outlets-run-istanbul-hailstones-video-as-cyclone-ockhi-in-mumbai/	None	None	None	None	None	Indian News Outlets Run Istanbul Hailstones Video As Cyclone Ockhi In Mumbai	Dec 05 2017 3:17 pm, Last Updated: Dec 15 2017 2:42 pm	None	['Mumbai']
bove-00045	Pakistani Ad Agency Behind Child Kidnapping Video Breaks Its Silence	none	https://www.boomlive.in/pakistani-ad-agency-behind-child-kidnapping-video-breaks-its-silence/	None	None	None	None	None	Pakistani Ad Agency Behind Child Kidnapping Video Breaks Its Silence	Jul 06 2018 4:15 pm, Last Updated: Jul 06 2018 4:42 pm	None	['None']
bove-00270	Plastic Cabbages From China In India? No, It’s Wax Food Display Replicas In Japan	none	https://www.boomlive.in/plastic-cabbage-from-china-in-india-no-its-wax-food-display-replicas-in-japan/	None	None	None	None	None	Plastic Cabbages From China In India? No, It’s Wax Food Display Replicas In Japan	May 11 2017 8:07 pm, Last Updated: Jun 16 2017 7:32 pm	None	['Japan', 'India']
bove-00274	Did Baahubali Actor Prabhas Donate Rs. 121 Crore To CRPF Jawans?	none	https://www.boomlive.in/did-baahubalis-prabhas-meet-pm-to-donate-rs-121-crore-to-crpf-jawans/	None	None	None	None	None	Did Baahubali Actor Prabhas Donate Rs. 121 Crore To CRPF Jawans?	May 05 2017 12:14 pm, Last Updated: May 05 2017 3:08 pm	None	['None']
bove-00182	Did A Woman Protester Throw A Shoe At PM Narendra Modi?	none	https://www.boomlive.in/did-a-woman-protester-throw-a-shoe-at-pm-narendra-modi/	None	None	None	None	None	Did A Woman Protester Throw A Shoe At PM Narendra Modi?	Sep 22 2017 7:30 pm, Last Updated: Sep 23 2017 9:27 pm	None	['None']
bove-00207	Did Haryana Government Fly Dera Chief In An Adani Helicopter?: A FactCheck	none	https://www.boomlive.in/did-haryana-government-fly-dera-chief-in-an-adani-helicopter-a-factcheck/	None	None	None	None	None	Did Haryana Government Fly Dera Chief In An Adani Helicopter?: A FactCheck	Aug 27 2017 6:55 pm, Last Updated: Aug 27 2017 7:01 pm	None	['None']
bove-00186	Rohingya Crisis: Fake Images Are Sowing Distrust And Fueling Bigotry On Both Sides	none	https://www.boomlive.in/rohingya-crisis-fake-images-are-sowing-distrust-and-fueling-bigotry-on-both-sides/	None	None	None	None	None	Rohingya Crisis: Fake Images Are Sowing Distrust And Fueling Bigotry On Both Sides	Sep 17 2017 10:01 am, Last Updated: Sep 17 2017 3:53 pm	None	['None']
bove-00222	Video Of Students Beaten In Allahabad, UP Goes Viral As Valsad, Gujarat	none	https://www.boomlive.in/video-of-students-beaten-in-allahabad-up-goes-viral-as-valsad-gujarat/	None	None	None	None	None	Video Of Students Beaten In Allahabad, UP Goes Viral As Valsad, Gujarat	Aug 11 2017 3:35 pm, Last Updated: Aug 16 2017 1:32 pm	None	['Allahabad', 'Gujarat']
bove-00029	Viral Image Of PM Modi With AIIMS Doctors Creates A Stir: A FactCheck	none	https://www.boomlive.in/viral-image-of-pm-modi-with-aiims-doctors-creates-a-stir-a-factcheck/	None	None	None	None	None	Viral Image Of PM Modi With AIIMS Doctors Creates A Stir: A FactCheck	Aug 18 2018 9:06 am	None	['None']
bove-00014	Is This A Video Of Indian Soldiers Torturing A Kashmiri?: A FactCheck	none	https://www.boomlive.in/is-this-a-video-of-indian-soldiers-torturing-a-kashmiri-a-factcheck/	None	None	None	None	None	Is This A Video Of Indian Soldiers Torturing A Kashmiri?: A FactCheck	Sep 24 2018 6:19 pm, Last Updated: Sep 24 2018 11:41 pm	None	['None']
bove-00026	AP Police Confirm Assault On Forest Official, Deny Political Link	none	https://www.boomlive.in/ap-police-confirm-assault-on-forest-official-deny-political-link/	None	None	None	None	None	AP Police Confirm Assault On Forest Official, Deny Political Link	Aug 22 2018 7:36 pm, Last Updated: Aug 22 2018 11:12 pm	None	['None']
bove-00243	Video Exaggerates 9 Public Sector Banks Could Collapse Because Of Bad Loans: A FactCheck	none	https://www.boomlive.in/video-exaggerates-9-public-sector-banks-could-collapse-because-of-bad-loans-a-factcheck/	None	None	None	None	None	Video Exaggerates 9 Public Sector Banks Could Collapse Because Of Bad Loans: A FactCheck	Jul 13 2017 4:52 pm, Last Updated: Jul 14 2017 12:38 pm	None	['None']
bove-00277	Is UN Planning Biometric Identification For Humanity By 2030?: A FactCheck	none	https://www.boomlive.in/is-un-planning-biometric-identification-for-humanity-by-2030-a-factcheck/	None	None	None	None	None	Is UN Planning Biometric Identification For Humanity By 2030?: A FactCheck	Apr 27 2017 12:53 pm	None	['None']
bove-00122	Did Anna Hazare Draw Huge Crowds In Karnataka?: A FactCheck	none	https://www.boomlive.in/did-anna-hazare-draw-huge-crowds-in-karnataka-a-factcheck/	None	None	None	None	None	Did Anna Hazare Draw Huge Crowds In Karnataka?: A FactCheck	Jan 05 2018 2:35 pm, Last Updated: Jan 05 2018 3:15 pm	None	['None']
bove-00150	The Real Story Behind The Huge Crowds Gathered At IPhone Launches	none	https://www.boomlive.in/the-real-story-behind-the-huge-crowds-gathered-at-iphone-launches/	None	None	None	None	None	The Real Story Behind The Huge Crowds Gathered At IPhone Launches	Nov 06 2017 3:14 pm	None	['None']
bove-00189	No, This Is Not An Army Officer’s Son; This Is Pakistan’s Ghulam-e-Murtaza	none	https://www.boomlive.in/no-this-is-not-an-army-officers-son-this-is-pakistans-ghulam-e-murtaza/	None	None	None	None	None	No, This Is Not An Army Officer’s Son; This Is Pakistan’s Ghulam-e-Murtaza	Sep 13 2017 2:17 pm, Last Updated: Sep 23 2017 3:00 pm	None	['None']
bove-00041	Times Of India Uses Fake Image To Alert Readers About Viral Kiki Challenge	none	https://www.boomlive.in/times-of-india-uses-fake-image-to-alert-readers-about-viral-kiki-challenge/	None	None	None	None	None	Times Of India Uses Fake Image To Alert Readers About Viral Kiki Challenge	Jul 30 2018 6:40 pm	None	['None']
bove-00024	Crying Schoolgirl & Grandmother: Twists & Turns Behind This Viral Image	none	https://www.boomlive.in/crying-schoolgirl-grandmother-twists-turns-behind-this-viral-image/	None	None	None	None	None	Crying Schoolgirl & Grandmother: Twists & Turns Behind This Viral Image	Aug 23 2018 7:58 pm, Last Updated: Aug 24 2018 11:50 am	None	['None']
bove-00136	From Indian Media To NYT: How The ‘Donkeys Jailed In UP’ Story Went Viral	none	https://www.boomlive.in/from-indian-media-to-nyt-how-the-donkeys-jailed-in-up-story-went-viral/	None	None	None	None	None	From Indian Media To NYT: How The ‘Donkeys Jailed In UP’ Story Went Viral	Nov 29 2017 9:24 pm, Last Updated: Nov 29 2017 9:27 pm	None	['None']
bove-00167	Fact Vs Fiction: Fake News After Las Vegas Mass Shooting	none	https://www.boomlive.in/fact-vs-fiction-fake-news-after-las-vegas-mass-shooting/	None	None	None	None	None	Fact Vs Fiction: Fake News After Las Vegas Mass Shooting	Oct 06 2017 4:51 pm, Last Updated: Dec 15 2017 2:12 pm	None	['None']
bove-00012	Did Amit Shah Say 100 Crore Infiltrators Have Entered India?: A FactCheck	none	https://www.boomlive.in/did-amit-shah-say-100-crore-infiltrators-have-entered-india-a-factcheck/	None	None	None	None	None	Did Amit Shah Say 100 Crore Infiltrators Have Entered India?: A FactCheck	Sep 25 2018 8:29 pm, Last Updated: Sep 26 2018 1:37 pm	None	['None']
bove-00096	“Pure, Utter Rubbish,” Says Raghuram Rajan About Fake Quote On PNB Scam	none	https://www.boomlive.in/pure-utter-rubbish-says-raghuram-rajan-about-fake-quote-on-pnb-scam/	None	None	None	None	None	“Pure, Utter Rubbish,” Says Raghuram Rajan About Fake Quote On PNB Scam	Mar 10 2018 10:39 pm, Last Updated: Mar 15 2018 12:37 pm	None	['None']
bove-00292	Google Takes On Fake News With New Fact Check Feature	none	https://www.boomlive.in/google-launches-fact-check-feature-globally-to-fight-fake-news/	None	None	None	None	None	Google Takes On Fake News With New Fact Check Feature	Apr 08 2017 11:16 am, Last Updated: Apr 15 2017 3:07 pm	None	['None']
bove-00154	Over 65% Of Crimes Against Foreign Tourists Are Theft: A Data Fact File	none	https://www.boomlive.in/over-65-of-crimes-against-foreign-tourists-are-theft-a-data-fact-file/	None	None	None	None	None	Over 65% Of Crimes Against Foreign Tourists Are Theft: A Data Fact File	Oct 31 2017 7:43 pm, Last Updated: Nov 01 2017 10:45 am	None	['None']
bove-00183	No, Ramdev’s Patanjali Is Not Selling Chicken Masala Spice	none	https://www.boomlive.in/no-ramdevs-patanjali-is-not-selling-chicken-masala-spice/	None	None	None	None	None	No, Ramdev’s Patanjali Is Not Selling Chicken Masala Spice	Sep 21 2017 5:09 pm, Last Updated: Sep 22 2017 1:35 pm	None	['None']
bove-00127	Fact Vs Fiction: Fake Image Of The Indian Soldiers, Shashi Tharoor’s Goof-Up On Twitter	none	https://www.boomlive.in/fact-vs-fiction-fake-image-of-the-indian-soldiers-malicious-video-from-pakistan-shared-to-stir-bigotry/	None	None	None	None	None	Fact Vs Fiction: Fake Image Of The Indian Soldiers, Shashi Tharoor’s Goof-Up On Twitter	Dec 22 2017 1:51 pm	None	['None']
bove-00064	J&K Police Slams Madhu Kishwar, Calls Her Tweet On Burhan Wani ‘Concocted’	none	https://www.boomlive.in/jk-police-slams-madhu-kishwar-calls-her-tweet-on-burhan-wani-concocted/	None	None	None	None	None	J&K Police Slams Madhu Kishwar, Calls Her Tweet On Burhan Wani ‘Concocted’	May 29 2018 6:55 pm, Last Updated: May 29 2018 6:57 pm	None	['None']
bove-00070	2015 Video Of Karnataka Governor’s National Anthem Faux Pas Goes Viral	none	https://www.boomlive.in/2015-video-of-karnataka-governors-national-anthem-faux-pas-goes-viral/	FACT: The faux pas by the Karnataka Governor took place on March 10, 2015 when he walked off the stage even as the national anthem was being played at the swearing-in of a Karnataka High Court judge at Raj Bhavan, reported The Times of India.	None	None	None	None	2015 Video Of Karnataka Governor’s National Anthem Faux Pas Goes Viral	May 17 2018 7:53 pm, Last Updated: May 17 2018 8:04 pm	None	['None']
bove-00008	CLAIM: A mob attacked a petrol pump in Odisha because petrol prices touched Rs. 100 per litre.	rating: false	https://www.boomlive.in/was-a-petrol-pump-in-odisha-attacked-because-of-soaring-fuel-prices-a-factcheck/	FACT: The petrol pump in Puri was vandalised over allegations that it was cheating customers.	None	None	None	None	Was A Petrol Pump In Odisha Attacked Because Of Soaring Fuel Prices? : A FactCheck	Oct 03 2018 8:26 pm, Last Updated: Oct 03 2018 8:37 pm	None	['Odisha']
bove-00166	Twitter Schools Congress: Indira Gandhi Did Not Inaugurate Vidyasagar Setu	none	https://www.boomlive.in/twitter-schools-congress-indira-gandhi-did-not-inaugurate-vidyasagar-setu/	None	None	None	None	None	Twitter Schools Congress: Indira Gandhi Did Not Inaugurate Vidyasagar Setu	Oct 10 2017 6:08 pm, Last Updated: Oct 10 2017 6:11 pm	None	['Indira_Gandhi']
bove-00291	FactCheck Alert: From Divorce Rate Among Muslims To Modi’s Stance On Aadhaar	none	https://www.boomlive.in/factcheck-alert-from-divorce-rate-among-muslims-to-modis-stance-on-aadhaar/	None	None	None	None	None	FactCheck Alert: From Divorce Rate Among Muslims To Modi’s Stance On Aadhaar	Apr 10 2017 11:22 am, Last Updated: Apr 15 2017 3:07 pm	None	['None']
bove-00145	Homophobic Or Politically Incorrect? Why Sri Sri’s Quote Should Not Be Seen In Isolation	none	https://www.boomlive.in/homophobic-or-politically-incorrect-why-sri-sris-quote-should-not-be-seen-in-isolation/	None	None	None	None	None	Homophobic Or Politically Incorrect? Why Sri Sri’s Quote Should Not Be Seen In Isolation	Nov 14 2017 6:15 pm, Last Updated: Nov 17 2017 4:07 pm	None	['None']
bove-00296	Fact Check Alert: Are Digital Transactions Rising? Social Media’s Ram Mandir Verified	none	https://www.boomlive.in/fact-check-alert-are-digital-transactions-rising-social-medias-ram-mandir-verified/	None	None	None	None	None	Fact Check Alert: Are Digital Transactions Rising? Social Media’s Ram Mandir Verified	Mar 30 2017 12:27 pm, Last Updated: Apr 15 2017 3:08 pm	None	['None']
bove-00239	President Kovind’s Twitter Account Did Not Add 3 Million Followers In 1 Hour	none	https://www.boomlive.in/president-kovinds-twitter-account-did-not-add-3-million-followers-in-1-hour/	None	None	None	None	None	President Kovind’s Twitter Account Did Not Add 3 Million Followers In 1 Hour	Jul 25 2017 8:06 pm, Last Updated: Jul 26 2017 3:27 pm	None	['None']
bove-00005	Chilling Video Of Man Pushing Strangers On To London Subway Tracks Goes Viral	none	https://www.boomlive.in/chilling-video-of-man-pushing-strangers-on-to-london-subway-tracks-goes-viral/	None	None	None	None	None	Chilling Video Of Man Pushing Strangers On To London Subway Tracks Goes Viral	Oct 10 2018 2:12 pm, Last Updated: Oct 12 2018 12:05 pm	None	['None']
bove-00052	RSS Vs Pakistan: 2016 Video of Indian Wrestlers Kavita Devi & Bull Bull Goes Viral	none	https://www.boomlive.in/rss-vs-pakistan-2016-video-of-indian-wrestlers-kavita-devi-bull-bull-goes-viral/	None	None	None	None	None	RSS Vs Pakistan: 2016 Video of Indian Wrestlers Kavita Devi & Bull Bull Goes Viral	Jun 24 2018 7:18 pm, Last Updated: Jun 25 2018 12:03 pm	None	['India', 'Pakistan']
bove-00169	300 Dengue Deaths In Kerala In One Year, Claims Yogi Adityanath: A FactCheck	none	https://www.boomlive.in/300-dengue-deaths-in-kerala-in-one-year-claims-yogi-adityanath-a-factcheck/	FACT: The above statement cannot be fact checked as there is no official data on deaths due to chikungunya.	None	None	None	None	300 Dengue Deaths In Kerala In One Year, Claims Yogi Adityanath: A FactCheck	Oct 04 2017 9:31 pm, Last Updated: Oct 04 2017 10:32 pm	None	['Kerala']
bove-00302	Did Edelman’s ‘Trust Report’ Call Indian Media Least Trustful? A FactCheck	none	https://www.boomlive.in/did-edelmans-trust-report-call-indian-media-least-trustful-a-factcheck/	None	None	None	None	None	Did Edelman’s ‘Trust Report’ Call Indian Media Least Trustful? A FactCheck	Mar 14 2017 1:15 pm, Last Updated: Jan 29 2018 5:30 pm	None	['None']
bove-00010	Johnny Depp’s Jack Sparrow Inspired By Krishna? News Sites Repeat Mystery Quote	none	https://www.boomlive.in/was-johnny-depps-jack-sparrow-inspired-by-krishna-news-sites-repeat-mystery-quote/	None	None	None	None	None	Johnny Depp’s Jack Sparrow Inspired By Krishna? News Sites Repeat Mystery Quote	Sep 29 2018 2:58 pm, Last Updated: Sep 29 2018 8:33 pm	None	['None']
bove-00020	Assam Police Call Out Fake Ad That Duped Territorial Army Aspirants	none	https://www.boomlive.in/assam-police-call-out-fake-ad-that-duped-territorial-army-aspirants/	None	None	None	None	None	Assam Police Call Out Fake Ad That Duped Territorial Army Aspirants	Sep 04 2018 7:34 pm	None	['None']
bove-00238	Fake Troll Accounts Pop Up To Attack Suchitra Krishnamoorthi’s Tweet On Azaan	none	https://www.boomlive.in/fake-troll-accounts-pop-up-to-attack-suchitra-krishnamoorthis-tweet-on-azaan/	None	None	None	None	None	Fake Troll Accounts Pop Up To Attack Suchitra Krishnamoorthi’s Tweet On Azaan	Jul 26 2017 8:13 pm, Last Updated: Jul 27 2017 6:48 pm	None	['None']
bove-00103	Fact Vs Fiction: How Indian News Channels Fell For Fake News	none	https://www.boomlive.in/fact-vs-fiction-indian-news-channels-fell-fake-news/	None	None	None	None	None	Fact Vs Fiction: How Indian News Channels Fell For Fake News	Feb 16 2018 4:31 pm	None	['None']
bove-00242	Amarnath Yatra Attacks Only When BJP In Power? Data Does Not Support The Claim	none	https://www.boomlive.in/amarnath-yatra-attacks-only-when-bjp-in-power-data-does-not-support-the-claim/	None	None	None	None	None	Amarnath Yatra Attacks Only When BJP In Power? Data Does Not Support The Claim	Jul 17 2017 6:58 pm, Last Updated: Jul 18 2017 12:35 pm	None	['None']
bove-00195	Fake News: How Gauri Lankesh Became Gauri Lankesh ‘Patrick’	none	https://www.boomlive.in/fake-news-how-gauri-lankesh-became-gauri-lankesh-patrick/	None	None	None	None	None	Fake News: How Gauri Lankesh Became Gauri Lankesh ‘Patrick’	Sep 07 2017 4:35 pm, Last Updated: Sep 13 2017 7:03 pm	None	['None']
bove-00255	GST Primer: No Double Taxation If You Pay Utility Bills Through Credit Card	none	https://www.boomlive.in/gst-primer-no-double-taxation-if-you-pay-utility-bills-through-credit-card/	None	None	None	None	None	GST Primer: No Double Taxation If You Pay Utility Bills Through Credit Card	Jul 02 2017 10:10 pm, Last Updated: Jul 06 2017 8:13 pm	None	['None']
bove-00229	How BJP And Congress Used A Picture Of A Potholed Road To Target Each Other	none	https://www.boomlive.in/how-bjp-and-congress-used-a-picture-of-a-potholed-road-to-target-each-other/	None	None	None	None	None	How BJP And Congress Used A Picture Of A Potholed Road To Target Each Other	Aug 07 2017 1:34 pm, Last Updated: Aug 07 2017 6:39 pm	None	['None']
bove-00297	Image Of Ayodhya’s Ram Mandir Or ISKCON Temple? Fake News Busted	none	https://www.boomlive.in/image-of-ayodhyas-ram-mandir-or-iskcon-temple-fake-news-busted/	None	None	None	None	None	Image Of Ayodhya’s Ram Mandir Or ISKCON Temple? Fake News Busted	Mar 29 2017 1:59 pm, Last Updated: Apr 15 2017 3:08 pm	None	['None']
bove-00143	‘Nehru Kissed By A Lady?’: The Video BJP IT Cell Head Amit Malviya Should See	none	https://www.boomlive.in/nehru-kissed-by-a-lady-the-video-bjp-it-cell-head-amit-malviya-should-see/	None	None	None	None	None	‘Nehru Kissed By A Lady?’: The Video BJP IT Cell Head Amit Malviya Should See	Nov 17 2017 9:00 am, Last Updated: Nov 17 2017 3:26 pm	None	['None']
bove-00285	FactCheck Alert: From Snapchat’s India Row To Viral WhatsApp Messages	none	https://www.boomlive.in/factcheck-alert-snapchats-faces-indian-googly-to-viral-whatsapp-messages/	None	None	None	None	None	FactCheck Alert: From Snapchat’s India Row To Viral WhatsApp Messages	Apr 17 2017 11:24 am	None	['None']
bove-00258	Fake Sara Ali Khan Account Whips Up Anti-Muslim Sentiment On Twitter	none	https://www.boomlive.in/fake-sara-ali-khan-account-whips-up-anti-muslim-sentiment-on-twitter/	None	None	None	None	None	Fake Sara Ali Khan Account Whips Up Anti-Muslim Sentiment On Twitter	Jun 26 2017 2:23 pm	None	['None']
bove-00289	‘Mowgli girl’ Or Just ‘Abandoned’? How Media Got It Wrong	none	https://www.boomlive.in/mowgli-girl-or-just-abandoned-how-media-got-it-wrong/	None	None	None	None	None	‘Mowgli girl’ Or Just ‘Abandoned’? How Media Got It Wrong	Apr 11 2017 6:40 pm, Last Updated: Apr 11 2017 8:12 pm	None	['None']
bove-00043	Indian Economy 3rd Largest Or 6th? How To Read GDP Rankings	none	https://www.boomlive.in/indian-economy-3rd-largest-or-6th-how-to-read-gdp-rankings/	None	None	None	None	None	Indian Economy 3rd Largest Or 6th? How To Read GDP Rankings	Jul 17 2018 6:21 pm, Last Updated: Jul 19 2018 10:49 am	None	['None']
bove-00230	UPDATE: Did Lok Sabha Website Censor BJD MP’s Speech On Beef Lynchings?	none	https://www.boomlive.in/did-lok-sabha-website-censor-bjd-mps-speech-on-beef-lynchings/	None	None	None	None	None	UPDATE: Did Lok Sabha Website Censor BJD MP’s Speech On Beef Lynchings?	Aug 04 2017 8:10 pm, Last Updated: Aug 05 2017 1:36 pm	None	['None']
bove-00135	When The Netherlands Embassy In The U.S. Fact Checked Donald Trump	none	https://www.boomlive.in/when-the-netherlands-embassy-in-the-u-s-fact-checked-donald-trump/	None	None	None	None	None	When The Netherlands Embassy In The U.S. Fact Checked Donald Trump	Nov 30 2017 5:42 pm, Last Updated: Nov 30 2017 5:45 pm	None	['United_States']
bove-00209	Railway Minister Suresh Prabhu Under Fire: Copycat Tweets Urge Him To Stay	none	https://www.boomlive.in/railway-minister-suresh-prabhu-under-fire-copycat-tweets-urge-him-to-stay/	None	None	None	None	None	Railway Minister Suresh Prabhu Under Fire: Copycat Tweets Urge Him To Stay	Aug 24 2017 12:58 pm, Last Updated: Aug 24 2017 1:46 pm	None	['None']
bove-00116	Police Refute Social Media Claims That Muslims Youths Were Behind Gurugram School Bus Attack	none	https://www.boomlive.in/police-refute-social-media-claims-that-muslims-youths-were-behind-gurugram-school-bus-attack/	None	None	None	None	None	Police Refute Social Media Claims That Muslims Youths Were Behind Gurugram School Bus Attack	Jan 26 2018 11:06 am, Last Updated: Jan 26 2018 2:56 pm	None	['None']
bove-00280	Did Akshay Kumar Ask People To Donate To An Army Welfare Fund?: A FactCheck	none	https://www.boomlive.in/did-akshay-kumar-ask-people-to-donate-to-an-army-welfare-fund-a-factcheck/	None	None	None	None	None	Did Akshay Kumar Ask People To Donate To An Army Welfare Fund?: A FactCheck	Apr 22 2017 4:24 pm, Last Updated: May 04 2017 1:32 pm	None	['None']
bove-00260	Did Narendra Modi Govt Rename 23 Congress Era Schemes? A FactCheck	none	https://www.boomlive.in/did-narendra-modi-govt-rename-23-congress-era-schemes-a-factcheck/	None	None	None	None	None	Did Narendra Modi Govt Rename 23 Congress Era Schemes? A FactCheck	Jun 24 2017 1:20 pm, Last Updated: Jun 24 2017 5:06 pm	None	['None']
bove-00278	FactCheck Alert: From Yellow Line Rule That Lets You Avoid Toll To Fake East India Co Coins	none	https://www.boomlive.in/factcheck-alert-from-yellow-line-rule-that-lets-you-avoid-toll-to-baba-ramdevs-death/	None	None	None	None	None	FactCheck Alert: From Yellow Line Rule That Lets You Avoid Toll To Fake East India Co Coins	Apr 27 2017 11:27 am	None	['None']
bove-00213	BJP, Repeat Offender In Spreading Fake Images: Top 10 Faux Pas	none	https://www.boomlive.in/bjp-repeat-offender-in-spreading-fake-images-top-10-faux-pas/	None	None	None	None	None	BJP, Repeat Offender In Spreading Fake Images: Top 10 Faux Pas	Aug 21 2017 6:55 pm, Last Updated: Aug 23 2017 12:40 pm	None	['None']
bove-00234	Did RBI Issue Rs. 20, Rs. 150, Rs. 100, Rs. 1000 Coins?: A FactCheck	none	https://www.boomlive.in/did-rbi-issue-rs-20-rs-150-rs-100-rs-1000-coins-a-factcheck/	None	None	None	None	None	Did RBI Issue Rs. 20, Rs. 150, Rs. 100, Rs. 1000 Coins?: A FactCheck	Jul 30 2017 1:30 pm, Last Updated: Aug 05 2017 4:57 pm	None	['None']
bove-00106	Audio: What Did Goa CM Manohar Parrikar Say About Girls Drinking Beer?	none	https://www.boomlive.in/audio-what-did-goa-cm-manohar-parrikar-say-about-girls-drinking-beer/	None	None	None	None	None	Audio: What Did Goa CM Manohar Parrikar Say About Girls Drinking Beer?	Feb 10 2018 6:16 pm, Last Updated: Feb 10 2018 6:52 pm	None	['None']
bove-00083	Kathua Rape Fallout: Assam, Bihar Police Refute Claims Of Viral Social Media Posts	none	https://www.boomlive.in/kathua-rape-fallout-assam-bihar-police-refute-claims-of-viral-social-media-posts/	None	None	None	None	None	Kathua Rape Fallout: Assam, Bihar Police Refute Claims Of Viral Social Media Posts	Apr 13 2018 7:22 pm, Last Updated: May 11 2018 6:53 pm	None	['None']
bove-00247	1998 Venezuela Hostage Video Goes Viral As ISIS Terrorist Killed By Sniper	none	https://www.boomlive.in/1998-venezuela-hostage-video-goes-viral-as-isis-terrorist-killed-by-sniper/	None	None	None	None	None	1998 Venezuela Hostage Video Goes Viral As ISIS Terrorist Killed By Sniper	Jun 14 2017 6:46 pm, Last Updated: Jun 20 2017 6:54 pm	None	['None']
bove-00214	Piyush Goyal Apologises For Using Stock Photo To Highlight Govt’s LED Lighting Achievement	none	https://www.boomlive.in/piyush-goyal-apologises-for-using-stock-photo-to-highlight-govts-led-lighting-achievement/	None	None	None	None	None	Piyush Goyal Apologises For Using Stock Photo To Highlight Govt’s LED Lighting Achievement	Aug 21 2017 2:37 pm, Last Updated: Aug 23 2017 12:44 pm	None	['None']
bove-00170	Fact Vs Fiction: FactChecking Predictions Of An Earthquake, Pak Ambassador Uses A Fake Photo At The UN	none	https://www.boomlive.in/fact-vs-fiction-factchecking-predictions-of-an-earthquake-pak-ambassador-uses-a-fake-photo-at-the-un/	None	None	None	None	None	Fact Vs Fiction: FactChecking Predictions Of An Earthquake, Pak Ambassador Uses A Fake Photo At The UN	Oct 03 2017 3:34 pm, Last Updated: Dec 15 2017 2:45 pm	None	['None']
bove-00138	Fact Vs Fiction: Spotting Aliens In Vizag, Was Tom Moody Trolled?	none	https://www.boomlive.in/fact-vs-fiction-were-aliens-spotted-in-vizag-was-tom-moody-trolled-by-communist-supporters/	None	None	None	None	None	Fact Vs Fiction: Spotting Aliens In Vizag, Was Tom Moody Trolled?	Nov 24 2017 5:06 pm, Last Updated: Nov 24 2017 5:11 pm	None	['Visakhapatnam']
bove-00264	Despite Tall Claims By Modi Govt, Only 8% Of 13,523 Villages Completely Electrified	none	https://www.boomlive.in/despite-tall-claims-by-modi-govt-only-8-of-13523-villages-completely-electrified/	None	None	None	None	None	Despite Tall Claims By Modi Govt, Only 8% Of 13,523 Villages Completely Electrified	May 26 2017 3:01 pm, Last Updated: Jun 01 2017 12:36 pm	None	['None']
bove-00044	Facebook Removes Fake News Page Postcard For Copyright Violations	none	https://www.boomlive.in/facebook-removes-fake-news-page-postcard-for-copyright-violations/	None	None	None	None	None	Facebook Removes Fake News Page Postcard For Copyright Violations	Jul 16 2018 5:42 pm, Last Updated: Jul 17 2018 8:25 am	None	['None']
bove-00220	CLAIM: No night on August 12 because of the Perseid meteor shower. Even NASA has confirmed it	none	https://www.boomlive.in/from-india-censoring-internet-archive-to-no-night-on-aug-12-not-real-news-this-week/	FACT: The Perseid meteor shower will indeed peak on August 12 but it will not be as bright as day.  NASA debunked the hoax in a blog	None	None	None	None	From India Censoring Internet Archive To No Night On Aug 12: Not Real News This Week	Aug 12 2017 12:44 pm	None	['None']
bove-00149	Fake: Jet Airways Did Not Create This Ad To Ambush IndiGo	none	https://www.boomlive.in/fake-jet-airways-did-not-create-this-ad-to-ambush-indigo/	None	None	None	None	None	Fake: Jet Airways Did Not Create This Ad To Ambush IndiGo	Nov 08 2017 12:41 pm, Last Updated: Nov 08 2017 5:17 pm	None	['None']
bove-00178	Pakistan’s United Nations Envoy Shows Gaza Pic As Kashmiri Pellet Gun Victim	none	https://www.boomlive.in/pakistans-united-nations-envoy-shows-gaza-pic-as-kashmiri-pellet-gun-victim/	None	None	None	None	None	Pakistan’s United Nations Envoy Shows Gaza Pic As Kashmiri Pellet Gun Victim	Sep 24 2017 11:02 pm, Last Updated: Oct 16 2017 2:54 pm	None	['None']
bove-00074	Nehru Met Bhagat Singh in Jail: The Tribune’s Archives Disproves Modi’s Claim	none	https://www.boomlive.in/nehru-met-bhagat-singh-in-jail-the-tribunes-archives-disproves-modis-claim/	None	None	None	None	None	Nehru Met Bhagat Singh in Jail: The Tribune’s Archives Disproves Modi’s Claim	May 10 2018 8:58 pm, Last Updated: May 10 2018 9:11 pm	None	['None']
bove-00164	Has The Government Asked Bible Society To Drop ‘Holy’ From ‘Holy Bible’? A FactCheck	none	https://www.boomlive.in/has-the-government-asked-bible-society-to-drop-holy-from-holy-bible-a-factcheck/	None	None	None	None	None	Has The Government Asked Bible Society To Drop ‘Holy’ From ‘Holy Bible’? A FactCheck	Oct 13 2017 3:13 pm, Last Updated: Oct 13 2017 6:43 pm	None	['None']
bove-00269	Ransomware Cyber Attacks Are Real But These WhatsApp Messages Are False	none	https://www.boomlive.in/ransomware-cyber-attacks-are-real-but-these-whatsapp-messages-are-false/	None	None	None	None	None	Ransomware Cyber Attacks Are Real But These WhatsApp Messages Are False	May 15 2017 8:52 pm, Last Updated: May 16 2017 11:50 am	None	['None']
bove-00037	1998, 2005 And Now: What Mamata Banerjee Said Of Bangladeshi Immigrants	none	https://www.boomlive.in/1998-2005-and-now-what-mamata-banerjee-said-of-bangladeshi-immigrants/	None	None	None	None	None	1998, 2005 And Now: What Mamata Banerjee Said Of Bangladeshi Immigrants	Aug 02 2018 8:46 pm, Last Updated: Aug 02 2018 8:49 pm	None	['None']
bove-00282	Does Rajkot Bus Stand Look Like A Swanky Airport?: A FactCheck	none	https://www.boomlive.in/does-rajkot-bus-stand-look-like-a-swanky-airport-a-factcheck/	None	None	None	None	None	Does Rajkot Bus Stand Look Like A Swanky Airport?: A FactCheck	Apr 21 2017 4:01 pm, Last Updated: Apr 21 2017 4:50 pm	None	['None']
bove-00190	Did UPA Break The Back Of Terrorism In J&K As Claimed By Rahul Gandhi? A FactCheck	none	https://www.boomlive.in/did-upa-break-the-back-of-terrorism-in-jk-as-claimed-by-rahul-gandhi-a-factcheck/	None	None	None	None	None	Did UPA Break The Back Of Terrorism In J&K As Claimed By Rahul Gandhi? A FactCheck	Sep 12 2017 9:22 pm, Last Updated: Sep 13 2017 11:35 am	None	['None']
bove-00099	Are Indian Airports Unfriendly To Nursing Mothers? A FactCheck	none	https://www.boomlive.in/are-indian-airports-unfriendly-to-nursing-mothers-a-factcheck/	None	None	None	None	None	Are Indian Airports Unfriendly To Nursing Mothers? A FactCheck	Mar 05 2018 9:00 am, Last Updated: Mar 05 2018 9:13 am	None	['India']
bove-00211	Did You Know An Unregistered Restaurant Cannot Charge You GST On Your Bill?	none	https://www.boomlive.in/did-you-know-an-unregistered-restaurant-cannot-charge-you-gst-on-your-bill/	None	None	None	None	None	Did You Know An Unregistered Restaurant Cannot Charge You GST On Your Bill?	Aug 22 2017 7:18 pm, Last Updated: Aug 22 2017 11:26 pm	None	['None']
bove-00172	100 Old Tweets Warning About A Stampede Show Why Mumbai Is Angry	none	https://www.boomlive.in/100-old-tweets-warning-about-a-stampede-show-why-mumbai-is-angry/	None	None	None	None	None	100 Old Tweets Warning About A Stampede Show Why Mumbai Is Angry	Sep 29 2017 7:34 pm, Last Updated: Mar 15 2018 6:12 pm	None	['None']
bove-00002	Did Social Media Rumours Fuel Smriti Irani’s Comment On Sabarimala?	none	https://www.boomlive.in/did-social-media-rumours-fuel-smriti-iranis-comment-on-sabarimala/	None	None	None	None	None	Did Social Media Rumours Fuel Smriti Irani’s Comment On Sabarimala?	Oct 23 2018 10:47 pm, Last Updated: Oct 24 2018 12:52 pm	None	['None']
bove-00120	Srinagar To Leh In 15 Minutes? Smriti Irani Gets Trolled On Twitter, Still Doesn’t Delete Tweet	none	https://www.boomlive.in/srinagar-to-leh-in-15-minutes-smriti-irani-gets-trolled-on-twitter-still-doesnt-delete-tweet/	None	None	None	None	None	Srinagar To Leh In 15 Minutes? Smriti Irani Gets Trolled On Twitter, Still Doesn’t Delete Tweet	Jan 06 2018 6:21 pm, Last Updated: Jan 06 2018 7:29 pm	None	['None']
bove-00023	Kerala Floods: Did UAE Really Offer $100 mn Aid?	none	https://www.boomlive.in/kerala-floods-did-uae-really-offer-100-mn-aid/	None	None	None	None	None	Kerala Floods: Did UAE Really Offer $100 mn Aid?	Aug 24 2018 11:00 am, Last Updated: Aug 24 2018 11:12 am	None	['None']
bove-00151	Fact Vs Fiction: Fake Pic Of Rajnath Singh, Fake News About Rahul Gandhi	none	https://www.boomlive.in/fact-vs-fiction-fake-pic-of-rajnath-singh-fake-news-about-rahul-gandhi36670-2/	None	None	None	None	None	Fact Vs Fiction: Fake Pic Of Rajnath Singh, Fake News About Rahul Gandhi	Nov 03 2017 5:53 pm, Last Updated: Nov 03 2017 6:28 pm	None	['None']
bove-00129	Gujarat Election: In 28 Seats NOTA Exceeded Winning Margin	none	https://www.boomlive.in/gujarat-election-in-28-seats-nota-exceeded-winning-margin/	None	None	None	None	None	Gujarat Election: In 28 Seats NOTA Exceeded Winning Margin	Dec 19 2017 9:32 pm, Last Updated: Dec 19 2017 11:05 pm	None	['None']
bove-00065	‘Karnataka DGP Not Transferred’: State Govt Refute Viral Media Reports	none	https://www.boomlive.in/karnataka-dgp-not-transferred-state-govt-refute-viral-media-reports/	None	None	None	None	None	‘Karnataka DGP Not Transferred’: State Govt Refute Viral Media Reports	May 25 2018 8:47 pm, Last Updated: May 25 2018 8:50 pm	None	['None']
bove-00197		none	https://www.boomlive.in/viral-message-claiming-combiflam-can-kill-you-are-misleading-false/		None	None	None	None	Viral Message Claiming Combiflam Can Kill You Are Misleading & False	Sep 05 2017 1:18 pm, Last Updated: Sep 07 2017 2:07 pm	None	['None']
bove-00223	Did Demonetisation ‘Substantially Increase’ Number Of Tax Returns? A FactCheck	none	https://www.boomlive.in/did-demonetisation-substantially-increase-number-of-tax-returns-a-factcheck/	None	None	None	None	None	Did Demonetisation ‘Substantially Increase’ Number Of Tax Returns? A FactCheck	Aug 11 2017 1:46 pm, Last Updated: Aug 11 2017 2:19 pm	None	['None']
bove-00039	Did Bengaluru Airport Say No To Celebrating Hindu Festivals? A FactCheck	none	https://www.boomlive.in/did-bengaluru-airport-say-no-to-celebrating-hindu-festivals-a-factcheck/	None	None	None	None	None	Did Bengaluru Airport Say No To Celebrating Hindu Festivals? A FactCheck	Aug 01 2018 9:38 am, Last Updated: Aug 02 2018 4:38 pm	None	['None']
bove-00299	Have Terror Incidents In J&K Declined Since Surgical Strikes? A FactCheck	none	https://www.boomlive.in/terror-incidents-jk-declined-since-surgical-strikes-factcheck/	None	None	None	None	None	Have Terror Incidents In J&K Declined Since Surgical Strikes? A FactCheck	Mar 24 2017 8:12 pm, Last Updated: Oct 18 2017 4:11 pm	None	['None']
bove-00022	“No Invitation, Gate-crashed”: Pro-Khalistan Protestors On Rahul Gandhi’s UK Event	none	https://www.boomlive.in/no-invitation-gate-crashed-pro-khalistan-protestors-on-rahul-gandhis-uk-event/	None	None	None	None	None	“No Invitation, Gate-crashed”: Pro-Khalistan Protestors On Rahul Gandhi’s UK Event	Aug 30 2018 6:04 pm	None	['None']
bove-00194	From A Texas Mosque Turning Away Hurricane Evacuees To Gauri Lankesh ‘Patrick’: Fake News This Week	none	https://www.boomlive.in/from-a-texas-mosque-turning-away-hurricane-evacuees-to-gauri-lankesh-patrick-fake-news-this-week/	None	None	None	None	None	From A Texas Mosque Turning Away Hurricane Evacuees To Gauri Lankesh ‘Patrick’: Fake News This Week	Sep 09 2017 9:59 am, Last Updated: Sep 09 2017 6:34 pm	None	['Texas']
bove-00158	Is The Ro-Ro Ferry In Gujarat The First Of Its Kind In South-East Asia? A FactCheck	none	https://www.boomlive.in/modi-claim-that-gujarat-ro-ro-ferry-unique-compared-to-south-east-asia-is-false/	None	None	None	None	None	Is The Ro-Ro Ferry In Gujarat The First Of Its Kind In South-East Asia? A FactCheck	Oct 23 2017 4:28 pm, Last Updated: Oct 26 2017 8:39 pm	None	['None']
bove-00204	Black Money-17, Corruption -16, Digitalisation-0: When Modi Spoke On November 8, 2016	none	https://www.boomlive.in/black-money-17-corruption-16-digitalisation-0-when-modi-spoke-on-november-8-2016/	None	None	None	None	None	Black Money-17, Corruption -16, Digitalisation-0: When Modi Spoke On November 8, 2016	Aug 31 2017 8:30 am, Last Updated: Sep 07 2017 2:16 pm	None	['None']
bove-00298	Fact Check Alert: Biometrics & No Fly List Explained, Social Media’s Ram Mandir Verified	none	https://www.boomlive.in/factcheck-alert-biometrics-no-fly-list-explained-social-medias-ram-mandir-verified/	None	None	None	None	None	Fact Check Alert: Biometrics & No Fly List Explained, Social Media’s Ram Mandir Verified	Mar 28 2017 12:09 pm, Last Updated: Dec 15 2017 2:37 pm	None	['None']
bove-00196	How Gauri Lankesh’s Last Tweets Helped In Building The Naxal Conspiracy Narrative	none	https://www.boomlive.in/how-gauri-lankeshs-last-tweets-helped-in-building-the-naxal-conspiracy-narrative/	None	None	None	None	None	How Gauri Lankesh’s Last Tweets Helped In Building The Naxal Conspiracy Narrative	Sep 06 2017 8:55 pm, Last Updated: Sep 07 2017 4:41 pm	None	['None']
bove-00093	Plastic In Aashirvaad Atta? No, It’s Gluten: A FactCheck	none	https://www.boomlive.in/plastic-in-aashirvaad-atta-no-its-gluten-a-factcheck/	None	None	None	None	None	Plastic In Aashirvaad Atta? No, It’s Gluten: A FactCheck	Mar 20 2018 6:34 pm, Last Updated: Mar 21 2018 11:35 am	None	['None']
bove-00051	CLAIM: Pakistani cricketer turned politician Imran Khan was beaten up outside his house.	none	https://www.boomlive.in/imran-khan-beaten-2013-stage-mishap-video-goes-viral-on-social-media/	FACT: Fake. The original video is from 2013 when Khan fell off a hydraulic lift while campaigning in Lahore.	None	None	None	None	Imran Khan Beaten? 2013 Stage Mishap Video Goes Viral On Social Media	Jun 27 2018 5:41 pm, Last Updated: Jun 27 2018 6:44 pm	None	['Imran_Khan', 'Pakistan']
bove-00001	Did PM Modi Reveal His PAN Number On Twitter?: A FactCheck	none	https://www.boomlive.in/did-pm-modi-reveal-his-pan-number-on-twitter-a-factcheck/	None	None	None	None	None	Did PM Modi Reveal His PAN Number On Twitter?: A FactCheck	Oct 25 2018 7:03 pm, Last Updated: Oct 25 2018 7:43 pm	None	['None']
bove-00021	CLAIM: Prime Minister Narendra Modi never said that demonetisation was being done to curb black money.	none	https://www.boomlive.in/black-money-to-tax-compliance-changing-narratives-on-demonetisation/	None	None	None	None	None	‘Black Money’ To ‘Tax Compliance’: Changing Narratives On Demonetisation	Aug 31 2018 8:56 pm	None	['None']
bove-00232	5 Lessons For Journalists From The Fake Google Job Offer Story	none	https://www.boomlive.in/5-lessons-for-journalists-from-the-fake-google-job-offer-story/	None	None	None	None	None	5 Lessons For Journalists From The Fake Google Job Offer Story	Aug 03 2017 9:49 pm, Last Updated: Aug 05 2017 4:35 pm	None	['None']
bove-00053	ET Deletes Amit Shah From Demonetisation Story, Other Websites Take Down	none	https://www.boomlive.in/et-deletes-amit-shah-from-demonetisation-story-other-websites-take-down/	None	None	None	None	None	ET Deletes Amit Shah From Demonetisation Story, Other Websites Take Down	Jun 22 2018 4:41 pm, Last Updated: Jun 23 2018 1:11 pm	None	['None']
bove-00130	9 Of Modi’s 16 Claims On Govt Schemes True, 3 False	none	https://www.boomlive.in/9-modis-16-claims-govt-schemes-true-3-false/	None	None	None	None	None	9 Of Modi’s 16 Claims On Govt Schemes True, 3 False	Dec 18 2017 11:30 am, Last Updated: Dec 18 2017 11:33 am	None	['None']
bove-00259	Times Now Uses Old, Fake WhatsApp Forward In A Story About Islamic Conversions	none	https://www.boomlive.in/times-now-uses-old-fake-whatsapp-forward-in-a-story-about-islamic-conversions/	None	None	None	None	None	Times Now Uses Old, Fake WhatsApp Forward In A Story About Islamic Conversions	Jun 24 2017 5:43 pm, Last Updated: Jul 03 2017 1:46 pm	None	['None']
bove-00004	No, Nitin Gadkari Did Not Say ‘We Made False Promises to Win 2014 Elections’	none	https://www.boomlive.in/no-nitin-gadkari-did-not-say-we-made-false-promises-to-win-2014-elections/	None	None	None	None	None	No, Nitin Gadkari Did Not Say ‘We Made False Promises to Win 2014 Elections’	Oct 13 2018 6:15 pm, Last Updated: Oct 14 2018 4:48 pm	None	['None']
bove-00200	Dera Chief’s Name Added To VIP Airport Lounge Access List Under BJP Regime	none	https://www.boomlive.in/dera-chiefs-name-added-to-vip-airport-lounge-access-list-under-bjp-regime/	None	None	None	None	None	Dera Chief’s Name Added To VIP Airport Lounge Access List Under BJP Regime	Sep 02 2017 7:48 pm, Last Updated: Sep 07 2017 2:10 pm	None	['None']
bove-00279	Are These East India Company Coins With Indian Gods Real?: A FactCheck	none	https://www.boomlive.in/are-these-east-india-company-coins-with-indian-gods-real-a-factcheck/	None	None	None	None	None	Are These East India Company Coins With Indian Gods Real?: A FactCheck	Apr 25 2017 7:31 pm, Last Updated: May 10 2017 4:45 pm	None	['East_India_Company']
bove-00160	BJP, Please Note: Taj Mahal, Mughal Monuments India’s Most Visited By Tourists	none	https://www.boomlive.in/bjp-please-note-taj-mahal-mughal-monuments-indias-most-visited-by-tourists/	None	None	None	None	None	BJP, Please Note: Taj Mahal, Mughal Monuments India’s Most Visited By Tourists	Oct 18 2017 8:32 am	None	['Taj_Mahal', 'India']
bove-00111	BJP Twitter Handle Not In Sync With PM Modi On NPA Numbers	none	https://www.boomlive.in/bjp-twitter-handle-not-in-sync-with-pm-modi-on-npa-numbers/	None	None	None	None	None	BJP Twitter Handle Not In Sync With PM Modi On NPA Numbers	Feb 07 2018 11:21 pm, Last Updated: Feb 08 2018 2:39 pm	None	['None']
bove-00123	Who Is Sambhaji Bhide & Why PM Narendra Modi Admires Him	none	https://www.boomlive.in/who-is-sambhaji-bhide-why-pm-narendra-modi-admires-him/	None	None	None	None	None	Who Is Sambhaji Bhide & Why PM Narendra Modi Admires Him	Jan 03 2018 8:37 pm, Last Updated: Jan 04 2018 4:44 pm	None	['None']
bove-00077	UPA Vs NDA: Who Provided More Funds To Karnataka’s Cities? A FactCheck	rating: false	https://www.boomlive.in/upa-vs-nda-who-provided-more-funds-to-karnatakas-cities-a-factcheck/	FACT: The NDA government approved and released more funds for urban infrastructure development in Karnataka than UPA.	None	None	None	None	UPA Vs NDA: Who Provided More Funds To Karnataka’s Cities? A FactCheck	May 05 2018 9:46 pm, Last Updated: May 06 2018 9:47 am	None	['None']
bove-00121	Video Showing Printing Of Fake 50-Rupee And 200-Rupee Notes Surfaces	none	https://www.boomlive.in/video-showing-printing-of-fake-50-rupee-and-200-rupee-notes-surfaces/	None	None	None	None	None	Video Showing Printing Of Fake 50-Rupee And 200-Rupee Notes Surfaces	Jan 06 2018 2:08 pm, Last Updated: Jan 06 2018 3:29 pm	None	['None']
bove-00192	Fact Check For Rahul Gandhi: There Is No Dynasty In Infosys	none	https://www.boomlive.in/fact-check-rahul-gandhi-no-dynasty-infosys/	None	None	None	None	None	Fact Check For Rahul Gandhi: There Is No Dynasty In Infosys	Sep 12 2017 6:20 pm, Last Updated: Sep 12 2017 6:37 pm	None	['None']
bove-00019	Were Rahul Gandhi’s Mansarovar Yatra Pics Taken From Google?	none	https://www.boomlive.in/were-rahul-gandhis-mansarovar-yatra-pics-taken-from-google/	None	None	None	None	None	Were Rahul Gandhi’s Mansarovar Yatra Pics Taken From Google?	Sep 06 2018 8:10 pm, Last Updated: Sep 06 2018 9:06 pm	None	['None']
bove-00046	‘No Big Communal Riot’ In Last 4 Years: BJP Minister. Fact: 389 Dead in Over 2,000 Communal Incidents	none	https://www.boomlive.in/no-big-communal-riot-in-last-4-years-bjp-minister-fact-389-dead-in-over-2000-communal-incidents/	None	None	None	None	None	‘No Big Communal Riot’ In Last 4 Years: BJP Minister. Fact: 389 Dead in Over 2,000 Communal Incidents	Jul 06 2018 10:02 am, Last Updated: Jul 06 2018 4:26 pm	None	['None']
bove-00084	Fact Vs Fiction: Zee News Accused Of Morphing An Armed Rioter’s Image	none	https://www.boomlive.in/fact-vs-fiction-zee-news-accused-morphing-armed-rioters-image/	None	None	None	None	None	Fact Vs Fiction: Zee News Accused Of Morphing An Armed Rioter’s Image	Apr 13 2018 4:10 pm	None	['None']
bove-00033	“Swachh Bharat Saved 3 Lakh Children”: Did PM Modi Misquote WHO?	none	https://www.boomlive.in/swachh-bharat-saved-3-lakh-children-did-pm-modi-misquote-who/	None	None	None	None	None	“Swachh Bharat Saved 3 Lakh Children”: Did PM Modi Misquote WHO?	Aug 15 2018 10:23 pm, Last Updated: Aug 16 2018 3:09 pm	None	['None']
bove-00272	Photoshopped Picture Of Fake News Article On Times Now Resurfaces	none	https://www.boomlive.in/photoshopped-picture-of-fake-news-article-on-times-now-resurfaces/	None	None	None	None	None	Photoshopped Picture Of Fake News Article On Times Now Resurfaces	May 08 2017 9:39 pm, Last Updated: Jun 01 2017 12:49 pm	None	['None']
bove-00262	Does Infosys Foundation Support an NGO called Prerana? A FactCheck	none	https://www.boomlive.in/does-infosys-foundation-support-an-ngo-called-prerana-a-factcheck/	None	None	None	None	None	Does Infosys Foundation Support an NGO called Prerana? A FactCheck	May 30 2017 7:53 pm, Last Updated: Jun 16 2017 7:34 pm	None	['None']
bove-00048	The Truth Behind This Viral Video Claiming Hindu School Kids Are Being Taught Namaz	none	https://www.boomlive.in/the-truth-behind-this-viral-video-claiming-hindu-school-kids-are-being-taught-namaz/	None	None	None	None	None	The Truth Behind This Viral Video Claiming Hindu School Kids Are Being Taught Namaz	Jul 03 2018 8:13 pm, Last Updated: Jul 04 2018 12:07 am	None	['None']
bove-00208	From A Fake Solar Eclipse Image To Meena Kumari Being A Victim Of Triple Talaq: Not Real News This Week	none	https://www.boomlive.in/from-a-fake-solar-eclipse-image-to-meena-kumari-being-a-victim-of-triple-talaq-not-real-news-this-week/	None	None	None	None	None	From A Fake Solar Eclipse Image To Meena Kumari Being A Victim Of Triple Talaq: Not Real News This Week	Aug 26 2017 12:26 pm	None	['None']
bove-00085	Bihar Built 8.5 Lakh Toilets In One Week, Says PM Modi: Is It True?	none	https://www.boomlive.in/did-bihar-construct-8-5-lakhs-toilets-in-one-week-under-swachh-bharat-mission/	None	None	None	None	None	Bihar Built 8.5 Lakh Toilets In One Week, Says PM Modi: Is It True?	Apr 11 2018 9:13 pm, Last Updated: Apr 18 2018 6:07 pm	None	['None']
bove-00057	Google To Work With BOOM, Fact Checkers To Train 8000 Journalists In India	none	https://www.boomlive.in/google-to-work-with-boom-fact-checkers-to-train-8000-journalists-in-india/	None	None	None	None	None	Google To Work With BOOM, Fact Checkers To Train 8000 Journalists In India	Jun 19 2018 6:50 pm, Last Updated: Jun 19 2018 6:56 pm	None	['None']
bove-00176	FACT FILE : Decoding Why We Pay So Much For Fuel	none	https://www.boomlive.in/fact-file-decoding-why-we-pay-so-much-for-fuel/	None	None	None	None	None	FACT FILE : Decoding Why We Pay So Much For Fuel	Sep 25 2017 5:32 pm, Last Updated: Sep 29 2017 12:24 pm	None	['None']
bove-00179	Was A Hindu Brahmin Thrashed By A Muslim Mob In West Bengal As Claimed?	none	https://www.boomlive.in/was-a-hindu-brahmin-thrashed-by-a-muslim-mob-in-west-bengal-as-claimed/	None	None	None	None	None	Was A Hindu Brahmin Thrashed By A Muslim Mob In West Bengal As Claimed?	Sep 23 2017 10:15 pm, Last Updated: Sep 24 2017 9:55 pm	None	['None']
bove-00300	FACTCHECK ALERT: From Revamping EVMs To Anti-Romeo Squads in UP To Less Terrorist Violence in J&K	none	https://www.boomlive.in/factcheck-alert-from-revamping-evms-to-anti-romeo-squads-in-up-to-less-terrorist-violence-in-jk/	None	None	None	None	None	FACTCHECK ALERT: From Revamping EVMs To Anti-Romeo Squads in UP To Less Terrorist Violence in J&K	Mar 24 2017 10:05 am, Last Updated: Dec 15 2017 2:39 pm	None	['None']
bove-00168	Gujarat Sees ‘Minimum Dalit Atrocities’, Claims Amit Shah: A FactCheck	none	https://www.boomlive.in/gujarat-sees-minimum-dalit-atrocities-claims-amit-shah-a-factcheck/	None	None	None	None	None	Gujarat Sees ‘Minimum Dalit Atrocities’, Claims Amit Shah: A FactCheck	Oct 05 2017 3:37 pm, Last Updated: Oct 05 2017 3:52 pm	None	['None']
bove-00059	Rahul Gandhi’s Fuzzy History Of Coca-Cola’s Origin & Founder	none	https://www.boomlive.in/rahul-gandhis-fuzzy-history-of-coca-colas-origin-founder/	None	None	None	None	None	Rahul Gandhi’s Fuzzy History Of Coca-Cola’s Origin & Founder	Jun 11 2018 8:09 pm	None	['None']
bove-00068	Nipah Virus: Fake Alerts Go Viral On Social Media As Death Toll Rises	none	https://www.boomlive.in/nipah-virus-fake-alerts-go-viral-on-social-media-as-death-toll-rises/	None	None	None	None	None	Nipah Virus: Fake Alerts Go Viral On Social Media As Death Toll Rises	May 23 2018 8:14 pm, Last Updated: May 23 2018 8:25 pm	None	['None']
bove-00294	Are Hindus Less Than 2% In Jammu and Kashmir?: A FactCheck	none	https://www.boomlive.in/are-hindus-less-than-2-in-jk-as-projected-by-a-times-now-tweet-a-factcheck/	None	None	None	None	None	Are Hindus Less Than 2% In Jammu and Kashmir?: A FactCheck	Apr 05 2017 3:58 pm, Last Updated: Apr 06 2017 12:57 am	None	['None']
bove-00047	CLAIM: This video shows artificial colour being added to green peas.	rating: false	https://www.boomlive.in/no-this-video-does-not-show-how-artificial-colour-is-added-to-peas/	FACT: The process depicted in the video is ‘seed treatment’ or ‘seed dressing’. Seeds are treated with antimicrobial or fungicidal chemicals before planting them.	None	None	None	None	No, This Video Does Not Show How Artificial Colour Is Added To Peas	Jul 05 2018 7:15 pm	None	['None']
bove-00036	CLAIM:  A viral graphic online suggests seeking medical consultation over the phone is a punishable offence.	rating: false	https://www.boomlive.in/can-patients-be-prosecuted-for-consulting-doctors-over-the-phone-a-factcheck/	None	None	None	None	None	Can Patients Be Prosecuted For Consulting Doctors Over The Phone?: A FactCheck	Aug 04 2018 8:59 pm, Last Updated: Aug 04 2018 9:08 pm	None	['None']
bove-00142	Fact Vs Fiction: Fake Pic Of Jawaharalal Nehru, Fake News About President Ram Nath Kovind	none	https://www.boomlive.in/fact-vs-fiction-fake-pic-jawaharalal-nehru-fake-news-president-ram-nath-kovind/	None	None	None	None	None	Fact Vs Fiction: Fake Pic Of Jawaharalal Nehru, Fake News About President Ram Nath Kovind	Nov 17 2017 3:46 pm, Last Updated: Nov 18 2017 8:13 pm	None	['None']
bove-00245	Is Kerala The Progressive Utopia We Think It Is? A Data FactCheck	none	https://www.boomlive.in/is-kerala-the-progressive-utopia-we-think-it-is-a-data-factcheck/	FACT: True. While protests over cattle slaughter and consumption of beef have been in the headlines lately, there have been no reported deaths in Kerala due to it.	None	None	None	None	Is Kerala The Progressive Utopia We Think It Is? A Data FactCheck	Jun 16 2017 6:12 pm, Last Updated: Jan 29 2018 5:54 pm	None	['None']
bove-00181	From Arnab Goswami’s Sketchy Riot Story To Patanjali Selling Chicken Masala: News You Almost Believed	none	https://www.boomlive.in/from-arnab-goswamis-sketchy-riot-story-to-patanjali-selling-chicken-masala-news-you-almost-believed/	None	None	None	None	None	From Arnab Goswami’s Sketchy Riot Story To Patanjali Selling Chicken Masala: News You Almost Believed	Sep 23 2017 9:59 am	None	['None']
bove-00049	How A Video From Karnataka Spurred A Mob Attack In Malegaon	none	https://www.boomlive.in/how-a-video-from-karnataka-spurred-a-mob-attack-in-malegaon/	None	None	None	None	None	How A Video From Karnataka Spurred A Mob Attack In Malegaon	Jul 02 2018 7:11 pm, Last Updated: Jul 02 2018 7:12 pm	None	['None']
bove-00076	No, This Picture Of Narendra Modi’s Mother Hiraben Is Not Photoshopped But It Is Old	none	https://www.boomlive.in/no-this-picture-of-narendra-modis-mother-hiraben-is-not-photoshopped-but-it-is-old/	None	None	None	None	None	No, This Picture Of Narendra Modi’s Mother Hiraben Is Not Photoshopped But It Is Old	May 06 2018 1:59 pm	None	['None']
bove-00284	Fake News Police: Om Puri “Ghost” Video Fake, Ripped Off From 2013 CCTV Video	none	https://www.boomlive.in/fake-news-police-om-puri-ghost-video-fake-ripped-off-from-2013-cctv-video/	None	None	None	None	None	Fake News Police: Om Puri “Ghost” Video Fake, Ripped Off From 2013 CCTV Video	Apr 19 2017 2:48 pm, Last Updated: Apr 21 2017 6:38 pm	None	['None']
bove-00034	Old Mexico Gas Plant Blast Video Goes Viral As BPCL Fire In Mumbai	none	https://www.boomlive.in/old-mexico-gas-plant-blast-video-goes-viral-as-bpcl-fire-in-mumbai/	None	None	None	None	None	Old Mexico Gas Plant Blast Video Goes Viral As BPCL Fire In Mumbai	Aug 09 2018 4:09 pm	None	['None']
bove-00288	Narendra Modi, From Aadhaar Critic To Champion: A FactCheck	none	https://www.boomlive.in/narendra-modi-from-aadhaar-critic-to-champion-a-factcheck/	None	None	None	None	None	Narendra Modi, From Aadhaar Critic To Champion: A FactCheck	Apr 11 2017 7:32 pm, Last Updated: Apr 15 2017 3:06 pm	None	['None']
bove-00293	FactCheck Alert: Donald Trump’s Flip-Flops On Syria To Diet Restrictions In The Constitution	none	https://www.boomlive.in/factcheck-alert-donald-trumps-flip-flops-over-syria-to-diet-restrictions-in-the-constitution/	None	None	None	None	None	FactCheck Alert: Donald Trump’s Flip-Flops On Syria To Diet Restrictions In The Constitution	Apr 07 2017 10:25 am, Last Updated: Apr 07 2017 10:27 am	None	['None']
bove-00148	Black Money, Terror Funding & Fake Currency: Did Demonetisation Achieve Its Goals?	none	https://www.boomlive.in/black-money-terror-funding-fake-currency-did-demonetisation-achieve-its-goals/	None	None	None	None	None	Black Money, Terror Funding & Fake Currency: Did Demonetisation Achieve Its Goals?	Nov 08 2017 8:10 pm, Last Updated: Nov 09 2017 2:19 pm	None	['None']
bove-00180	‘Never Be Afraid’, Says Arnab Goswami. But How About Not Lying?	none	https://www.boomlive.in/never-be-afraid-says-arnab-goswami-but-how-about-not-lying/	FACT: FALSE. Only one attack took place on the NDTV crew. Rajdeep Sardesai’s car was attacked by a mob.	None	None	None	None	‘Never Be Afraid’, Says Arnab Goswami. But How About Not Lying?	Sep 23 2017 8:38 pm, Last Updated: Sep 24 2017 10:41 pm	None	['None']
bove-00134	Fact Vs Fiction: Fake News About UP Police, Fake News About 2000-Rupee Notes	none	https://www.boomlive.in/fact-vs-fiction-fake-news-about-up-police-fake-news-about-2000-rupee-notes/	None	None	None	None	None	Fact Vs Fiction: Fake News About UP Police, Fake News About 2000-Rupee Notes	Dec 01 2017 2:44 pm, Last Updated: Dec 02 2017 12:56 pm	None	['News_satire']
bove-00090	Karnataka Poll Dates Fiasco: Times Now Targets BJP’s Amit Malviya Ignoring Own Error	none	https://www.boomlive.in/karnataka-poll-dates-fiasco-times-now-targets-bjps-amit-malviya-ignoring-own-error/	None	None	None	None	None	Karnataka Poll Dates Fiasco: Times Now Targets BJP’s Amit Malviya Ignoring Own Error	Mar 27 2018 5:50 pm, Last Updated: Mar 27 2018 6:08 pm	None	['None']
bove-00236	Shocking Story: How Fake Ahmedabad Airport Flood Pics Made It To National Dailies	none	https://www.boomlive.in/shocking-story-how-fake-ahmedabad-airport-flood-pics-made-it-to-national-dailies/	None	None	None	None	None	Shocking Story: How Fake Ahmedabad Airport Flood Pics Made It To National Dailies	Jul 28 2017 3:00 pm	None	['None']
bove-00250	Plastic Rice Or Just Adulterated Rice? How A Video Cooked Up A Global Scare	none	https://www.boomlive.in/plastic-rice-or-just-adulterated-rice-how-a-video-cooked-up-a-global-scare/	None	None	None	None	None	Plastic Rice Or Just Adulterated Rice? How A Video Cooked Up A Global Scare	Jun 09 2017 2:56 pm, Last Updated: Jun 16 2017 7:13 pm	None	['None']
bove-00275	Twitter Photoshops Barkha Dutt Holding Pakistan Flag: Fake News Police	none	https://www.boomlive.in/twitter-photoshops-barkha-dutt-holding-pakistan-flag-fake-news-police/	None	None	None	None	None	Twitter Photoshops Barkha Dutt Holding Pakistan Flag: Fake News Police	May 03 2017 10:25 pm, Last Updated: May 04 2017 3:14 pm	None	['None']
bove-00067	Fuel Price Pinch In India: Viral Pic Claiming German Mass Protest Is From China	none	https://www.boomlive.in/fuel-price-pinch-in-india-viral-pic-claiming-german-mass-protest-is-from-china/	None	None	None	None	None	Fuel Price Pinch In India: Viral Pic Claiming German Mass Protest Is From China	May 24 2018 6:27 pm, Last Updated: May 24 2018 8:59 pm	None	['India']
bove-00153	Gujarat Polls: Did PM Modi Meet Muslim Religious Leaders To Appease Voters?	none	https://www.boomlive.in/gujarat-polls-did-pm-modi-meet-muslim-religious-leaders-to-appease-voters/	None	None	None	None	None	Gujarat Polls: Did PM Modi Meet Muslim Religious Leaders To Appease Voters?	Nov 02 2017 3:23 pm, Last Updated: Nov 02 2017 3:48 pm	None	['None']
bove-00101	Burning Lay’s Potato Chip: Proof Of Plastic Or Bad Science?: A FactCheck	none	https://www.boomlive.in/burning-lays-potato-chip-proof-of-plastic-or-bad-science-a-factcheck/	None	None	None	None	None	Burning Lay’s Potato Chip: Proof Of Plastic Or Bad Science?: A FactCheck	Feb 23 2018 6:22 pm, Last Updated: Feb 24 2018 2:42 pm	None	['None']
bove-00235	Photo That Claims To Show ‘Real Face’ Of Jawaharlal Nehru Is Photoshopped	none	https://www.boomlive.in/photo-that-claims-to-show-real-face-of-jawaharlal-nehru-is-photoshopped/	None	None	None	None	None	Photo That Claims To Show ‘Real Face’ Of Jawaharlal Nehru Is Photoshopped	Jul 29 2017 6:44 pm, Last Updated: Aug 05 2017 4:57 pm	None	['None']
bove-00283	‘Muslims Have A Lower Divorce Rate’, Says AIMPLB; But Where Is The Data?	none	https://www.boomlive.in/muslims-have-a-lower-divorce-rate-says-aimplb-but-where-is-the-data/	None	None	None	None	None	‘Muslims Have A Lower Divorce Rate’, Says AIMPLB; But Where Is The Data?	Apr 19 2017 7:39 pm, Last Updated: Aug 22 2017 7:03 pm	None	['None']
bove-00050	Kiren Rijiju Shares Brazilian Football Prodigy’s Video While Praising Narendra Modi	none	https://www.boomlive.in/kiren-rijiju-shares-brazilian-football-prodigys-video-while-praising-narendra-modi/	None	None	None	None	None	Kiren Rijiju Shares Brazilian Football Prodigy’s Video While Praising Narendra Modi	Jul 02 2018 3:52 pm	None	['None']
bove-00082	‘One Small Incident Of Rape Cost Us Billions….’: Did Arun Jaitley Say This?	none	https://www.boomlive.in/one-small-incident-of-rape-arun-jaitleys-statement-on-rape-goes-viral/	None	None	None	None	None	‘One Small Incident Of Rape Cost Us Billions….’: Did Arun Jaitley Say This?	Apr 16 2018 8:18 pm, Last Updated: Apr 16 2018 10:50 pm	None	['None']
bove-00281	Jail For WhatsApp Group Admins? 5 Ways You Can Be A Smart Admin	none	https://www.boomlive.in/jail-for-whatsapp-group-admins-5-ways-you-can-be-a-smart-admin/	None	None	None	None	None	Jail For WhatsApp Group Admins? 5 Ways You Can Be A Smart Admin	Apr 21 2017 5:26 pm, Last Updated: Apr 21 2017 6:05 pm	None	['None']
bove-00113	If The BJP Calls Early Elections, Here Are The Underlying Mathematics	none	https://www.boomlive.in/if-the-bjp-calls-early-elections-here-are-the-underlying-mathematics/	None	None	None	None	None	If The BJP Calls Early Elections, Here Are The Underlying Mathematics	Feb 05 2018 4:29 pm, Last Updated: Feb 05 2018 4:31 pm	None	['None']
bove-00102	Ni How?! Indian Media Goofs Up; Claims Pakistan Recognized Mandarin As An Official Language	none	https://www.boomlive.in/ni-how-indian-media-goofs-up-claims-pakistan-recognized-mandarin-as-an-official-language/	None	None	None	None	None	Ni How?! Indian Media Goofs Up; Claims Pakistan Recognized Mandarin As An Official Language	Feb 20 2018 6:41 pm, Last Updated: Feb 20 2018 11:02 pm	None	['None']
bove-00231	Fake Google Job Offer: Mystery Deepens As Parents, Principal Blame Each Other	none	https://www.boomlive.in/fake-google-job-offer-mystery-deepens-as-parents-principal-blame-each-other/	None	None	None	None	None	Fake Google Job Offer: Mystery Deepens As Parents, Principal Blame Each Other	Aug 04 2017 8:03 pm	None	['None']
bove-00105	Did RSS Chief Really Insult The Indian Army?	none	https://www.boomlive.in/did-rss-chief-really-insult-the-indian-army/	None	None	None	None	None	Did RSS Chief Really Insult The Indian Army?	Feb 12 2018 5:10 pm, Last Updated: Feb 12 2018 5:16 pm	None	['None']
bove-00198	Once Bitten, Twice Not Shy: Congress Repeats Twitter Poll Amid Trolling	none	https://www.boomlive.in/once-bitten-twice-not-shy-congress-repeats-twitter-poll-amid-trolling/	None	None	None	None	None	Once Bitten, Twice Not Shy: Congress Repeats Twitter Poll Amid Trolling	Sep 04 2017 4:27 pm, Last Updated: Jan 25 2018 5:23 pm	None	['None']
bove-00266	Can India Consider A Short War With Pakistan? A FactCheck	none	https://www.boomlive.in/can-india-consider-a-short-war-with-pakistan-a-factcheck/	None	None	None	None	None	Can India Consider A Short War With Pakistan? A FactCheck	May 24 2017 12:04 pm	None	['None']
bove-00237	No Toll Beyond 3-Minute Wait?: NHAI Contradicts Own RTI Reply, Officials	none	https://www.boomlive.in/no-toll-beyond-3-minute-wait-nhai-contradicts-own-rti-reply-officials/	None	None	None	None	None	No Toll Beyond 3-Minute Wait?: NHAI Contradicts Own RTI Reply, Officials	Jul 27 2017 5:28 pm, Last Updated: Jul 27 2017 6:08 pm	None	['None']
bove-00079	Tax Department Denies News Reports Of Raid On Karnataka Minister	none	https://www.boomlive.in/tax-department-denies-news-reports-of-raid-on-karnataka-minister/	None	None	None	None	None	Tax Department Denies News Reports Of Raid On Karnataka Minister	Apr 24 2018 4:50 pm, Last Updated: Apr 24 2018 6:54 pm	None	['None']
bove-00257	Is There A Rise In Cow-Related Violence Post 2014? Yes, Suggests Data	none	https://www.boomlive.in/is-there-a-rise-in-cow-related-violence-post-2014-yes-suggests-data/	None	None	None	None	None	Is There A Rise In Cow-Related Violence Post 2014? Yes, Suggests Data	Jun 28 2017 9:55 am, Last Updated: Jun 29 2017 6:32 pm	None	['None']
bove-00058	Wrong Image Being Shared As That Of Army Jawan Aurangzeb Killed In Kashmir	none	https://www.boomlive.in/wrong-image-being-shared-as-that-of-army-jawan-aurangzeb-killed-in-kashmir/	None	None	None	None	None	Wrong Image Being Shared As That Of Army Jawan Aurangzeb Killed In Kashmir	Jun 18 2018 10:02 pm	None	['None']
bove-00007	Claim: BJP is fielding a terrorist in Jammu and Kashmir local body elections	none	https://www.boomlive.in/has-bjp-fielded-a-terrorist-in-jk-local-body-elections/	None	None	None	None	None	Has BJP Fielded a Terrorist in J&K Local Body Elections?	Oct 04 2018 4:31 pm, Last Updated: Oct 04 2018 6:43 pm	None	['None']
bove-00173	Sinha Vs Sinha: Debate Rages On Economic Slowdown | Watch Video	none	https://www.boomlive.in/sinha-vs-sinha-debate-rages-on-economic-slowdown-watch-video/	None	None	None	None	None	Sinha Vs Sinha: Debate Rages On Economic Slowdown | Watch Video	Sep 28 2017 7:51 pm, Last Updated: Sep 28 2017 9:59 pm	None	['None']
bove-00081	After Disappearing Act On Its Website, Dainik Jagran Revives Kathua ‘No Rape’ Story	none	https://www.boomlive.in/after-disappearing-act-on-its-website-dainik-jagran-revives-kathua-no-rape-story/	None	None	None	None	None	After Disappearing Act On Its Website, Dainik Jagran Revives Kathua ‘No Rape’ Story	Apr 20 2018 8:15 pm, Last Updated: Apr 20 2018 8:54 pm	None	['None']
bove-00114	Behind The Image: Pics Of A Doctor Speaking Through A Curtain To Group Of Muslim Women	none	https://www.boomlive.in/behind-the-image-pics-of-a-doctor-speaking-through-a-curtain-to-group-of-muslim-women/	None	None	None	None	None	Behind The Image: Pics Of A Doctor Speaking Through A Curtain To Group Of Muslim Women	Feb 03 2018 12:54 pm, Last Updated: Feb 03 2018 2:22 pm	None	['None']
bove-00032	FactChecking Claims Made By PM Narendra Modi On Independence Day	none	https://www.boomlive.in/factchecking-claims-made-by-pm-narendra-modi-on-independence-day/	None	None	None	None	None	FactChecking Claims Made By PM Narendra Modi On Independence Day	Aug 15 2018 10:37 pm, Last Updated: Aug 15 2018 10:41 pm	None	['None']
bove-00224	IRCTC Revamps Site Even As Viral WhatsApp Messages Say Senior Citizens Scammed	none	https://www.boomlive.in/irctc-revamps-site-even-as-viral-whatsapp-messages-say-senior-citizens-scammed/	None	None	None	None	None	IRCTC Revamps Site Even As Viral WhatsApp Messages Say Senior Citizens Scammed	Aug 10 2017 5:25 pm, Last Updated: Aug 10 2017 5:34 pm	None	['None']
bove-00018	Viral Video: Did Muslims Attack A Hindu Temple In Uttar Pradesh?: A FactCheck	none	https://www.boomlive.in/viral-video-did-muslims-attack-a-hindu-temple-in-uttar-pradesh-a-factcheck/	None	None	None	None	None	Viral Video: Did Muslims Attack A Hindu Temple In Uttar Pradesh?: A FactCheck	Sep 06 2018 8:30 pm	None	['Uttar_Pradesh']
bove-00219	Can You Use The National Flag As Your Profile Picture?: A FactCheck	none	https://www.boomlive.in/can-you-use-the-national-flag-as-your-profile-picture-a-factcheck/	None	None	None	None	None	Can You Use The National Flag As Your Profile Picture?: A FactCheck	Aug 14 2017 8:14 pm, Last Updated: Jan 25 2018 5:28 pm	None	['None']
bove-00124	Did Modi Govt Relax Rules For Muslim Women Traveling For Haj?	none	https://www.boomlive.in/did-modi-govt-relax-rules-for-muslim-women-traveling-for-haj/	None	None	None	None	None	Did Modi Govt Relax Rules For Muslim Women Traveling For Haj?	Jan 01 2018 4:55 pm, Last Updated: Jan 01 2018 6:17 pm	None	['None']
bove-00165	Did Rahul Gandhi’s Security Make Him Enter A Women’s Toilet?	none	https://www.boomlive.in/did-rahul-gandhis-security-make-him-enter-a-womens-toilet/	None	None	None	None	None	Did Rahul Gandhi’s Security Make Him Enter A Women’s Toilet?	Oct 12 2017 3:11 pm, Last Updated: Nov 03 2017 5:29 pm	None	['None']
bove-00217	CLAIM: “Bhutanese authorities have clearly told Chinese officials that Doklam is not their territory and they are also confused by India’s behaviour.”	none	https://www.boomlive.in/chinas-racist-seven-sins-video-mocking-india-a-factcheck/	FACT: A clear lie, if Bhutan’s recent statements are referred to. In an interview to The Hindu in the last week of June, soon after the two countries (India and China) sparred with each other, Ambassador of the Royal Bhutanese Embassy in Delhi Major-General V Namgyam said, “Bhutan has conveyed that the road construction by the PLA [People’s Liberation Army] is not in keeping with the agreements between China and Bhutan [over boundary resolution]. We have asked them to stop and refrain from changing the status quo.”	None	None	None	None	China’s Racist ‘Seven Sins’ Video Mocking India: A FactCheck	Aug 17 2017 7:14 pm, Last Updated: Aug 17 2017 7:15 pm	None	['India', 'China', 'Bhutan']
bove-00009	Video Of Activist Trupti Desai Felicitated Being Shared With Misleading Sabarimala Caption	none	https://www.boomlive.in/video-of-activist-trupti-desai-felicitated-being-shared-with-misleading-sabarimala-caption/	None	None	None	None	None	Video Of Activist Trupti Desai Felicitated Being Shared With Misleading Sabarimala Caption	Oct 01 2018 4:46 pm, Last Updated: Oct 01 2018 6:15 pm	None	['None']
bove-00062	Video Claiming Christian Missionaries Burnt Indian Flag & Hindu Idol In Mizoram: The Facts	none	https://www.boomlive.in/video-claiming-christian-missionaries-burnt-indian-flag-hindu-idol-in-mizoram-the-facts/	None	None	None	None	None	Video Claiming Christian Missionaries Burnt Indian Flag & Hindu Idol In Mizoram: The Facts	Jun 05 2018 9:01 pm, Last Updated: Jun 05 2018 9:04 pm	None	['None']
bove-00206	At 331.4 mm Rainfall in 24 Hours, Mumbai Sees Heaviest Rainfall Since 2005 Deluge	none	https://www.boomlive.in/at-331-4-mm-rainfall-in-24-hours-mumbai-sees-heaviest-rainfall-since-2005-deluge/	None	None	None	None	None	At 331.4 mm Rainfall in 24 Hours, Mumbai Sees Heaviest Rainfall Since 2005 Deluge	Aug 30 2017 8:36 am, Last Updated: Aug 30 2017 10:50 am	None	['None']
bove-00094	Mission Sisters Of Ajmer Debunk Old Viral Video Showing Mob Assault	none	https://www.boomlive.in/mission-sisters-of-ajmer-debunk-old-viral-video-showing-mob-assault/	None	None	None	None	None	Mission Sisters Of Ajmer Debunk Old Viral Video Showing Mob Assault	Mar 19 2018 7:42 pm	None	['None']
bove-00175	Pak Ambassador Not The First Envoy To Display A Fake Photo At The UN	none	https://www.boomlive.in/pak-ambassador-not-the-first-envoy-to-display-a-fake-photo-at-the-un/	None	None	None	None	None	Pak Ambassador Not The First Envoy To Display A Fake Photo At The UN	Sep 26 2017 7:55 pm	None	['None']
bove-00201	From Adani’s Chopper Ferrying Dera Chief To Lalu’s Photoshopped Crowd Pic: Not Real News This Week	none	https://www.boomlive.in/from-adanis-chopper-ferrying-dera-chief-to-lalus-photoshopped-crowd-pic-not-real-news-this-week/	None	None	None	None	None	From Adani’s Chopper Ferrying Dera Chief To Lalu’s Photoshopped Crowd Pic: Not Real News This Week	Sep 02 2017 1:37 pm	None	['None']
bove-00078	CLAIM: Karnataka Leads In Investment Intentions; FACT: Yes, But Implementation Low	none	https://www.boomlive.in/claim-karnataka-ranks-first-in-investment-intentions-fact-yes-but-implementation-is-low/	None	None	None	None	None	CLAIM: Karnataka Leads In Investment Intentions; FACT: Yes, But Implementation Low	Apr 28 2018 5:50 pm, Last Updated: Apr 29 2018 5:31 pm	None	['None']
bove-00210	Meena Kumari A Victim of Triple Talaq Is Fake News: A FactCheck	none	https://www.boomlive.in/meena-kumari-a-victim-of-triple-talaq-is-fake-news-a-factcheck/	None	None	None	None	None	Meena Kumari A Victim of Triple Talaq Is Fake News: A FactCheck	Aug 23 2017 6:00 pm	None	['None']
bove-00177	Anti-Rohingya Propaganda Increasingly Relying On Fake Images Of Children	none	https://www.boomlive.in/anti-rohingya-propaganda-increasingly-relying-on-fake-images-of-children/	None	None	None	None	None	Anti-Rohingya Propaganda Increasingly Relying On Fake Images Of Children	Sep 25 2017 2:15 pm, Last Updated: Sep 25 2017 5:59 pm	None	['None']
bove-00271	Fact Checking Amit Shah’s Remarks On Crimes Against Women, Unemployment in Tripura	none	https://www.boomlive.in/fact-checking-amit-shahs-remarks-on-crimes-against-women-unemployment-in-tripura/	None	None	None	None	None	Fact Checking Amit Shah’s Remarks On Crimes Against Women, Unemployment in Tripura	May 10 2017 1:35 pm, Last Updated: May 10 2017 6:52 pm	None	['None']
bove-00199	Disturbing Photo Of Girl Posing In A ‘Blood River’ After Eid Is Real	none	https://www.boomlive.in/disturbing-photo-of-girl-posing-in-a-blood-river-after-eid-is-real/	None	None	None	None	None	Disturbing Photo Of Girl Posing In A ‘Blood River’ After Eid Is Real	Sep 04 2017 12:14 pm, Last Updated: Mar 09 2018 4:50 pm	None	['None']
bove-00295	India Adopting Digital Payments? Yes, But A Long Way To Go	none	https://www.boomlive.in/india-adopting-digital-payments-yes-but-a-long-way-to-go/	None	None	None	None	None	India Adopting Digital Payments? Yes, But A Long Way To Go	Apr 04 2017 8:00 am, Last Updated: Apr 15 2017 3:58 pm	None	['None']
bove-00202	Tweet After Me: ‘Demonetisation Attained Its Objective…’	none	https://www.boomlive.in/tweet-after-me-demonetisation-attained-its-objective/	None	None	None	None	None	Tweet After Me: ‘Demonetisation Attained Its Objective…’	Sep 01 2017 4:26 pm, Last Updated: Sep 07 2017 2:21 pm	None	['None']
bove-00221	Mystery Looms Over JioFiber Tweet from ‘Fake Isha Ambani’ Account	none	https://www.boomlive.in/mystery-looms-over-tweet-about-jiofiber-from-fake-isha-ambani-account/	None	None	None	None	None	Mystery Looms Over JioFiber Tweet from ‘Fake Isha Ambani’ Account	Aug 11 2017 7:44 pm, Last Updated: Aug 23 2017 12:52 pm	None	['None']
bove-00233	How A Fake Google Offer Letter Fooled Harshit Sharma’s School In Chandigarh	none	https://www.boomlive.in/fake-google-offer-letter-fooled-harshit-sharmas-school-chandigarh/	None	None	None	None	None	How A Fake Google Offer Letter Fooled Harshit Sharma’s School In Chandigarh	Aug 02 2017 6:17 pm, Last Updated: Aug 03 2017 1:24 pm	None	['None']
bove-00109	Fact Vs Fiction: From ‘Hindutva Varta’ To Postcard News	none	https://www.boomlive.in/fact-vs-fiction-from-hindutva-varta-to-postcard-news/	None	None	None	None	None	Fact Vs Fiction: From ‘Hindutva Varta’ To Postcard News	Feb 09 2018 5:59 pm, Last Updated: Feb 16 2018 6:02 pm	None	['None']
bove-00261	Fake Ram Nath Kovind Twitter Accounts Get Busy	none	https://www.boomlive.in/fake-ram-nath-kovind-twitter-accounts-get-busy/	None	None	None	None	None	Fake Ram Nath Kovind Twitter Accounts Get Busy	Jun 22 2017 5:22 pm, Last Updated: Jul 03 2017 1:45 pm	None	['None']
bove-00188	Did PM Modi Disrespect Gandhi At Sabarmati Ashram?	none	https://www.boomlive.in/did-pm-modi-disrespect-gandhi-at-sabarmati-ashram/	None	None	None	None	None	Did PM Modi Disrespect Gandhi At Sabarmati Ashram?	Sep 14 2017 1:29 pm, Last Updated: Sep 14 2017 1:32 pm	None	['None']
bove-00016	Momo Challenge: Online Suicide Game Or A Media Hoax?	none	https://www.boomlive.in/momo-challenge-online-suicide-game-or-a-media-hoax/	None	None	None	None	None	Momo Challenge: Online Suicide Game Or A Media Hoax?	Sep 13 2018 10:24 am, Last Updated: Sep 13 2018 11:08 am	None	['None']
bove-00249	Pray For NDTV’s Prannoy Roy: How Fake Messages Are Stirring Religious Propaganda	none	https://www.boomlive.in/pray-for-prannoy-roy-how-fake-messages-are-stirring-religious-propaganda/	None	None	None	None	None	Pray For NDTV’s Prannoy Roy: How Fake Messages Are Stirring Religious Propaganda	Jun 09 2017 3:58 pm, Last Updated: Jun 16 2017 7:16 pm	None	['None']
bove-00108	Communal Incidents Up 28% Under NDA, But Still Short of 2008 Decadal High Under UPA	none	https://www.boomlive.in/communal-incidents-up-28-under-nda-but-still-short-of-2008-decadal-high-under-upa/	None	None	None	None	None	Communal Incidents Up 28% Under NDA, But Still Short of 2008 Decadal High Under UPA	Feb 09 2018 6:48 pm	None	['None']
bove-00187	From PM Modi Disrespecting Gandhi To A Woman Supporting RSS Shot In Kerala: News You Almost Believed	none	https://www.boomlive.in/from-pm-modi-disrespecting-gandhi-to-a-woman-supporting-rss-shot-in-kerala-news-you-almost-believed/	None	None	None	None	None	From PM Modi Disrespecting Gandhi To A Woman Supporting RSS Shot In Kerala: News You Almost Believed	Sep 16 2017 11:09 am, Last Updated: Sep 16 2017 3:20 pm	None	['Kerala']
bove-00025	UAE’s Rs 700-Cr Aid To Kerala: Govt Disregards Its Own 2015 Policy	none	https://www.boomlive.in/uaes-rs-700-cr-aid-to-kerala-govt-disregards-its-own-2015-policy/	None	None	None	None	None	UAE’s Rs 700-Cr Aid To Kerala: Govt Disregards Its Own 2015 Policy	Aug 23 2018 7:17 pm	None	['Kerala']
bove-00056	Rats Destroy Notes In SBI ATM In Assam, HDFC Bank Says ‘Not Our ATM’	none	https://www.boomlive.in/rats-destroy-notes-in-sbi-atm-in-assam-hdfc-bank-says-not-our-atm/	None	None	None	None	None	Rats Destroy Notes In SBI ATM In Assam, HDFC Bank Says ‘Not Our ATM’	Jun 20 2018 4:28 pm	None	['None']
bove-00174	FactChecking Predictions Of An Earthquake Before December 31, 2017	none	https://www.boomlive.in/factchecking-predictions-of-an-earthquake-before-december-31-2017/	None	None	None	None	None	FactChecking Predictions Of An Earthquake Before December 31, 2017	Sep 27 2017 8:02 pm	None	['None']
bove-00267	Child Kidnapping Rumours In India Being Spread With Syria Image, Pak Video	none	https://www.boomlive.in/child-kidnapping-rumours-in-india-being-spread-with-syria-image-pak-video/	None	None	None	None	None	Child Kidnapping Rumours In India Being Spread With Syria Image, Pak Video	May 23 2017 12:46 am, Last Updated: Mar 08 2018 8:05 pm	None	['None']
bove-00071	Video Of PM Modi’s Speech In China Misspelling “STRENGTH” Goes Viral	none	https://www.boomlive.in/video-of-pm-modis-speech-in-china-misspelling-strength-goes-viral/	None	None	None	None	None	Video Of PM Modi’s Speech In China Misspelling “STRENGTH” Goes Viral	May 16 2018 8:35 pm, Last Updated: May 16 2018 8:38 pm	None	['None']
bove-00095	Times Of India Falls For Fake Circular Warning Against Winking like Priya Varrier	none	https://www.boomlive.in/wink-like-priya-varrier-times-of-india-falls-for-fake-college-circular/	None	None	None	None	None	Times Of India Falls For Fake Circular Warning Against Winking like Priya Varrier	Mar 19 2018 1:15 pm, Last Updated: Mar 20 2018 4:57 pm	None	['None']
bove-00152	Doing Business Ranking Relative, Can’t Compare To Previous Years: World Bank	none	https://www.boomlive.in/doing-business-ranking-relative-cant-compare-to-previous-years-world-bank/	None	None	None	None	None	Doing Business Ranking Relative, Can’t Compare To Previous Years: World Bank	Nov 03 2017 12:30 pm, Last Updated: Nov 03 2017 1:21 pm	None	['None']
bove-00060	CLAIM: A Times of India newspaper clipping is being shared on social media claiming the Bharatiya Janata Party government in Uttar Pradesh has passed a law that introduced 6% GST on Sunday church offerings.	none	https://www.boomlive.in/6-gst-on-sunday-church-offerings-did-up-govt-pass-a-new-law/	FACT: False. The Yogi Adityanath led-BJP government in UP has not passed any such law.	None	None	None	None	6% GST On Sunday Church Offerings? Did UP Govt Pass A New Law?	Jun 08 2018 6:30 pm, Last Updated: Jun 08 2018 6:32 pm	None	['Bharatiya_Janata_Party', 'Uttar_Pradesh']
bove-00253	Fake Missing People Posts Spread After London Bridge Attack	none	https://www.boomlive.in/fake-missing-people-posts-spread-after-london-bridge-attack/	None	None	None	None	None	Fake Missing People Posts Spread After London Bridge Attack	Jun 05 2017 1:20 pm, Last Updated: Jun 05 2017 10:00 pm	None	['None']
bove-00227	Hyderabad’s Siasat Publishes Fake News About BJP Voted 4th Most Corrupt Party	none	https://www.boomlive.in/hyderabads-siasat-publishes-fake-news-about-bjp-voted-4th-most-corrupt-party/	None	None	None	None	None	Hyderabad’s Siasat Publishes Fake News About BJP Voted 4th Most Corrupt Party	Aug 08 2017 1:27 pm, Last Updated: Aug 08 2017 2:06 pm	None	['None']
bove-00080	PM Modi’s UK Visit: Yes, There Were Protests But Many Of These Viral Photos Are Old	none	https://www.boomlive.in/pm-modis-uk-visit-yes-there-were-protests-but-many-of-these-viral-photos-are-old/	None	None	None	None	None	PM Modi’s UK Visit: Yes, There Were Protests But Many Of These Viral Photos Are Old	Apr 21 2018 10:43 am, Last Updated: Apr 21 2018 9:45 pm	None	['None']
bove-00104	MEA Jumps Gun About Riyadh’s Nod To Air India To Use Its Airspace; Deletes Post	none	https://www.boomlive.in/mea-jumps-gun-about-riyadhs-nod-to-air-india-to-use-its-airspace-deletes-post/	None	None	None	None	None	MEA Jumps Gun About Riyadh’s Nod To Air India To Use Its Airspace; Deletes Post	Feb 14 2018 6:05 pm, Last Updated: Feb 14 2018 9:39 pm	None	['None']
bove-00144	Gandhi Vs Modi: Why The Humble Potato Is Caught In A Political Slugfest	none	https://www.boomlive.in/gandhi-vs-modi-why-the-humble-potato-is-caught-in-a-political-slugfest/	None	None	None	None	None	Gandhi Vs Modi: Why The Humble Potato Is Caught In A Political Slugfest	Nov 16 2017 10:25 pm, Last Updated: Nov 17 2017 3:59 pm	None	['None']
bove-00128	Did Mamata Banerjee Say That She Will Not Work With Rahul Gandhi? A FactCheck	none	https://www.boomlive.in/did-mamata-banerjee-say-that-she-will-not-work-with-rahul-gandhi-a-factcheck/	None	None	None	None	None	Did Mamata Banerjee Say That She Will Not Work With Rahul Gandhi? A FactCheck	Dec 21 2017 9:29 pm, Last Updated: Dec 22 2017 10:24 am	None	['Mamata_Banerjee']