tron-00308	4,000 Israelis did not show up for work on the day of the WTC attacks	fiction!	https://www.truthorfiction.com/wtcisraelis/	None	9-11-attack	None	None	None	4,000 Israelis did not show up for work on the day of the WTC attacks	Mar 17, 2015	None	['World_Trade_Center']
tron-01734	Senator Chris Dodd Said 5% Down Rule “Would Restrict Home Ownership to Only Those Who Could Afford it”	fiction! & satire!	https://www.truthorfiction.com/dodd-reject-five-percent/	None	government	None	None	None	Senator Chris Dodd Said 5% Down Rule “Would Restrict Home Ownership to Only Those Who Could Afford it”	Mar 17, 2015	None	['None']
tron-03491	Satellite Pictures From Space of the Shuttle Columbia Disintegrating	fiction!	https://www.truthorfiction.com/columbiapix/	None	space-aviation	None	None	None	Satellite Pictures From Space of the Shuttle Columbia Disintegrating	Mar 17, 2015	None	['None']
tron-03634	WalMart Cash Back Scam	fiction!	https://www.truthorfiction.com/walmart-cash-back-scam/	None	warnings	None	None	None	WalMart Cash Back Scam	Mar 17, 2015	None	['None']
tron-03611	Common Houseplant Can Kill Children in Under a Minute	fiction!	https://www.truthorfiction.com/common-houseplant-can-kill-children-in-under-a-minute/	None	warnings	None	None	None	Common Houseplant Can Kill Children in Under a Minute	Jul 31, 2015	None	['None']
tron-03016	Democrats Holding Emergency Meetings to Replace Hillary Clinton	unproven!	https://www.truthorfiction.com/democrats-holding-emergency-meetings-replace-hillary-clinton/	None	politics	None	None	['2016 election', 'dnc', 'hillary clinton']	Democrats Holding Emergency Meetings to Replace Hillary Clinton	Sep 13, 2016	None	['None']
tron-02954	Elizabeth Warren: Women Need to Be Raped by Muslims to Prove Tolerance	fiction!	https://www.truthorfiction.com/elizabeth-warren-women-need-raped-muslims-prove-tolerance/	None	politics	None	None	['facebook', 'liberal agenda']	Elizabeth Warren: Women Need to Be Raped by Muslims to Prove Tolerance	Jan 11, 2017	None	['None']
tron-02943	Facebook Removes Little Timmy Salutes the Flag Photo	fiction!	https://www.truthorfiction.com/facebook-removes-little-timmy-salutes-the-flag-photo/	None	politics	None	None	['facebook', 'patriotism', 'political correctness']	Facebook Removes Little Timmy Salutes the Flag Photo	Feb 7, 2017	None	['None']
tron-00128	Chick-fil-A Honors Military With Missing Man Table	mostly truth!	https://www.truthorfiction.com/chick-fil-a-honors-military-with-missing-man-table/	None	9-11-attack	None	None	None	Chick-fil-A Honors Military With Missing Man Table	Jan 26, 2016	None	['None']
tron-02639	Archeologists Discover The Ancient Bones Of Biblical Giants	fiction!	https://www.truthorfiction.com/biblical-giants/	None	miscellaneous	None	None	None	Archeologists Discover The Ancient Bones Of Biblical Giants	Mar 17, 2015	None	['None']
tron-02785	Photo of First Lady and Daughters at the Olympics	fiction!	https://www.truthorfiction.com/olympic-obama-photo/	None	obama	None	None	None	Photo of First Lady and Daughters at the Olympics	Mar 17, 2015	None	['None']
tron-02226	Aborted Babies Incinerated To Heat U.K. Hospitals	truth!	https://www.truthorfiction.com/nhs-hospitals-incinerated-aborted-babies/	None	medical	None	None	None	Aborted Babies Incinerated To Heat U.K. Hospitals	Mar 17, 2015	None	['None']
tron-02635	11-year-old with shotgun stops invaders	fiction!	https://www.truthorfiction.com/butte-invasion/	None	miscellaneous	None	None	None	11-year-old with shotgun stops invaders	Mar 17, 2015	None	['None']
tron-02210	Visit www.thebreastcancersite.com and provide mammograms for needy women	truth!	https://www.truthorfiction.com/breastcancersite/	None	medical	None	None	None	Visit www.thebreastcancersite.com and provide mammograms for needy women	Mar 17, 2015	None	['None']
tron-00032	“NFL Role Models” Email Takes Aim at NFL Player’s Character, Records	none	https://www.truthorfiction.com/nfl-role-models-email-takes-aim-at-nfl-players-character-records/	None	9-11-attack	None	None	['National Anthem', 'nfl', 'protests']	“NFL Role Models” Email Takes Aim at NFL Player’s Character, Records	Oct 25, 2017	None	['None']
tron-02997	16 States Rig Election with George Soros Voting Equipment	truth! & fiction!	https://www.truthorfiction.com/16-states-caught-rigging-election-george-soros-voting-equipment/	None	politics	None	None	['2016 election', 'conspiracy', 'donald trump', 'hillary clinton', 'liberal agenda']	16 States Rig Election with George Soros Voting Equipment	Oct 19, 2016	None	['None']
tron-00798	Tweet from Charlie Daniels About Harry Reid	authorship confirmed!	https://www.truthorfiction.com/daniels-reid/	None	celebrities	None	None	None	Tweet from Charlie Daniels About Harry Reid	Mar 17, 2015	None	['None']
tron-02164	All Bass Pro Shops Are Closing	fiction!	https://www.truthorfiction.com/all-bass-pro-shops-are-closing/	None	internet	None	None	None	All Bass Pro Shops Are Closing	Feb 18, 2016	None	['None']
tron-03275	New California law prohibits “mom” or “dad” in textbooks	fiction!	https://www.truthorfiction.com/california-code/	None	politics	None	None	None	New California law prohibits “mom” or “dad” in textbooks	Mar 17, 2015	None	['None']
tron-02148	Warning: ISIS Sending invites to WhatsApp Interschools Group	fiction!	https://www.truthorfiction.com/isis-whatsapp-interschools-invite/	None	internet	None	None	['isis', 'social media', 'warnings']	Warning: ISIS Sending invites to WhatsApp Interschools Group	Jun 6, 2017	None	['None']
tron-00897	Child porn credit card charge?	fiction!	https://www.truthorfiction.com/pornspam/	None	computers	None	None	None	Child porn credit card charge?	Mar 17, 2015	None	['None']
tron-00474	3-Year-Old Dog Bite Victim Asked to Leave by a Mississippi KFC Restaurant	disputed!	https://www.truthorfiction.com/kfc-pit-bull-survivor/	None	animals	None	None	None	3-Year-Old Dog Bite Victim Asked to Leave by a Mississippi KFC Restaurant	Mar 17, 2015	None	['None']
tron-02420	Chinese Submarine Launched Missile Off California Coast	unproven!	https://www.truthorfiction.com/chinese-sub-catalina/	None	military	None	None	None	Chinese Submarine Launched Missile Off California Coast	Mar 17, 2015	None	['None']
tron-00746	Actor Patrick Swayze has Cancer	truth!	https://www.truthorfiction.com/swayze/	None	celebrities	None	None	None	Actor Patrick Swayze has Cancer–Truth!	Mar 17, 2015	None	['None']
tron-00893	Warning: Posting Smartphone Photos in Social Networks	truth!	https://www.truthorfiction.com/warning-posting-smartphone-photos/	None	computers	None	None	None	Warning: Posting Smartphone Photos in Social Networks	Mar 17, 2015	None	['None']
tron-01246	A police boycott over a murderer?	truth!	https://www.truthorfiction.com/mumiaabujamal/	None	crime-police	None	None	None	A police boycott over a murderer?	Mar 17, 2015	None	['None']
tron-01265	Meet Betsy DeVos, Donald Trump’s Education Secretary	truth! & fiction!	https://www.truthorfiction.com/meet-betsy-devos-donald-trumps-education-secretary/	None	education	None	None	['church and state', 'conservative agenda', 'donald trump']	Meet Betsy DeVos, Donald Trump’s Education Secretary	Nov 28, 2016	None	['None']
tron-02233	Women and Children in Portions of Africa are Being Sexually Violated by Men Who Believe That Sex With a Virgin will Cure Their AIDS	truth!	https://www.truthorfiction.com/virgin-aids-cure/	None	medical	None	None	None	Women and Children in Portions of Africa are Being Sexually Violated by Men Who Believe That Sex With a Virgin will Cure Their AIDS	Mar 17, 2015	None	['None']
tron-03105	Charles Krauthammer: The Clinton Foundation is Organized Crime	incorrect attribution!	https://www.truthorfiction.com/charles-krauthammer-calls-the-clinton-foundation-organized-crime/	None	politics	None	None	None	Charles Krauthammer: The Clinton Foundation is Organized Crime	Jan 12, 2016	None	['Charles_Krauthammer', 'Clinton_Foundation']
tron-00520	Stores Recall Frozen Vegetables After Listeria Outbreak Kills Nine	misleading!	https://www.truthorfiction.com/frozen-vegetables-recall/	None	business	None	None	['consumer safety', 'facebook', 'food', 'recalls', 'warnings']	Stores Recall Frozen Vegetables After Listeria Outbreak Kills Nine	Jul 11, 2018	None	['None']
tron-00210	Outback Steakhouses serve dinner with all the trimmings to troops in Afghanistan	truth!	https://www.truthorfiction.com/outback-kandahar/	None	9-11-attack	None	None	None	Outback Steakhouses serve dinner with all the trimmings to troops in Afghanistan	Mar 17, 2015	None	['None']
tron-00962	New Facebook Messenger App Warning	truth!	https://www.truthorfiction.com/facebook-msg-app-warning/	None	computers	None	None	None	New Facebook Messenger App Warning	Mar 17, 2015	None	['None']
tron-00310	9/11 Survivor stories: Adam Mayblum	truth!	https://www.truthorfiction.com/survivor5/	None	9-11-attack	None	None	None	9/11 Survivor stories: Adam Mayblum	Mar 17, 2015	None	['None']
tron-00786	Actor Jaleel White–Steve Urkel on TV–is dead	fiction!	https://www.truthorfiction.com/jaleelwhite/	None	celebrities	None	None	None	Actor Jaleel White–Steve Urkel on TV–is dead	Mar 17, 2015	None	['None']
tron-00732	Charlie Daniels Commentary On Paula Dean	confirmed authorship!	https://www.truthorfiction.com/daniels-dean-071513/	None	celebrities	None	None	None	Charlie Daniels Commentary On Paula Dean	Mar 17, 2015	None	['None']
tron-01547	Cabela’s Takes a Stand on Medical Excise Tax on Sporting Goods	fiction!	https://www.truthorfiction.com/cabelas-takes-a-stand-on-medical-excise-tax-on-sporting-goods/	None	government	None	None	None	Cabela’s Takes a Stand on Medical Excise Tax on Sporting Goods	Jan 4, 2016	None	['None']
tron-03640	112 is the Emergency Number worldwide for Cell Phones	fiction!	https://www.truthorfiction.com/112-emergency-call/	None	warnings	None	None	None	112 is the Emergency Number worldwide for Cell Phones	Mar 17, 2015	None	['None']
tron-01133	Bucket List for 2014	grass roots movement!	https://www.truthorfiction.com/bucket-list-2014/	None	crime-police	None	None	None	Bucket List for 2014	Mar 17, 2015	None	['None']
tron-00008	Sign at U.S.-Mexico Border: Lots of Free Stuff Ahead	fiction!	https://www.truthorfiction.com/sign-at-u-s-mexico-border-lots-of-free-stuff-ahead-fiction/	None	9-11-attack	None	None	None	Sign at U.S.-Mexico Border: Lots of Free Stuff Ahead	May 2, 2018	None	['None']
tron-01984	Forward an email for the Red Cross for victims of hurricane Katrina	fiction!	https://www.truthorfiction.com/hurricane-redcross/	None	natural-disasters/hurricane	None	None	None	Forward an email for the Red Cross for victims of hurricane Katrina	Mar 17, 2015	None	['None']
tron-01495	Trump Organization Wins Contract to Rebuild Syrian Airport Destroyed by U.S.	fiction!	https://www.truthorfiction.com/trump-organization-wins-contract-rebuild-syrian-airport/	None	government	None	None	['donald trump', 'foriegn leaders', 'international', 'trump organization']	Trump Organization Wins Contract to Rebuild Syrian Airport Destroyed by U.S.	Apr 11, 2017	None	['United_States']
tron-03274	18 States Are Attempting to Implement “Micro-Stamp Encoding” on Fire Arms and Ammunition	truth!	https://www.truthorfiction.com/ammunition-accountability-act/	None	politics	None	None	None	18 States Are Attempting to Implement “Micro-Stamp Encoding” on Fire Arms and Ammunition	Mar 17, 2015	None	['None']
tron-00389	Social Media Posts Make Claims About Veal Crates	fiction!	https://www.truthorfiction.com/social-media-posts-make-claims-veal-crates/	None	animals	None	None	None	Social Media Posts Make Claims About Veal Crates	Mar 31, 2016	None	['None']
tron-02542	“America as the Last Man Standing” by Geert Wilders	commentary!	https://www.truthorfiction.com/geert-wilders/	None	miscellaneous	None	None	None	“America as the Last Man Standing” by Geert Wilders	Mar 17, 2015	None	['United_States']
tron-01637	1945 News Article About Harry Truman and Germany that Feels like George Bush and Iraq	fiction!	https://www.truthorfiction.com/germany-iran/	None	government	None	None	None	1945 News Article About Harry Truman and Germany that Feels like George Bush and Iraq	Mar 17, 2015	None	['Germany', 'Harry_S._Truman', 'George_W._Bush']
tron-02977	Denver Guardian: FBI Agent Linked to Clinton Emails Dies in Murder Suicide	fiction!	https://www.truthorfiction.com/denver-guardian-fbi-agent-linked-to-clinton-emails-dies-in-murder-suicide/	None	politics	None	None	['2016 election', 'conspiracy', 'hillary clinton', 'the clintons']	Denver Guardian: FBI Agent Linked to Clinton Emails Dies in Murder Suicide	Nov 7, 2016	None	['None']
tron-03326	Muslim Man Refuses Seat Beside Woman Reading Bible	unproven!	https://www.truthorfiction.com/muslim-man-refuses-seat-woman-bible/	None	religious	None	None	['islam', 'israel', 'religion']	Muslim Man Refuses Seat Beside Woman Reading Bible	Jun 16, 2017	None	['None']
tron-03130	James Carville Called 80% of Democrats Politically Clueless	unproven!	https://www.truthorfiction.com/james-carville-called-80-of-democrats-politically-clueless/	None	politics	None	None	None	James Carville Called 80% of Democrats Politically Clueless	Jun 5, 2015	None	['None']
tron-00466	Puppy death recorded in video in Iraq	truth!	https://www.truthorfiction.com/puppy/	None	animals	None	None	None	Puppy death recorded in video in Iraq	Mar 17, 2015	None	['None']
tron-01449	NutraSweet is linked to increased reports of multiple sclerosis and lupus	disputed!	https://www.truthorfiction.com/nutrasweet/	None	food	None	None	None	NutraSweet is linked to increased reports of multiple sclerosis and lupus	Mar 16, 2015	None	['None']
tron-01987	Responder’s First Hand Report from Haiti	unproven!	https://www.truthorfiction.com/haiti-diary/	None	natural-disasters/hurricane	None	None	None	Responder’s First Hand Report from Haiti	Mar 17, 2015	None	['None']
tron-02782	“Obama, You No Longer Scare Me, You Terrify Me” by Lou Pritchett	truth!	https://www.truthorfiction.com/pritchett-obama-youscareme/	None	obama	None	None	None	“Obama, You No Longer Scare Me, You Terrify Me” by Lou Pritchett	Mar 17, 2015	None	['None']
tron-01928	Chinese Jets Sink Navy Aircraft Carrier	fiction!	https://www.truthorfiction.com/chinese-jets-george-washington/	None	humorous	None	None	None	Chinese Jets Sink Navy Aircraft Carrier	Mar 17, 2015	None	['None']
tron-03175	Connection Between AG Nominee Loretta Lynch and Eric Holder	truth!	https://www.truthorfiction.com/lynch-holder-connection/	None	politics	None	None	None	Connection Between AG Nominee Loretta Lynch and Eric Holder	Mar 17, 2015	None	['None']
tron-00108	Oscar Rodriguez Thrown from Air Force Base for Referencing “God” in Speech	disputed!	https://www.truthorfiction.com/oscar-rodriguez-thrown-air-force-base-referencing-god-speech/	None	9-11-attack	None	None	None	Oscar Rodriguez Thrown from Air Force Base for Referencing “God” in Speech	Jun 21, 2016	None	['None']
tron-03377	Star of David Appears on Vans Shoes So Wearers can “Step on Jews”	fiction!	https://www.truthorfiction.com/star-of-david-appears-on-vans-shoes-so-wearers-can-step-on-jews/	None	religious	None	None	['Trending Rumors']	Star of David Appears on Vans Shoes So Wearers can “Step on Jews”	May 6, 2015	None	['None']
tron-02461	Lucy…the body in the coffee table	fiction!	https://www.truthorfiction.com/lucy/	None	miscellaneous	None	None	None	Lucy…the body in the coffee table	Mar 17, 2015	None	['None']
tron-00177	“Saucy Jack”-A letter from a Marine on the front lines in Afghanistan	unproven!	https://www.truthorfiction.com/afghanfrontline/	None	9-11-attack	None	None	None	“Saucy Jack”-A letter from a Marine on the front lines in Afghanistan	Mar 17, 2015	None	['None']
tron-01776	Ted Kennedy Sent a Secret Letter to the Soviets in 1983	truth!	https://www.truthorfiction.com/ted-kennedy-sent-a-secret-letter-to-the-soviets-in-1983/	None	government	None	None	None	Ted Kennedy Sent a Secret Letter to the Soviets in 1983	Mar 13, 2015	None	['None']
tron-00809	Bill Cosby About Jeremiah Wright?	unproven!	https://www.truthorfiction.com/cosby/	None	celebrities	None	None	None	Bill Cosby About Jeremiah Wright?	Mar 17, 2015	None	['None']
tron-01043	Assassination of Top Democratic Official Leads to Capture of Clinton Hit Team	fiction!	https://www.truthorfiction.com/assassination-top-democratic-official-leads-capture-clinton-hit-team/	None	crime-police	None	None	None	Assassination of Top Democratic Official Leads to Capture of Clinton Hit Team	Jul 15, 2016	None	['None']
tron-00816	Susan Boyle surprised Simon Cowell on British TV and becomes an overnight sensation	truth!	https://www.truthorfiction.com/susanboyle/	None	celebrities	None	None	None	Susan Boyle surprised Simon Cowell on British TV and becomes an overnight sensation	Mar 17, 2015	None	['United_Kingdom', 'Susan_Boyle', 'Simon_Cowell']
tron-03461	The Dalai Lama issues a statement on terrorism	fiction!	https://www.truthorfiction.com/dalailama/	None	religious	None	None	None	The Dalai Lama issues a statement on terrorism	Mar 16, 2015	None	['None']
tron-02271	Tampax Pearl Tampons	none	https://www.truthorfiction.com/tampaxpearl/	None	medical	None	None	None	Tampax Pearl Tampons	Mar 17, 2015	None	['None']
tron-01558	President Obama Bans Pork at Federal Prisons	truth!	https://www.truthorfiction.com/president-obama-bans-pork-at-federal-prisons/	None	government	None	None	None	President Obama Bans Pork at Federal Prisons	Oct 13, 2015	None	['None']
tron-02100	An Account Of A Ceremony That Takes Place Every Friday At The Pentagon	truth!	https://www.truthorfiction.com/galloway-pentagon/	None	inspirational	None	None	None	An Account Of A Ceremony That Takes Place Every Friday At The Pentagon	Mar 17, 2015	None	['None']
tron-01546	Passports Required for Domestic Flights Beginning in 2016	fiction!	https://www.truthorfiction.com/passports-required-for-domestic-flights-beginning-in-2016/	None	government	None	None	None	Passports Required for Domestic Flights Beginning in 2016	Jan 6, 2016	None	['None']
tron-00206	President Clinton watched golf instead of giving a decision on a critical attack against Iraq	disputed!	https://www.truthorfiction.com/patterson/	None	9-11-attack	None	None	None	President Clinton watched golf instead of giving a decision on a critical attack against Iraq	Mar 17, 2015	None	['Bill_Clinton']
tron-01029	Body of Missing White House Intern Margaret Sanguay Found	fiction!	https://www.truthorfiction.com/margaret-sanguay-identified/	None	crime-police	None	None	['bill clinton', 'conspiracy theories', 'hillary clinton', 'the clintons', 'vince foster']	Body of Missing White House Intern Margaret Sanguay Found	Apr 4, 2017	None	['None']
tron-02437	NFL Fines Players for Wearing Commemorative 9/11 Cleats	truth!	https://www.truthorfiction.com/nfl-fines-players-wearing-911-commemorative-cleats/	None	miscellaneous	None	None	['9/11', 'patriotism', 'sports']	NFL Fines Players for Wearing Commemorative 9/11 Cleats	Sep 12, 2016	None	['None']
tron-00403	Sylvester Stallone Was Homeless and Sold His Dog to Make Rocky	mostly truth!	https://www.truthorfiction.com/sylvester-stallone-was-homeless-and-sold-his-dog-to-make-rocky/	None	animals	None	None	['celebrities', 'hollywood', 'movies']	Sylvester Stallone Was Homeless and Sold His Dog to Make Rocky	Jul 23, 2015	None	['None']
tron-02404	President Obama Fired Navy Admiral for Responding to Attack	fiction!	https://www.truthorfiction.com/charles-gaouette/	None	military	None	None	None	President Obama Fired Navy Admiral for Responding to Attack	Mar 17, 2015	None	['None']
tron-00685	A Boy Named Stanley?	none	https://www.truthorfiction.com/stanley-duhnam/	None	celebrities	None	None	None	A Boy Named Stanley?	Mar 17, 2015	None	['None']
tron-00090	NYPD Blows Whistle on New Hillary Clinton Emails	unproven!	https://www.truthorfiction.com/nypd-blows-whistle-new-hillary-clinton-emails/	None	9-11-attack	None	None	['2016 election', 'criminal justice', 'donald trump', 'hillary clinton', 'the clintons']	NYPD Blows Whistle on New Hillary Clinton Emails	Nov 4, 2016	None	['None']
tron-01800	Sea Lice Attacking Florida’s Beaches	truth! & misleading!	https://www.truthorfiction.com/sea-lice-attacking-floridas-beaches-truth-misleading/	None	health-medical	None	None	None	Sea Lice Attacking Florida’s Beaches	Jun 8, 2016	None	['None']
tron-00878	Disney and Microsoft will pay you for forwarding an email about them	fiction!	https://www.truthorfiction.com/disneygates/	None	computers	None	None	None	Disney and Microsoft will pay you for forwarding an email about them	Mar 17, 2015	None	['Microsoft', 'The_Walt_Disney_Company']
tron-02444	Edgar Allen Poe Wrote About the Death of Dick Parker	truth!	https://www.truthorfiction.com/edgar-allen-poe-wrote-about-the-death-of-dick-parker/	None	miscellaneous	None	None	None	Edgar Allen Poe Wrote About the Death of Dick Parker	Feb 19, 2016	None	['None']
tron-01481	Mitch McConnell Had Polio, Government Healthcare Saved His Life	fiction!	https://www.truthorfiction.com/mitch-mcconnell-polio-government-healthcare/	None	government	None	None	['congress', 'healthcare', 'obamacare']	Mitch McConnell Had Polio, Government Healthcare Saved His Life	Jun 27, 2017	None	['None']
tron-00010	Mark Zuckerberg Announces He’s Closing Facebook	fiction!	https://www.truthorfiction.com/mark-zuckerberg-announces-hes-closing-facebook-fiction/	None	9-11-attack	None	None	['2016 election', 'facebook', 'mark zuckerberg', 'russia', 'satire', 'social media']	Mark Zuckerberg Announces He’s Closing Facebook	Apr 18, 2018	None	['None']
tron-01345	Supermarkets Treat Meat with Carbon Monoxide	truth! & fiction!	https://www.truthorfiction.com/supermarkets-treat-meat-with-carbon-monoxide/	None	food	None	None	None	Supermarkets Treat Meat with Carbon Monoxide	Jan 13, 2016	None	['None']
tron-01749	Bureau of Alcohol Tobacco and Firearms Approved Sales to Mexican Gun Runners	truth!	https://www.truthorfiction.com/atf-fast-and-furious/	None	government	None	None	None	Bureau of Alcohol Tobacco and Firearms Approved Sales to Mexican Gun Runners	 Mar 17, 2015	None	['None']
tron-03540	Islamberg, New York, is a Militant Muslim Enclave	disputed!	https://www.truthorfiction.com/islamberg-new-york-is-a-militant-muslim-enclave/	None	terrorism	None	None	None	Islamberg, New York, is a Militant Muslim Enclave – Disputed!	Mar 17, 2015	None	['New_York_City']
tron-02653	George Soros’ Evil Plan of Buying Up American Gun and Ammunitions Companies	fiction!	https://www.truthorfiction.com/cerberus-soros/	None	miscellaneous	None	None	None	George Soros’ Evil Plan of Buying Up American Gun and Ammunitions Companies	Mar 17, 2015	None	['None']
tron-03104	Donald Trump Bashes Jesus	fiction!	https://www.truthorfiction.com/donald-trump-bashes-jesus/	None	politics	None	None	None	Donald Trump Bashes Jesus	Feb 1, 2016	None	['None']
tron-03108	Donald Trump Removed from Primary Ballots in 5 States	fiction!	https://www.truthorfiction.com/donald-trump-removed-from-primary-ballots-in-5-states/	None	politics	None	None	None	Donald Trump Removed from Primary Ballots in 5 States	Dec 29, 2015	None	['None']
tron-02211	Pray for burn victim Baby Delaney in Texas	truth!	https://www.truthorfiction.com/babydelaney/	None	medical	None	None	None	Pray for burn victim Baby Delaney in Texas	Mar 17, 2015	None	['None']
tron-03552	Maxine Waters: Next Supreme Court Justice Should Be an Illegal Immigrant	fiction!	https://www.truthorfiction.com/maxine-waters-illegal-immigrant-supreme-court/	None	trump	None	None	['congress', 'donald trump', 'Maxine Waters', 'social media', 'supreme court']	Maxine Waters: Next Supreme Court Justice Should Be an Illegal Immigrant	Jul 9, 2018	None	['None']
tron-01358	Barefoot Cellars Giving Away Wine on Facebook	fiction!	https://www.truthorfiction.com/barefoot-cellars-giving-away-wine-on-facebook/	None	food	None	None	None	Barefoot Cellars Giving Away Wine on Facebook	Oct 27, 2015	None	['None']
tron-01599	Postal Service stamp helps fund breast cancer research	truth!	https://www.truthorfiction.com/uspscancer/	None	government	None	None	None	Postal Service stamp helps fund breast cancer research	Mar 17, 2015	None	['None']
tron-02780	Obama Signs on the I-5 in Washington State	unproven!	https://www.truthorfiction.com/i-5-signs-washington-state/	None	obama	None	None	None	Obama Signs on the I-5 in Washington State	Mar 17, 2015	None	['None']
tron-01996	Photo of KFC in Dearborn Proves Sharia Law Has Come to America	fiction!	https://www.truthorfiction.com/kfc-dearborn-sharia-law/	None	immigration	None	None	['dearborn', 'immigration', 'islam', 'sharia law']	Photo of KFC in Dearborn Proves Sharia Law Has Come to America	Jun 29, 2017	None	['None']
tron-00385	Warnings About Shark Finning	truth!	https://www.truthorfiction.com/warnings-shark-finning-truth/	None	animals	None	None	None	Warnings About Shark Finning	Aug 17, 2016	None	['None']
tron-01396	Instant Noodles Use Wax that Causes Cancer	fiction!	https://www.truthorfiction.com/instant-noodles/	None	food	None	None	None	Instant Noodles Use Wax that Causes Cancer	Mar 17, 2015	None	['None']
tron-02800	Cuban Flag at Obama Campaign Office	truth!	https://www.truthorfiction.com/obama-cuba/	None	obama	None	None	None	Cuban Flag at Obama Campaign Office	Mar 17, 2015	None	['None']
tron-00301	Store Closed to Commemorate the Martyrdom of a 9/11 Terrorist	fiction!	https://www.truthorfiction.com/houston-store-closed-91109/	None	9-11-attack	None	None	None	Store Closed to Commemorate the Martyrdom of a 9/11 Terrorist	Mar 17, 2015	None	['None']
tron-00880	Six-year-old Amanda Bundy needs prayer for a massive tumor	previously truth! now resolved!	https://www.truthorfiction.com/amandabundy/	None	computers	None	None	None	Six-year-old Amanda Bundy needs prayer for a massive tumor	Mar 17, 2015	None	['None']
tron-02799	Biography of Barak Obama on Brochure Shows “Kenya” as Birth Place	truth! & fiction!	https://www.truthorfiction.com/obama-kenya-booklet/	None	obama	None	None	None	Biography of Barak Obama on Brochure Shows “Kenya” as Birth Place	Mar 17, 2015	None	['None']
tron-02850	Zimbabwe petition	truth!	https://www.truthorfiction.com/zimbabwepetition/	None	pleas	None	None	None	Zimbabwe petition	Mar 17, 2015	None	['None']
tron-02586	Country Living-Ebony Poll	fiction!	https://www.truthorfiction.com/magazinepoll/	None	miscellaneous	None	None	None	Country Living-Ebony Poll	Mar 17, 2015	None	['None']
tron-00390	BHA in Milk-Bone Dog Treats Causes Cancer	unproven!	https://www.truthorfiction.com/bha-milk-bone-dog-treats-causes-cancer/	None	animals	None	None	None	BHA in Milk-Bone Dog Treats Causes Cancer	Mar 25, 2016	None	['None']
tron-00141	Sea World Puts Orcas in Plastic Bags While Tanks Are Cleaned	fiction!	https://www.truthorfiction.com/sea-world-puts-orcas-in-plastic-bags-while-tanks-are-cleaned/	None	9-11-attack	None	None	None	Sea World Puts Orcas in Plastic Bags While Tanks Are Cleaned	Nov 11, 2015	None	['None']
tron-00663	Paul McCartney Died in 1966, Was Secretly Replaced	fiction!	https://www.truthorfiction.com/paul-mccartney-died-in-1966-was-secretly-replaced/	None	celebrities	None	None	None	Paul McCartney Died in 1966, Was Secretly Replaced	May 7, 2015	None	['None']
tron-03034	Kurt Cobain Predicted Trump Presidency in 1993	incorrect attribution!	https://www.truthorfiction.com/kurt-cobain-predicted-trump-presidency-1993/	None	politics	None	None	None	Kurt Cobain Predicted Trump Presidency in 1993	Aug 12, 2016	None	['None']
tron-01898	Woman held hostage by Pillsbury biscuit	fiction!	https://www.truthorfiction.com/biscuithostage/	None	humorous	None	None	None	Woman held hostage by Pillsbury biscuit	Mar 17, 2015	None	['None']
tron-01705	First Lady Michelle Obama has a larger staff than previous first ladies	fiction!	https://www.truthorfiction.com/michelle-obama-staff/	None	government	None	None	None	First Lady Michelle Obama has a larger staff than previous first ladies	Mar 17, 2015	None	['None']
tron-03582	Virus in an email that claims to be from the Federal Trade Commission	none	https://www.truthorfiction.com/ftc-virus/	None	virus	None	None	None	Virus in an email that claims to be from the Federal Trade Commission	Mar 17, 2015	None	['None']
tron-00129	Health Dangers of Keurig Coffee Machines	misleading!	https://www.truthorfiction.com/health-dangers-of-keurig-coffee-machines-misleading/	None	9-11-attack	None	None	None	Health Dangers of Keurig Coffee Machines	Jan 25, 2016	None	['None']
tron-00518	$1.50 Cheesecake at Cheesecake Factory	truth!	https://www.truthorfiction.com/cheesecake/	None	appeals	None	None	None	$1.50 Cheesecake at Cheesecake Factory	Mar 17, 2015	None	['None']
tron-02709	400 Christians saved from tsunami death in Indonesia?	unproven!	https://www.truthorfiction.com/meulaboh/	None	natural-disasters	None	None	None	400 Christians saved from tsunami death in Indonesia?	Mar 17, 2015	None	['None']
tron-02399	The origins of “Kilroy Was Here”	unproven!	https://www.truthorfiction.com/kilroy/	None	military	None	None	None	The origins of “Kilroy Was Here”	Mar 17, 2015	None	['None']
tron-01951	Gandhi and the Professor	fiction!	https://www.truthorfiction.com/gandhi-professor/	None	humorous	None	None	None	Gandhi and the Professor	Mar 17, 2015	None	['None']
tron-01298	Tennessee high school principal’s remarks about prayer at a football game	truth!	https://www.truthorfiction.com/jodymccloud/	None	education	None	None	None	Tennessee high school principal’s remarks about prayer at a football game	Mar 17, 2015	None	['None']
tron-00145	Bible Fused to Steel Found in World Trade Center Wreckage	truth!	https://www.truthorfiction.com/bible-fused-to-steel-found-in-world-trade-center-wreckage/	None	9-11-attack	None	None	None	Bible Fused to Steel Found in World Trade Center Wreckage	Oct 21, 2015	None	['None']
tron-03303	Read the email, make a wish, and it will come true	fiction!	https://www.truthorfiction.com/ringwishes/	None	promises	None	None	None	Read the email, make a wish, and it will come true	Mar 16, 2015	None	['None']
tron-02576	U.S. flag flying upside down and below Mexican flag	truth!	https://www.truthorfiction.com/montebello-flag/	None	miscellaneous	None	None	None	U.S. flag flying upside down and below Mexican flag	Mar 17, 2015	None	['United_States', 'Mexico']
tron-02570	The history of the middle finger	fiction!	https://www.truthorfiction.com/pluck-yew/	None	miscellaneous	None	None	None	The history of the middle finger	Mar 17, 2015	None	['None']
tron-02926	Larry Klayman Releases Proof of FBI Director Jim Comey Massive Cover Up	unproven!	https://www.truthorfiction.com/lary-klayman-proof-comey-massive-coverup/	None	politics	None	None	['2016 election', 'barack obama', 'donald trump', 'fbi']	Larry Klayman Releases Proof of FBI Director Jim Comey Massive Cover Up	Mar 27, 2017	None	['Federal_Bureau_of_Investigation', 'Larry_Klayman']
tron-02052	The Generous Gift of a Glass of Milk that Ended up Paying for Medical Care	truth!	https://www.truthorfiction.com/oneglassofmilk/	None	inspirational	None	None	None	The Generous Gift of a Glass of Milk that Ended up Paying for Medical Care	Mar 17, 2015	None	['None']
tron-03267	Michelle Bachman’s Tweet About Coke Ad	fiction!	https://www.truthorfiction.com/bachman-tweet/	None	politics	None	None	None	Michelle Bachman’s Tweet About Coke Ad	Mar 17, 2015	None	['Michele_Bachmann']
tron-01416	Beware of toxic pumpkins with deadly vapors	fiction!	https://www.truthorfiction.com/pumpkins/	None	food	None	None	None	Beware of toxic pumpkins with deadly vapors	Mar 17, 2015	None	['None']
tron-03632	Your credit card has been used on the BestBuy website	fiction!	https://www.truthorfiction.com/bestbuy/	None	warnings	None	None	None	Your credit card has been used on the BestBuy website	Mar 17, 2015	None	['None']
tron-00017	Crayola Bathtub Finger Paint Soap Burns Child’s Hands	unproven!	https://www.truthorfiction.com/crayola-bathtub-fingerpaint-soap-burns-childs-hands-unproven/	None	9-11-attack	None	None	None	Crayola Bathtub Fingerpaint Soap Burns Child’s Hands	Feb 5, 2018	None	['None']
tron-02182	Locks of Love Charges Some Recipients for Wigs	truth! & fiction!	https://www.truthorfiction.com/locks-of-love-charges-some-recipients-for-wigs/	None	internet	None	None	None	Locks of Love Charges Some Recipients for Wigs	Aug 31, 2015	None	['None']
tron-00266	Home Depot Christmas Tree Kills Kitten	unproven!	https://www.truthorfiction.com/home-depot-christmas-tree-kills-kitten/	None	9-11-attack	None	None	None	Home Depot Christmas Tree Kills Kitten – Unproven!	Mar 17, 2015	None	['None']
tron-02820	Barack Obama is America’s Most Biblically Hostile U.S. President	commentary!	https://www.truthorfiction.com/obama-barton-commentary/	None	obama	None	None	None	Barack Obama is America’s Most Biblically Hostile U.S. President	Mar 17, 2015	None	['United_States', 'Barack_Obama']
tron-02082	Two Egyptian Children Buried for 15 Days Say Jesus Saved Their Lives	unproven!	https://www.truthorfiction.com/egyptian-miracle/	None	inspirational	None	None	None	Two Egyptian Children Buried for 15 Days Say Jesus Saved Their Lives	Mar 17, 2015	None	['None']
tron-02538	A.F.A. Calls for a Boycott of Harvey Milk Postage Stamps	truth!	https://www.truthorfiction.com/afa-harvey-milk-stamp/	None	miscellaneous	None	None	None	A.F.A. Calls for a Boycott of Harvey Milk Postage Stamps	Mar 17, 2015	None	['None']
tron-02553	Snopes.com is a secret tool of the Democratic party to promote Barack Obama	fiction!	https://www.truthorfiction.com/snopes/	None	miscellaneous	None	None	None	Snopes.com is a secret tool of the Democratic party to promote Barack Obama	Mar 17, 2015	None	['Democratic_Party_(United_States)']
tron-03643	Gangs Using Children to Lure Victims	fiction!	https://www.truthorfiction.com/gang-rape-warning/	None	warnings	None	None	None	Gangs Using Children to Lure Victims	Mar 17, 2015	None	['None']
tron-02688	Make big bucks in a PayPal Scheme	fiction!	https://www.truthorfiction.com/paypalchain/	None	money-financial	None	None	None	Make big bucks in a PayPal Scheme	Mar 17, 2015	None	['None']
tron-03143	Photo of Nancy Pelosi Posing as Miss Lube Rack 1955	fiction!	https://www.truthorfiction.com/miss-lube-rack-1951-05012013/	None	politics	None	None	None	Photo of Nancy Pelosi Posing as Miss Lube Rack 1955	Mar 17, 2015	None	['None']
tron-01549	New Hoverboard Law Takes Effect January 2016	truth! & fiction!	https://www.truthorfiction.com/new-hoverboard-law-takes-effect-january-2016/	None	government	None	None	None	New Hoverboard Law Takes Effect January 2016	Dec 28, 2015	None	['None']
tron-01475	Getting to Know the Real John McCain by Burma Davis Posey	commentary!	https://www.truthorfiction.com/getting-know-real-john-mccain-burma-davis-posey/	None	government	None	None	['2008 election', 'congress', 'john mccain', 'obamacare']	Getting to Know the Real John McCain by Burma Davis Posey	Aug 10, 2017	None	['None']
tron-02974	Mike Pence Supports Electroshock Gay Conversion Therapy	fiction!	https://www.truthorfiction.com/mike-pence-supports-electroshock-gay-conversion-therapy/	None	politics	None	None	['church and state', 'congress', 'conservative agenda']	Mike Pence Supports Electroshock Gay Conversion Therapy	Nov 10, 2016	None	['None']
tron-01428	Lemons Kill Cancer Cells Better Than Chemotherapy	fiction!	https://www.truthorfiction.com/lemons-kill-cancer/	None	food	None	None	None	Lemons Kill Cancer Cells Better Than Chemotherapy	Mar 17, 2015	None	['None']
tron-02582	Pictures of Mugabe’s Mansion?	unproven!	https://www.truthorfiction.com/mugabe/	None	miscellaneous	None	None	None	Pictures of Mugabe’s Mansion?	Mar 17, 2015	None	['None']
tron-01681	Obama is Overwhelming the Economy to Destroy Capitalism in the U.S.	commentary!	https://www.truthorfiction.com/root-obama-brilliant/	None	government	None	None	None	Obama is Overwhelming the Economy to Destroy Capitalism in the U.S.	Mar 17, 2015	None	['United_States', 'Barack_Obama']
tron-02451	Disable Vet Was Runner Up to Bruce Jenner for Arthur Ashe Courage Award	fiction!	https://www.truthorfiction.com/disable-vet-was-runner-up-to-bruce-jenner-for-arthur-ashe-courage-award/	None	miscellaneous	None	None	None	Disable Vet Was Runner Up to Bruce Jenner for Arthur Ashe Courage Award	Jun 4, 2015	None	['Bruce_Jenner']
tron-01425	McDonald’s Shakes Are Made of Plastic	fiction!	https://www.truthorfiction.com/mcdonalds-shakes/	None	food	None	None	None	McDonald’s Shakes Are Made of Plastic	Mar 17, 2015	None	['None']
tron-00550	Ford Moves Manufacturing from Mexico to Ohio after Trump Win	mostly fiction!	https://www.truthorfiction.com/ford-moves-manufacturing-mexico-ohio-trump-win/	None	business	None	None	['2016 election', 'donald trump']	Ford Moves Manufacturing from Mexico to Ohio after Trump Win	Nov 17, 2016	None	['Ohio', 'Mexico']
tron-01301	The story of Tommy, the atheist theology student who was found by God	truth!	https://www.truthorfiction.com/johnpowell/	None	education	None	None	None	The story of Tommy, the atheist theology student who was found by God	Mar 17, 2015	None	['None']
tron-01023	ICE Raids Dozens of Convenience Stores in St. Louis	truth!	https://www.truthorfiction.com/ice-raids-convenience-stores/	None	crime-police	None	None	['criminal justice', 'ICE', 'immigration', 'islam']	ICE Raids Dozens of Convenience Stores in St. Louis	Jun 13, 2017	None	['None']
tron-01512	George W. Bush Deleted 22 Million Emails from Private Server	truth! & fiction!	https://www.truthorfiction.com/george-w-bush-deleted-22-million-emails-from-private-server/	None	government	None	None	['2016 election', 'barack obama', 'congress', 'hillary clinton']	George W. Bush Deleted 22 Million Emails from Private Server	Oct 31, 2016	None	['None']
tron-01582	New Way of American Life Email	fiction!	https://www.truthorfiction.com/email-explains-how-to-get-75k-in-benefits-for-you-and-your-girlfriend/	None	government	None	None	['Trending Rumors']	New Way of American Life Email	Apr 13, 2015	None	['None']
tron-02734	President Obama Awards Himself Medal for Distinguished Public Service	mostly fiction!	https://www.truthorfiction.com/president-obama-awards-himself-medal-for-distinguished-public-service/	None	obama	None	None	['barack obama', 'liberal agenda', 'patriotism']	President Obama Awards Himself Medal for Distinguished Public Service	Jan 6, 2017	None	['None']
tron-02814	Video of President Obama Saying That He Was Born in Kenya	fiction!	https://www.truthorfiction.com/obama-kenya-birth-videos/	None	obama	None	None	None	Video of President Obama Saying That He Was Born in Kenya	Mar 17, 2015	None	['Barack_Obama', 'Kenya']
tron-02896	9th Circuit Court of Appeals Legalizes Sharia Law in United States	fiction!	https://www.truthorfiction.com/9th-circuit-court-appeals-legalizes-sharia-law-united-states-fiction/	None	politics	None	None	['fake news', 'sharia law', 'supreme court']	9th Circuit Court of Appeals Legalizes Sharia Law in United States	Dec 8, 2017	None	['None']
tron-03436	The Navy Seal who responded with force to the atheist professor	unproven!	https://www.truthorfiction.com/gods-helper/	None	religious	None	None	None	The Navy Seal who responded with force to the atheist professor	Mar 17, 2015	None	['None']