para-00195	The Democratic Labour Party has "a position in their constitution that one should remain abstinent before marriage".	mostly false	http://pandora.nla.gov.au//pan/140601/20131209-1141/www.politifact.com.au/truth-o-meter/statements/2013/sep/05/fiona-patten/no-sex-you-minor-parties-slog-it-out-over-abstinen/index.html	None	['Election', 'Social Policy']	Fiona Patten	Michael Koziol, Peter Fray	None	No sex for you! Minor parties slog it out over abstinence	Thursday, September 5, 2013 at 8:34 a.m.	None	['None']
para-00076	Says companies with women on their boards of directors are more financially successful.	true	http://pandora.nla.gov.au//pan/140601/20131209-1141/www.politifact.com.au/truth-o-meter/statements/2013/aug/09/julie-collins/how-make-more-money-put-women-board/index.html	None	['gender equity']	Julie Collins	David Humphries, Peter Fray	None	How to make more money: put a women on the board	Friday, August 9, 2013 at 2:53 p.m.	None	['None']
para-00013	"Let’s face it, we’ve had the five biggest deficits in Australian history from Wayne Swan’s five budgets."	mostly false	http://pandora.nla.gov.au//pan/140601/20131209-1141/www.politifact.com.au/truth-o-meter/statements/2013/oct/23/tony-abbott/abbott-says-swan-delivered-five-biggest-deficits-e/index.html	None	['Budget', 'Debt', 'Economy']	Tony Abbott	Michael Koziol, Peter Fray	None	Abbott says Wayne Swan delivered five biggest deficits ever	Wednesday, October 23, 2013 at 8:18 p.m.	None	['Australia']
para-00117	The Labor government is "already a lower taxing government" than the previous Coalition government.	mostly true	http://pandora.nla.gov.au//pan/140601/20131209-1141/www.politifact.com.au/truth-o-meter/statements/2013/jul/10/penny-wong/labor-taxes-lower-costellos/index.html	None	['Economy', 'Tax']	Penny Wong	Alix Piatek, David Humphries	None	We're lower taxing than Howard and Costello: Wong	Wednesday, July 10, 2013 at 11:22 a.m.	None	['Coalition_(Australia)', 'Australian_Labor_Party']
para-00059	Labor website is "a snapshot of the cuts we know Tony Abbott plans to make should he be elected".	mostly false	http://pandora.nla.gov.au//pan/140601/20131209-1141/www.politifact.com.au/truth-o-meter/statements/2013/aug/23/penny-wong/cuts-costs-and-con-jobs-another-day-election-2013/index.html	None	['Campaign ads', 'Cost of living', 'Economy', 'Education', 'Employment', 'Health', 'Industrial relations']	Penny Wong	Peter Martin, Peter Fray	None	Cuts, costs and con-jobs: another day in election 2013	Friday, August 23, 2013 at 12:54 p.m.	None	['Tony_Abbott']
para-00152	Eighty-seven per cent of "illegal" boat people destroy their papers before coming to Australia.	false	http://pandora.nla.gov.au//pan/140601/20131209-1141/www.politifact.com.au/truth-o-meter/statements/2013/jun/11/pauline-hanson/do-87-cent-boat-people-destroy-their-papers/index.html	None	['Asylum Seekers']	Pauline Hanson	Flynn Murphy, Peter Fray	None	Do 87 per cent of boat people destroy their papers?	Tuesday, June 11, 2013 at 3:31 p.m.	None	['Australia']
para-00067	"The truth about the Pacific Solution is that 70%, thereabouts, of those people sent by Mr Howard to Nauru and elsewhere as part of the Pacific Solution, used it as a wait station and within a couple of years were in Australia anyway."	false	http://pandora.nla.gov.au//pan/140601/20131209-1141/www.politifact.com.au/truth-o-meter/statements/2013/aug/13/kevin-rudd/how-many-asylum-seekers-ended-austr/index.html	None	['Asylum Seekers']	Kevin Rudd	Ellie Harvey, Peter Fray	None	How many asylum seekers ended up in Australia via the Pacific Solution?	Tuesday, August 13, 2013 at 6:37 p.m.	None	['Australia', 'Nauru', 'John_Howard', 'Pacific_Solution']
para-00186	"Voters have a choice of two methods when voting for senators; ‘above the line’ and ‘below the line’."	half-true	http://pandora.nla.gov.au//pan/140601/20131209-1141/www.politifact.com.au/truth-o-meter/statements/2013/sep/07/australian-electoral-commission/Voters-own-preference-Senate/index.html	None	['Voting']	Australian Electoral Commission	David Humphries, Alix Piatek, Peter Fray	None	Voters can exercise their own preference in the Senate	Saturday, September 7, 2013 at 8:30 a.m.	None	['None']
para-00136	The 960,000 jobs added under Labor are "a result of the actions of this government".	half-true	http://pandora.nla.gov.au//pan/140601/20131209-1141/www.politifact.com.au/truth-o-meter/statements/2013/jun/26/wayne-swan/Jobs-created-result-Labor-actions/index.html	None	['Economy']	Wayne Swan	David Humphries, Su-Lin Tan, Peter Fray	None	The 960,000 jobs added under Labor are "a result of the actions of this government".	Wednesday, June 26, 2013 at 6:06 p.m.	None	['None']
para-00129	[From July 1] Labor’s carbon tax goes up by 5 per cent.	mostly true	http://pandora.nla.gov.au//pan/140601/20131209-1141/www.politifact.com.au/truth-o-meter/statements/2013/jul/01/joe-hockey/hockey-says-carbon-price-goes-5-cent-today/index.html	None	['Carbon Tax']	Joe Hockey	Ellie Harvey, Peter Fray	None	Hockey says the carbon price goes up 5 per cent today	Monday, July 1, 2013 at 1:20 p.m.	None	['None']
para-00212	The Coalition’s parental leave scheme is "fully funded - by abolishing the existing scheme, and importantly by imposing the 1.5 per cent levy on the largest businesses."	half-true	http://pandora.nla.gov.au//pan/140601/20131209-1141/www.politifact.com.au/truth-o-meter/statements/2013/aug/21/joe-hockey/Fully-funded-PPL-we-like-to-see-numbers/index.html	None	['Child Care', 'Parental Leave', 'Tax']	Joe Hockey	Peter Martin, Peter Fray	None	Fully-funded PPL: we'd like to see the costings	Wednesday, August 21, 2013 at 3:54 p.m.	None	['None']
para-00052	Says the Coalition’s $22 billion paid parental leave scheme costs more than the Commonwealth spends on childcare or the NBN every year.	half-true	http://pandora.nla.gov.au//pan/140601/20131209-1141/www.politifact.com.au/truth-o-meter/statements/2013/aug/26/kevin-rudd/childcare-versus-paid-parental-leave-which-would-c/index.html	None	['Budget', 'Parental Leave']	Kevin Rudd	Michael Koziol, Peter Fray	None	Childcare versus paid parental leave - which would cost more?	Monday, August 26, 2013 at 10:46 p.m.	None	['Commonwealth_of_Nations']
para-00048	"Since we were elected we've trebled the amount of wind power in Australia."	mostly true	http://pandora.nla.gov.au//pan/140601/20131209-1141/www.politifact.com.au/truth-o-meter/statements/2013/aug/28/mark-butler/youve-got-wind-power-it-thanks-labor/index.html	None	['Carbon Tax', 'Environment']	Mark Butler	Michael Koziol, Peter Fray	None	You've got the (wind) power! But is it thanks to Labor?	Wednesday, August 28, 2013 at 4:18 p.m.	None	['Australia']
para-00054	"Forty-seven per cent of people who will vote in September are aged 50 years and over."	true	http://pandora.nla.gov.au//pan/140601/20131209-1141/www.politifact.com.au/truth-o-meter/statements/2013/aug/26/national-seniors-australia/seniors-politicians-ignore-them-their-perile-them/index.html	None	['Aged', 'Pension']	National Seniors Australia	Chris Pash, Peter Fray	None	Seniors: Politicians ignore them at their peril	Monday, August 26, 2013 at 3:54 p.m.	None	['None']
para-00156	"If we increase Year 12 completion rates to 90 per cent, we'll increase productivity by 0.6 per cent a year."	false	http://pandora.nla.gov.au//pan/140601/20131209-1141/www.politifact.com.au/truth-o-meter/statements/2013/jun/07/wayne-swan/swan-says-raising-year-12-completion-rates-will-li/index.html	None	['Economy', 'Education']	Wayne Swan	Ellie Harvey, Peter Fray	None	Swan says raising Year 12 completion rates will lift productivity by 0.6 per cent a year	Friday, June 7, 2013 at 5:28 p.m.	None	['None']
para-00130	"More people will die from asbestos in Australia than died in the fields of Flanders in World War I."	mostly true	http://pandora.nla.gov.au//pan/140601/20131209-1141/www.politifact.com.au/truth-o-meter/statements/2013/jul/01/bill-shorten/more-die-asbestos-Australia-fields-Flanders-war/index.html	None	['War History', 'Workers rights']	Bill Shorten	David Humphries, Peter Fray	None	"More people will die from asbestos in Australia than died in the fields of Flanders in World War I."	Monday, July 1, 2013 at 7:24 a.m.	None	['Australia', 'Flanders']
para-00174	Says Julia Gillard broke her promise that there would be "no carbon tax under the government I lead".	mostly true	http://pandora.nla.gov.au//pan/140601/20131209-1141/www.politifact.com.au/truth-o-meter/statements/2013/may/19/tony-abbott/did-gillard-break-her-no-carbon-tax-promise/index.html	None	['Carbon Tax']	Tony Abbott	Ellie Harvey, Peter Fray	None	Did Gillard really break her 'no carbon tax' promise?	Sunday, May 19, 2013 at 6:52 p.m.	None	['Julia_Gillard']
para-00205	on his economic philosophy.	half flip	http://pandora.nla.gov.au//pan/140601/20131209-1141/www.politifact.com.au/truth-o-meter/statements/2013/aug/30/kevin-rudd/rudd-economic-conservative-or-nationalist/index.html	None	['Agriculture', 'Economy']	Kevin Rudd	Ellie Harvey, Peter Fray	None	Rudd: an economic conservative or nationalist?	Friday, August 30, 2013 at 5:29 p.m.	None	['None']
para-00165	"Labor has delivered the biggest increase to the pension in more than a century."	true	http://pandora.nla.gov.au//pan/140601/20131209-1141/www.politifact.com.au/truth-o-meter/statements/2013/may/29/jenny-macklin/biggest-age-pension-rise-more-century/index.html	None	['Pension']	Jenny Macklin	Chris Pash, Su-Lin Tan, Peter Fray	None	The biggest age pension rise in more than a century	Wednesday, May 29, 2013 at 3:01 p.m.	None	['None']
para-00102	"We [stopped the boats] at a time where there were 20 per cent more people seeking asylum throughout the world than there are today."	mostly true	http://pandora.nla.gov.au//pan/140601/20131209-1141/www.politifact.com.au/truth-o-meter/statements/2013/jul/23/kelly-odwyer/more-or-fewer-asylum-seekers-10-years-years-ago/index.html	None	['Asylum Seekers']	Kelly O'Dwyer	Ellie Harvey, Peter Fray	None	Were there more or fewer asylum seekers 10 years ago?	Tuesday, July 23, 2013 at 3:34 p.m.	None	['None']
para-00114	"The world is moving away from carbon taxes and emissions trading schemes."	false	http://pandora.nla.gov.au//pan/140601/20131209-1141/www.politifact.com.au/truth-o-meter/statements/2013/jul/11/tony-abbott/home-alone-rest-world-moving-away-carbon-pricing/index.html	None	['Carbon Tax', 'Environment']	Tony Abbott	Michael Koziol, Peter Fray	None	Home alone: is the rest of the world moving away from carbon pricing?	Thursday, July 11, 2013 at 9:01 a.m.	None	['None']
para-00154	The government’s net debt level, measured against GDP, "is the same as someone who earns $100,000 a year having a mortgage of $10,000".	mostly false	http://pandora.nla.gov.au//pan/140601/20131209-1141/www.politifact.com.au/truth-o-meter/statements/2013/jun/09/julia-gillard/julia-gillards-says-net-federal-debt-same-person-o/index.html	None	['Debt', 'Economy']	Julia Gillard	David Humphries, Su-Lin Tan, Peter Fray	None	Julia Gillard says net federal debt is the same as a person owing $10k on a $100k mortgage	Sunday, June 9, 2013 at 7:00 p.m.	None	['None']
para-00057	"Australia changed its Extradition Act just over a year ago to make it easier to extradite Australians to the United States for so-called political crimes."	half-true	http://pandora.nla.gov.au//pan/140601/20131209-1141/www.politifact.com.au/truth-o-meter/statements/2013/aug/23/julian-assange/sydney-sing-sing-extraditing-julian-assange/index.html	None	['Terrorism']	Julian Assange	Michael Koziol, Peter Fray	None	From Sydney to Sing Sing: extraditing Julian Assange	Friday, August 23, 2013 at 2:46 p.m.	None	['United_States', 'Australia']
para-00180	Government revenues are "up 7 per cent" despite the budget deficit.	true	http://pandora.nla.gov.au//pan/140601/20131209-1141/www.politifact.com.au/truth-o-meter/statements/2013/may/14/andrew-robb/liberals-say-government-revenues-are-7-cent-despit/index.html	None	['Budget']	Andrew Robb	Chris Pash, Peter Fray	None	Liberals say government revenues are 'up 7 per cent' despite the budget deficit	Tuesday, May 14, 2013 at 12:29 p.m.	None	['None']
para-00079	Says Labor is the only party "that introduces new taxes or increases taxes without a mandate".	false	http://pandora.nla.gov.au//pan/140601/20131209-1141/www.politifact.com.au/truth-o-meter/statements/2013/aug/08/liberal-party-australia/labor-labor-only-party-introduces-new-taxes-or-inc/index.html	None	['Economy', 'Tax']	Liberal Party of Australia	Jonathan Pearlman, Peter Fray	None	Labor is the only party “that introduces new taxes or increases taxes without a mandate."	Thursday, August 8, 2013 at 7:06 p.m.	None	['None']
para-00220	Says Australia is giving billions of dollars in taxpayer money to Russia.	pants on fire!	http://pandora.nla.gov.au//pan/140601/20131209-1141/www.politifact.com.au/truth-o-meter/statements/2013/aug/17/mike-holt/one-nation-candidate-says-australia-gives-billions/index.html	None	['Budget']	Mike Holt	Michael Koziol, Peter Fray	None	One Nation candidate says Australia gives billions of dollars to Russia	Saturday, August 17, 2013 at 6:26 p.m.	None	['Russia']
para-00160	Says "connection to the (Government's) NBN is not free".	mostly true	http://pandora.nla.gov.au//pan/140601/20131209-1141/www.politifact.com.au/truth-o-meter/statements/2013/jun/05/malcolm-turnbull/connection-nbn-not-free-turnbull/index.html	None	['National Broadband Network', 'Technology']	Malcolm Turnbull	Flynn Murphy, Peter Fray	None	Connection to the NBN is not free: Turnbull	Wednesday, June 5, 2013 at 3:27 p.m.	None	['None']
para-00172	Public sector now "20,000 bureaucrats bigger than in 2007".	mostly false	http://pandora.nla.gov.au//pan/140601/20131209-1141/www.politifact.com.au/truth-o-meter/statements/2013/may/20/tony-abbott/tony-abbott-says-we-now-have-20000-more-bureaucrat/index.html	None	['Budget', 'Defence', 'Public Service']	Tony Abbott	Chris Pash, Peter Fray	None	Tony Abbott says we now have 20,000 more bureaucrats than in 2007	Monday, May 20, 2013 at 6:22 p.m.	None	['None']
para-00105	"Average families will be $380 a year better off" under Labor and "$1200 a year worse off" under Abbott	half-true	http://pandora.nla.gov.au//pan/140601/20131209-1141/www.politifact.com.au/truth-o-meter/statements/2013/jul/18/kevin-rudd/rudd-says-average-families-will-be-better-when-car/index.html	None	['Carbon Tax', 'Economy']	Kevin Rudd	Ellie Harvey, Chris Pash, Peter Fray	None	Rudd says families will be better off under Labor's emissions trading and worse off under Abbott	Thursday, July 18, 2013 at 3:22 p.m.	None	['None']
para-00221	Says Labor's NBN will blow out to $94 billion.	half-true	http://pandora.nla.gov.au//pan/140601/20131209-1141/www.politifact.com.au/truth-o-meter/statements/2013/aug/17/malcolm-turnbull/will-labors-nbn-cost-94-billion/index.html	None	['National Broadband Network']	Malcolm Turnbull	Peter Martin, Flynn Murphy, Peter Fray	None	Will Labor's NBN cost $94 billion?	Saturday, August 17, 2013 at 9:00 a.m.	None	['None']
para-00015	''When [the carbon tax repeal] bill is passed, Australian households will be better off to the tune of $550 a year."	mostly false	http://pandora.nla.gov.au//pan/140601/20131209-1141/www.politifact.com.au/truth-o-meter/statements/2013/oct/17/tony-abbott/Carbon-tax-repeal-bill-mean-household-better-off/index.html	None	['Carbon Tax', 'Cost of living']	Tony Abbott	Michael Koziol, Peter Fray	None	'When [the carbon tax repeal] bill is passed, Australian households will be better off to the tune of $550 a year."	Thursday, October 17, 2013 at 4:34 p.m.	None	['Australia']
para-00014	"We'll have more women in the executive of the Labor opposition than either side of politics has ever had in Australia's history."	mostly true	http://pandora.nla.gov.au//pan/140601/20131209-1141/www.politifact.com.au/truth-o-meter/statements/2013/oct/18/bill-shorten/Shortern-female-friendly-team-history/index.html	None	["Women's Rights", 'gender equity']	Bill Shorten	Michael Koziol, Peter Fray	None	Has Bill Shorten delivered the most female friendly Labor team in history?	Friday, October 18, 2013 at 5:42 p.m.	None	['Australia', 'Australian_Labor_Party']
para-00124	"The 'Yes' camp is getting forty times the funding that the 'No' camp is getting."	mostly true	http://pandora.nla.gov.au//pan/140601/20131209-1141/www.politifact.com.au/truth-o-meter/statements/2013/jul/04/tony-abbott/abbott-says-yes-case-gets-40-times-funding-referen/index.html	None	['Local Government']	Tony Abbott	Ellie Harvey, David Humphries, Peter Fray	None	Abbott says Yes case gets 40 times the funding in the referendum on local government	Thursday, July 4, 2013 at 10:27 a.m.	None	['None']
para-00101	"The primary reason for the hike in electricity prices appears to be the current system of national electricity regulation."	half-true	http://pandora.nla.gov.au//pan/140601/20131209-1141/www.politifact.com.au/truth-o-meter/statements/2013/jul/24/kevin-rudd/rudd/index.html	None	['Carbon Tax', 'Economy', 'Energy', 'Utilities']	Kevin Rudd	Chris Pash, Su-Lin Tan, Peter Fray, David Humphries	None	Rudd says national regulations have allowed utilities to be used as cash cows by the states	Wednesday, July 24, 2013 at 11:01 a.m.	None	['None']
para-00155	Nothing can ever happen in terms of the GST without the agreement of all the states and territories.	mostly false	http://pandora.nla.gov.au//pan/140601/20131209-1141/www.politifact.com.au/truth-o-meter/statements/2013/jun/09/tony-abbott/tony-abbott-says-gst-cannot-be-changed-without-all/index.html	None	['Federal-State relations', 'Tax']	Tony Abbott	Chris Pash, Alix Piatek, Peter Fray	None	Tony Abbott says the GST cannot be changed without all states agreeing	Sunday, June 9, 2013 at 6:58 p.m.	None	['None']
para-00033	"All states are saying actually GST needs to go up."	half-true	http://pandora.nla.gov.au//pan/140601/20131209-1141/www.politifact.com.au/truth-o-meter/statements/2013/sep/21/colin-barnett/how-do-you-increase-gst-without-increasing-gst/index.html	None	['Federal-State relations', 'Tax']	Colin Barnett	Michael Koziol, Peter Fray	None	How do you increase the GST without increasing the GST?	Saturday, September 21, 2013 at 8:29 a.m.	None	['None']
para-00133	Australia has "thousands of industrial deaths each year".	false	http://pandora.nla.gov.au//pan/140601/20131209-1141/www.politifact.com.au/truth-o-meter/statements/2013/jun/27/kevin-rudd/rudd-australia-thousands-industrial-deaths-year/index.html	None	['Industrial accidents', 'Industrial relations', 'Workers rights']	Kevin Rudd	David Humphries, Emma Lancaster, Peter Fray	None	Does Australia have thousands of industrial deaths each year?	Thursday, June 27, 2013 at 6:52 p.m.	None	['None']
para-00168	Says national government debt has gone from "zero to heading towards $400 billion".	false	http://pandora.nla.gov.au//pan/140601/20131209-1141/www.politifact.com.au/truth-o-meter/statements/2013/may/24/julie-bishop/julie-bishop-says-national-debt-has-gone-zero-head/index.html	None	['Budget', 'Debt', 'Economy', 'Finance']	Julie Bishop	David Humphries, Peter Fray	None	Julie Bishop says national debt has gone "from zero to heading towards $400 billion".	Friday, May 24, 2013 at 2:25 p.m.	None	['None']
para-00053	Tony Abbott’s electorate boasts the suburb/municipality with the highest proportion of women earning more than $100,000, giving them the greatest benefit of his paid parental leave scheme.	mostly true	http://pandora.nla.gov.au//pan/140601/20131209-1141/www.politifact.com.au/truth-o-meter/statements/2013/aug/26/jenny-macklin/abbott-looking-after-his-own-paid-parental-leave-l/index.html	None	['Parental Leave']	Jenny Macklin	Ellie Harvey, Jack Fisher, Peter Fray	None	Is Abbott looking after his own? Paid parental leave for the Liberal elite	Monday, August 26, 2013 at 4:45 p.m.	None	['None']
para-00027	"The electorates represented by crossbenchers in the last parliament received 3.9% of federal health funding despite only representing 2.1% of all lower house seats."	mostly false	http://pandora.nla.gov.au//pan/140601/20131209-1141/www.politifact.com.au/truth-o-meter/statements/2013/sep/30/cathy-mcgowan/independents-last-parliament-3-9-health-funding/index.html	None	['Health']	Cathy McGowan	Flynn Murphy, Peter Fray	None	Did independents in the last parliament score 3.9 per cent of federal health funding?	Monday, September 30, 2013 at 11:35 a.m.	None	['None']
para-00081	Australian families are "all struggling from cost of living pressures".	false	http://pandora.nla.gov.au//pan/140601/20131209-1141/www.politifact.com.au/truth-o-meter/statements/2013/aug/08/kevin-rudd/under-pressure-empathise-rudd-calls-big-squeeze/index.html	None	['Cost of living', 'Economy']	Kevin Rudd	David Humphries, Peter Martin, Peter Fray	None	Under pressure to empathise Rudd calls in the big squeeze	Thursday, August 8, 2013 at 9:11 a.m.	None	['Australia']
para-00177	"Federal government public servants are purchasing gold-plated coffee machines."	pants on fire!	http://pandora.nla.gov.au//pan/140601/20131209-1141/www.politifact.com.au/truth-o-meter/statements/2013/may/16/jamie-briggs/liberal-party-says-public-servants-buying-gold-pla/index.html	None	['Public Service']	Jamie Briggs	Chris Pash, Su-Lin Tan, Peter Fray	None	Liberal Party says public servants buying gold-plated coffee machines	Thursday, May 16, 2013 at 3:52 p.m.	None	['None']
para-00051	The Liberal Party has "confirmed" it will "cut 20,000 jobs".	false	http://pandora.nla.gov.au//pan/140601/20131209-1141/www.politifact.com.au/truth-o-meter/statements/2013/aug/27/kate-lundy/has-liberal-party-confirmed-it-will-cut-20000-jobs/index.html	None	['Employment', 'Industrial relations', 'Workers rights']	Kate Lundy	Peter Martin, Peter Fray	None	Has the Liberal Party confirmed it will cut 20,000 jobs?	Tuesday, August 27, 2013 at 8:28 a.m.	None	['None']
para-00202	"You belong to a vanishing race — when 20 people die in Australia, they’ll only be replaced by 17 people."	pants on fire!	http://pandora.nla.gov.au//pan/140601/20131209-1141/www.politifact.com.au/truth-o-meter/statements/2013/sep/02/bob-katter/populate-or-perish-are-australians-vanishing-race/index.html	None	['Immigration', 'Population']	Bob Katter	Michael Koziol, Peter Fray	None	Populate or perish - are Australians "a vanishing race"?	Monday, September 2, 2013 at 10:10 p.m.	None	['Australia']
para-00198	Says asylum seekers are "a hot topic here [western Sydney] because our traffic is overcrowded".	mostly false	http://pandora.nla.gov.au//pan/140601/20131209-1141/www.politifact.com.au/truth-o-meter/statements/2013/sep/04/fiona-scott/fiona-scott-drives-through-hot-topic-asylum-seeker/index.html	None	['Asylum Seekers', 'Immigration', 'Refugees']	Fiona Scott	Jonathan Pearlman, Peter Fray	None	Fiona Scott drives through the "hot topic" of asylum seekers and overcrowding	Wednesday, September 4, 2013 at 5:10 p.m.	None	['Sydney']
para-00111	"Interest rates have been reduced to their lowest rate in 30 years, saving thousands of dollars in mortgage payments every year"	half-true	http://pandora.nla.gov.au//pan/140601/20131209-1141/www.politifact.com.au/truth-o-meter/statements/2013/jul/15/brendan-oconnor/alp-says-interest-rates-are-lowest-30-years-saying/index.html	None	['Economy']	Brendan O'Connor	Chris Pash, Peter Fray	None	ALP says interest rates are the lowest in 30 years, saving thousands on mortgage payments	Monday, July 15, 2013 at 1:37 p.m.	None	['None']
para-00104	"Whether it’s a fixed tax or a floating tax, (Rudd's floating-price emissions trading scheme) is still a tax."	mostly false	http://pandora.nla.gov.au//pan/140601/20131209-1141/www.politifact.com.au/truth-o-meter/statements/2013/jul/19/tony-abbott/tax-tax-tax-emissions-trading-scheme/index.html	None	['Carbon Tax', 'Environment']	Tony Abbott	Flynn Murphy, Su-Lin Tan, Peter Fray	None	A tax is a tax is a tax, but is an emissions trading scheme?	Friday, July 19, 2013 at 12:26 p.m.	None	['None']
para-00040	"Deterrents and punishments do not work to stop boats."	half-true	http://pandora.nla.gov.au//pan/140601/20131209-1141/www.politifact.com.au/truth-o-meter/statements/2013/sep/10/australian-greens/deterrents-do-not-stop-boats-greens/index.html	None	['Asylum Seekers', 'Border Protection']	Australian Greens	Flynn Murphy, Jack Fisher, Peter Fray	None	Deterrents do not stop boats: The Greens	Tuesday, September 10, 2013 at 8:59 a.m.	None	['None']
para-00078	Says it is "standard naval practice to intercept and turn boats around on the high seas".	half-true	http://pandora.nla.gov.au//pan/140601/20131209-1141/www.politifact.com.au/truth-o-meter/statements/2013/aug/08/tony-abbott/abbott-says-it-standard-naval-practice-turn-boats-/index.html	None	['Asylum Seekers', 'Defence']	Tony Abbott	Flynn Murphy, Peter Fray	None	Abbott says it is standard naval practice to turn boats around on the high seas	Thursday, August 8, 2013 at 7:26 p.m.	None	['None']
para-00163	Asylum seekers arriving by boat are illegally entering Australia.	half-true	http://pandora.nla.gov.au//pan/140601/20131209-1141/www.politifact.com.au/truth-o-meter/statements/2013/jun/03/scott-morrison/asylum-seekers-arriving-boat-are-illegally-enterin/index.html	None	['Asylum Seekers']	Scott Morrison	David Humphries, Peter Fray	None	Are asylum seekers arriving by boat illegally entering Australia?	Monday, June 3, 2013 at 10:29 a.m.	None	['Australia']
para-00107	Rio Tinto last year made a $9 billion profit from mining Pilbara iron ore and paid no minerals resource rent tax.	true	http://pandora.nla.gov.au//pan/140601/20131209-1141/www.politifact.com.au/truth-o-meter/statements/2013/jul/18/scott-ludlam/rio-tinto-paid-no-minerals-resource-rent-tax-last/index.html	None	['Mining', 'Tax']	Scott Ludlam	David Humphries, Peter Fray	None	Rio Tinto paid no Minerals Resource Rent Tax over the last financial year: Ludlam	Thursday, July 18, 2013 at 12:51 p.m.	None	['Rio_Tinto_Group', 'Pilbara']
para-00116	"Islam is our country's fourth most observed religion."	false	http://pandora.nla.gov.au//pan/140601/20131209-1141/www.politifact.com.au/truth-o-meter/statements/2013/jul/10/bob-carr/carr-says-islam-fourth-most-observed-religion-aust/index.html	None	['Religion']	Bob Carr	Ellie Harvey, Peter Fray	None	Carr says Islam is the fourth most observed religion in Australia	Wednesday, July 10, 2013 at 4:14 p.m.	None	['Islam']
para-00195	The Democratic Labour Party has "a position in their constitution that one should remain abstinent before marriage".	mostly false	http://pandora.nla.gov.au//pan/140601/20131209-1141/www.politifact.com.au/truth-o-meter/statements/2013/sep/05/fiona-patten/no-sex-you-minor-parties-slog-it-out-over-abstinen/index.html	None	['Election', 'Social Policy']	Fiona Patten	Michael Koziol, Peter Fray	None	No sex for you! Minor parties slog it out over abstinence	Thursday, September 5, 2013 at 8:34 a.m.	None	['None']
para-00044	Says the Coalition’s paid parental scheme doesn’t pay more to low-paid women than the government’s.	false	http://pandora.nla.gov.au//pan/140601/20131209-1141/www.politifact.com.au/truth-o-meter/statements/2013/aug/29/bill-shorten/which-paid-parental-scheme-better-lower-paid-women/index.html	None	['Parental Leave']	Bill Shorten	Chris Pash, Alix Piatek, Peter Fray	None	Which paid parental scheme is better for lower paid women?	Thursday, August 29, 2013 at 6:04 p.m.	None	['None']
para-00106	"Kevin Rudd’s carbon tax will cost the average household more than $3000 over the six years from mid-2014."	mostly true	http://pandora.nla.gov.au//pan/140601/20131209-1141/www.politifact.com.au/truth-o-meter/statements/2013/jul/18/greg-hunt/how-much-will-floating-carbon-price-cost-australia/index.html	None	['Carbon Tax', 'Economy', 'Environment']	Greg Hunt	Michael Koziol, David Humphries	None	How much will a floating carbon price cost Australian households?	Thursday, July 18, 2013 at 3:21 p.m.	None	['None']
para-00120	"The share of university offers to students with ATAR scores of less than 50 has increased from 2.1 per cent in 2011 to 4.1 per cent in 2013."	true	http://pandora.nla.gov.au//pan/140601/20131209-1141/www.politifact.com.au/truth-o-meter/statements/2013/jul/08/kim-carr/are-students-atar-under-50-offered-more-university/index.html	None	['Education']	Kim Carr	Ellie Harvey, Peter Fray	None	Are students with an ATAR under 50 offered more university places than before?	Monday, July 8, 2013 at 12:40 p.m.	None	['None']
para-00141	"Every illegal boat is costing you $12.8 million."	mostly true	http://pandora.nla.gov.au//pan/140601/20131209-1141/www.politifact.com.au/truth-o-meter/statements/2013/jun/25/liberal-party-australia/liberal-party-says-every-illegal-boat-costing-128-/index.html	None	['Asylum Seekers', 'Budget', 'Campaign ads', 'Immigration']	Liberal Party of Australia	Chris Pash, Peter Fray, Su-Lin Tan	None	Liberal Party says every "illegal boat" is costing Australians $12.8 million	Tuesday, June 25, 2013 at 10:39 a.m.	None	['None']
para-00140	"There are more Australians in work today than there have been at any time in our nation’s history."	half-true	http://pandora.nla.gov.au//pan/140601/20131209-1141/www.politifact.com.au/truth-o-meter/statements/2013/jun/25/stephen-jones/labor-says-more-people-are-full-time-jobs-now-ever/index.html	None	['Economy', 'Employment']	Stephen Jones	Su-Lin Tan, David Humphries, Peter Fray	None	Labor says more people are in full-time jobs now than ever before	Tuesday, June 25, 2013 at 2:53 p.m.	None	['None']
para-00032	"We've just seen one of the earliest ever starts to the bushfire season in Sydney following the hottest twelve months on record."	mostly false	http://pandora.nla.gov.au//pan/140601/20131209-1141/www.politifact.com.au/truth-o-meter/statements/2013/sep/23/Tim-Flannery/sacked-flannery-commissions-bushfires-his-defence/index.html	None	['Climate change', 'Environment']	Tim Flannery	Jonathan Pearlman, Peter Fray	None	Sacked Flannery commissions the bushfires in his defence	Monday, September 23, 2013 at 7:12 a.m.	None	['Sydney']
para-00193	The national curriculum for history has been politicised [under Labor].	false	http://pandora.nla.gov.au//pan/140601/20131209-1141/www.politifact.com.au/truth-o-meter/statements/2013/sep/05/tony-abbott/what-flavour-history-will-australian-children-stud/index.html	None	['Education']	Tony Abbott	Chris Pash, Peter Fray	None	Are the history wars really history? Abbott thinks not	Thursday, September 5, 2013 at 5:45 p.m.	None	['None']
para-00178	"The budget papers reveal that Australia's gross debt will breach Labor's $300 billion debt ceiling within the forward estimates."	mostly false	http://pandora.nla.gov.au//pan/140601/20131209-1141/www.politifact.com.au/truth-o-meter/statements/2013/may/15/joe-hockey/does-budget-say-labor-will-breach-300-billion-debt/index.html	None	['Budget', 'Debt', 'Economy']	Joe Hockey	David Humphries, Alix Piatek, Peter Fray	None	Does the budget say Labor will breach the $300 billion debt ceiling?	Wednesday, May 15, 2013 at 8:18 p.m.	None	['Australia']
para-00162	Says the Coalition wants to first "rip" $500 million and then "up to $2 billion" from car industry support.	half-true	http://pandora.nla.gov.au//pan/140601/20131209-1141/www.politifact.com.au/truth-o-meter/statements/2013/jun/03/julia-gillard/says-coalition-wants-first-rip-500-million-and-the/index.html	None	['Industry Assistance', 'Manufacturing']	Julia Gillard	Michael Koziol, Peter Fray	None	Says the Coalition wants to first "rip" $500 million and then up to $2bn from car industry support	Monday, June 3, 2013 at 3:16 p.m.	None	['None']
para-00001	On the Gonski school funding arrangements (again)	half flip	http://pandora.nla.gov.au//pan/140601/20131209-1141/www.politifact.com.au/truth-o-meter/statements/2013/dec/06/christopher-pyne/return-to-gonski/index.html	None	['Education']	Christopher Pyne	Jack Fisher, Michael Koziol, Peter Fray	None	Gonski one minute, back the next?	Friday, December 6, 2013 at 5:24 p.m.	None	['None']
para-00123	"History has shown that the removal of discrimination in Australia has been led by Labor."	mostly true	http://pandora.nla.gov.au//pan/140601/20131209-1141/www.politifact.com.au/truth-o-meter/statements/2013/jul/05/anthony-albanese/has-labor-led-way-removing-gay-discrimination/index.html	None	['Same-sex marriage']	Anthony Albanese	Michael Koziol, Peter Fray	None	Has Labor led the way in removing gay discrimination?	Friday, July 5, 2013 at 12:07 p.m.	None	['Australia', 'Australian_Labor_Party']
para-00110	"The Rudd-Gillard-Rudd government has increased the Canberra tourism bureaucracy by 248 per cent and cut the budget for Tourism Australia, the government’s overseas marketing agency, by $6 million."	false	http://pandora.nla.gov.au//pan/140601/20131209-1141/www.politifact.com.au/truth-o-meter/statements/2013/jul/15/bob-baldwin/budget-growing-and-bureaucracy-steady-tourism-aust/index.html	None	['Budget', 'Tourism']	Bob Baldwin	Michael Koziol, David Humphries	None	Is tourism bureaucracy up, and its budget down?	Monday, July 15, 2013 at 5:19 p.m.	None	['None']
para-00039	"Happy the country which is more interested in sport than in politics."	mostly true	http://pandora.nla.gov.au//pan/140601/20131209-1141/www.politifact.com.au/truth-o-meter/statements/2013/sep/12/tony-abbott/does-sport-make-us-happier-politics/index.html	None	['Political stability']	Tony Abbott	Chris Pash, Peter Fray	None	Does sport make us happier than politics?	Thursday, September 12, 2013 at 10:01 a.m.	None	['None']
para-00224	"The truth is, with the ending of the decade-long mining boom, we face new economic challenges."	half-true	http://pandora.nla.gov.au//pan/140601/20131209-1141/www.politifact.com.au/truth-o-meter/statements/2013/aug/15/kevin-rudd/mining-boom-over-or-taking-different-hue/index.html	None	['Mining']	Kevin Rudd	Chris Pash, Peter Fray	None	Is the mining boom really over or taking on a different hue?	Thursday, August 15, 2013 at 7:39 p.m.	None	['None']
para-00153	The average days lost to industrial disputes under Labor is "around one third" lower than under the previous government.	mostly true	http://pandora.nla.gov.au//pan/140601/20131209-1141/www.politifact.com.au/truth-o-meter/statements/2013/jun/11/bill-shorten/days-lost-ir-disputes-one-third-lower-under-labor-/index.html	None	['Industrial relations', 'Workers rights']	Bill Shorten	Michael Koziol, Peter Fray	None	Days lost to IR disputes is one third lower under Labor than the previous Coalition government	Tuesday, June 11, 2013 at 2:45 p.m.	None	['None']
para-00170	"During the Howard years, real wealth per person more than doubled."	half-true	http://pandora.nla.gov.au//pan/140601/20131209-1141/www.politifact.com.au/truth-o-meter/statements/2013/may/22/tony-abbott/tony-abbott-says-real-wealth-person-mopre-doubled-/index.html	None	['Budget', 'Economy']	Tony Abbott	Chris Pash, Su-Lin Tan, Peter Fray	None	Tony Abbott says real wealth per person more than doubled during the Howard years	Wednesday, May 22, 2013 at 11:44 a.m.	None	['None']
para-00118	Cleaning up government regulation would save $12 billion a year and "addressing areas of federal-state regulatory reform could boost our economy by $6 billion a year."	true	http://pandora.nla.gov.au//pan/140601/20131209-1141/www.politifact.com.au/truth-o-meter/statements/2013/jul/09/tony-abbott/cleaning-government-red-tape-would-save-12-billion/index.html	None	['Economy', 'Regulation']	Tony Abbott	David Humphries, Su-Lin Tan, Peter Fray	None	Cleaning up government red tape would save $12 billion a year	Tuesday, July 9, 2013 at 6:42 p.m.	None	['None']
para-00150	"Labor is the party of equal opportunity ... the party of women."	half-true	http://pandora.nla.gov.au//pan/140601/20131209-1141/www.politifact.com.au/truth-o-meter/statements/2013/jun/13/julia-gillard/labor-party-equal-opportunity-gillard/index.html	None	["Women's Rights"]	Julia Gillard	David Humphries, Su-Lin Tan, Peter Fray	None	Labor is the party of equal opportunity: Gillard	Thursday, June 13, 2013 at 4:06 p.m.	None	['None']
para-00083	"Australian Government debt per head of population is one of the lowest across all the developed countries in the world."	true	http://pandora.nla.gov.au//pan/140601/20131209-1141/www.politifact.com.au/truth-o-meter/statements/2013/aug/07/kevin-rudd/government-debt-australia-low-global-standards/index.html	None	['Budget', 'Debt', 'Economy']	Kevin Rudd	Michael Koziol, Peter Fray	None	Government debt in Australia is low by global standards	Wednesday, August 7, 2013 at 6:27 p.m.	None	['None']
para-00211	Natural gas projects created 100,000 jobs last year and could create another 150,000 over the next 20 years.	half-true	http://pandora.nla.gov.au//pan/140601/20131209-1141/www.politifact.com.au/truth-o-meter/statements/2013/aug/21/australian-petroleum-production-and-exploration-as/were-cooking-gas-says-lobby-group/index.html	None	['Economy', 'Employment', 'Natural Gas']	Australian Petroleum Production and Exploration Association	Michael Koziol, Peter Fray	None	We're cooking with gas, says lobby group	Wednesday, August 21, 2013 at 5:18 p.m.	None	['None']
para-00185	Labor’s overtime and penalty rates protections "can’t be stripped away".	false	http://pandora.nla.gov.au//pan/140601/20131209-1141/www.politifact.com.au/truth-o-meter/statements/2013/may/12/australian-labor-party/labor-says-its-workplace-rights-cant-be-stripped-a/index.html	None	['Industrial relations', 'Workers rights']	Australian Labor Party	David Humphries, Peter Fray	None	Labor says its workplace rights can't be stripped away	Sunday, May 12, 2013 at 12:00 a.m.	None	['None']
para-00219	"If you are a mother on average earnings you will be $21,000 better off under this [parental leave] policy."	mostly false	http://pandora.nla.gov.au//pan/140601/20131209-1141/www.politifact.com.au/truth-o-meter/statements/2013/aug/19/tony-abbott/just-how-much-better-will-be-working-mums-under-ab/index.html	None	['Child Care', 'Parental Leave']	Tony Abbott	Peter Martin, Peter Fray	None	Just how much better off will be working mums under Abbott's plan?	Monday, August 19, 2013 at 8:52 a.m.	None	['None']
para-00147	"Since 2000, 22 million cubic metres of dredge spoil has been approved to be dumped in our precious (Great Barrier) reef - that's more than 13 MCGs worth."	true	http://pandora.nla.gov.au//pan/140601/20131209-1141/www.politifact.com.au/truth-o-meter/statements/2013/jun/18/christine-milne/greens-say-more-13-mcgs-dredge-spoil-has-been-appr/index.html	None	['Environment']	Christine Milne	Chris Pash, Alix Piatek, Peter Fray	None	Greens say more than 13 MCGs of dredge spoil has been approved to be dumped on the Great Barrier Reef	Tuesday, June 18, 2013 at 2:32 p.m.	None	['None']
para-00063	"Costello drove the dollar up from 52 cents to 96 and halved the income for every manufacturer, every agriculturalist, every mining company…all of the producer path of our economy was completely destroyed by that decision and he’s gloated about it."	pants on fire!	http://pandora.nla.gov.au//pan/140601/20131209-1141/www.politifact.com.au/truth-o-meter/statements/2013/aug/14/bob-katter/katter-says-costello-drove-dollar-and-completely-d/index.html	None	['Agriculture', 'Economy', 'Manufacturing', 'Mining']	Bob Katter	Michael Koziol, Peter Fray	None	Katter says Costello drove the dollar up and "completely destroyed" Australian producers	Wednesday, August 14, 2013 at 2:19 p.m.	None	['None']
para-00215	Says Labor has delivered just 10 per cent of the trade training centres it promised for every Australian high school.	mostly true	http://pandora.nla.gov.au//pan/140601/20131209-1141/www.politifact.com.au/truth-o-meter/statements/2013/aug/20/christopher-pyne/no-school-will-live-without-trades-training-right/index.html	None	['Education', 'Training']	Christopher Pyne	David Humphries, Alix Piatek, Peter Fray	None	No school will live without a trades training centre by 2018	Tuesday, August 20, 2013 at 3:48 p.m.	None	['Australia']
para-00209	Says gun crime in western Sydney is linked to Labor’s "savage cuts" to Australian Customs.	mostly false	http://pandora.nla.gov.au//pan/140601/20131209-1141/www.politifact.com.au/truth-o-meter/statements/2013/aug/22/michael-keenan/stop-guns-keenan-draws-long-bow/index.html	None	['Border Protection', 'Crime']	Michael Keenan	Jonathan Pearlman, Sarah Fantini, Peter Fray	None	Stop the guns! Keenan's law and order auction	Thursday, August 22, 2013 at 12:18 p.m.	None	['Sydney']
para-00008	"People on the minimum wage are paying about 72 per cent of their income on a median rental."	half-true	http://pandora.nla.gov.au//pan/140601/20131209-1141/www.politifact.com.au/truth-o-meter/statements/2013/nov/11/scott-ludlam/sydney-melbourne-adelaide-just-slave-minimum-wage/index.html	None	['Housing']	Scott Ludlam	Michael Koziol, Peter Fray	None	Sydney, Melbourne, Adelaide: Just a slave on the minimum wage	Monday, November 11, 2013 at 1:22 p.m.	None	['None']
para-00082	Rudd’s "spend-a-thon" has the budget "blowing out by $3 billion a week".	mostly false	http://pandora.nla.gov.au//pan/140601/20131209-1141/www.politifact.com.au/truth-o-meter/statements/2013/aug/07/tony-abbott/abbott-says-rudds-spend-thon-has-budget-blowing-ou/index.html	None	['Budget']	Tony Abbott	Chris Pash, Peter Fray	None	Abbott says Rudd’s “spend-a-thon” has the budget “blowing out by $3 billion a week”	Wednesday, August 7, 2013 at 7:06 p.m.	None	['None']
para-00011	UN climate chief Christiana Figueres is "talking through her hat" when she says there is a link between climate change and the NSW bushfires.	false	http://pandora.nla.gov.au//pan/140601/20131209-1141/www.politifact.com.au/truth-o-meter/statements/2013/oct/28/tony-abbott/abbott-says-climate-chief-talking-through-hat-on-b/index.html	None	['Climate change', 'Environment']	Tony Abbott	Michael Koziol, Peter Fray	None	Abbott says UN climate chief "talking through her hat" on bushfires	Monday, October 28, 2013 at 5:18 p.m.	None	['None']
para-00045	The Coalition’s Direct Action climate plan has been endorsed by four independent analysts. . . and three Nobel economic laureates support "direct investment in technology" rather than a carbon tax.	half-true	http://pandora.nla.gov.au//pan/140601/20131209-1141/www.politifact.com.au/truth-o-meter/statements/2013/aug/29/greg-hunt/name-expert-Hunt-counts-cheer-squad-direct-action/index.html	None	['Carbon Tax', 'Climate change', 'Direct Action', 'Environment']	Greg Hunt	Michael Koziol, Alexia Attwood, Peter Fray	None	Name an expert: Hunt counts the cheer squad for Direct Action	Thursday, August 29, 2013 at 1:24 p.m.	None	['None']
para-00086	Households on a $300,000 mortgage are "paying about $5500 less per year than they were at the beginning of our term of government".	mostly true	http://pandora.nla.gov.au//pan/140601/20131209-1141/www.politifact.com.au/truth-o-meter/statements/2013/aug/06/mark-butler/australians-are-5500-year-better-repaying-average-/index.html	None	['Economy', 'Interest rates']	Mark Butler	David Humphries, Peter Fray	None	Australians are $5500 a year better off repaying an average home mortgage than they were when Labor came to office six years ago	Tuesday, August 6, 2013 at 7:05 p.m.	None	['None']
para-00194	Says the Palmer United Party government would "end unemployment".	false	http://pandora.nla.gov.au//pan/140601/20131209-1141/www.politifact.com.au/truth-o-meter/statements/2013/sep/05/clive-palmer/palmernomics-part-ii-how-end-unemployment/index.html	None	['Economy', 'Employment']	Clive Palmer	David Humphries, Peter Fray	None	Palmernomics part II: how to end unemployment	Thursday, September 5, 2013 at 11:12 a.m.	None	['None']
para-00188	"We've had a 50 per cent reduction in emissions intensity without any taxes and trading schemes from government."	half-true	http://pandora.nla.gov.au//pan/140601/20131209-1141/www.politifact.com.au/truth-o-meter/statements/2013/sep/06/tony-abbott/emissions-intensity-falling-not-without-hand-gover/index.html	None	['Carbon Tax', 'Climate change', 'Environment']	Tony Abbott	Michael Koziol, Peter Fray	None	Emissions intensity is falling, but not without the hand of government	Friday, September 6, 2013 at 11:21 a.m.	None	['None']
para-00200	Says the United Nations will force landholders to fence creeks and rivers and only capture 10 per cent of the water that falls on the property.	pants on fire!	http://pandora.nla.gov.au//pan/140601/20131209-1141/www.politifact.com.au/truth-o-meter/statements/2013/sep/04/pauline-hanson/hanson-un-agreement-burdens-farmers/index.html	None	['Agriculture']	Pauline Hanson	Ellie Harvey, Peter Fray	None	UN land use agenda going "to destroy our farming sector": Hanson	Wednesday, September 4, 2013 at 8:47 a.m.	None	['United_Nations']
para-00024	"While tens of thousands of Indonesian students are studying in Australian universities and colleges, only a few hundred Australians are returning the compliment by studying in Indonesia."	mostly true	http://pandora.nla.gov.au//pan/140601/20131209-1141/www.politifact.com.au/truth-o-meter/statements/2013/oct/01/tony-abbott/student-exchange-rate-hundreds-tens-thousands/index.html	None	['Education', 'Foreign Affairs']	Tony Abbott	Flynn Murphy, Peter Fray	None	Our student exchange rate: hundreds for tens of thousands?	Tuesday, October 1, 2013 at 7:16 p.m.	None	['Australia', 'Indonesia']
para-00181	The public sector payroll has grown by 20,000 since 2007.	mostly true	http://pandora.nla.gov.au//pan/140601/20131209-1141/www.politifact.com.au/truth-o-meter/statements/2013/may/13/tony-abbott/abbott-says-public-service-had-grown-20000-under-l/index.html	None	['Defence', 'Public Service']	Tony Abbott	Chris Pash, Peter Fray	None	Abbott says public sector payroll has grown by 20,000 under Labor	Monday, May 13, 2013 at 12:41 p.m.	None	['None']
para-00203	Buying Indonesian village fishing boats to stop people smugglers acquiring them "saves lives; it saves the taxpayers’ money ultimately".	pants on fire!	http://pandora.nla.gov.au//pan/140601/20131209-1141/www.politifact.com.au/truth-o-meter/statements/2013/sep/02/scott-morrison/reaping-votes-buying-boats-implausible/index.html	None	['Asylum Seekers', 'Border Protection']	Scott Morrison	David Humphries, Jonathan Pearlman, Peter Fray	None	Reaping the votes by buying the boats? Seems, er, implausible	Monday, September 2, 2013 at 8:30 a.m.	None	['Indonesia']
para-00196	"High speed rail could alleviate the need for a second Sydney airport."	mostly true	http://pandora.nla.gov.au//pan/140601/20131209-1141/www.politifact.com.au/truth-o-meter/statements/2013/sep/05/adam-bandt/high-speed-rail-alleviate-second-airport-sydney/index.html	None	['Infrastructure']	Adam Bandt	Michael Koziol, Peter Fray	None	Could high speed rail alleviate the need for a second airport in Sydney?	Thursday, September 5, 2013 at 7:15 a.m.	None	['Sydney']
para-00173	"Eighty per cent of Queensland is under mining exploration leases, including 90 per cent of the Darling Downs."	false	http://pandora.nla.gov.au//pan/140601/20131209-1141/www.politifact.com.au/truth-o-meter/statements/2013/may/20/larissa-waters/greens-senator-says-eighty-cent-queensland-under-m/index.html	None	['Environment', 'Mining']	Larissa Waters	Jennifer Cooke, Peter Fray	None	Greens say 80 per cent of Queensland is under mining exploration leases	Monday, May 20, 2013 at 6:22 p.m.	None	['Darling_Downs', 'Queensland']
para-00149	"We’re one of only six or seven governments around the world which has a triple A credit rating on our public finances."	mostly true	http://pandora.nla.gov.au//pan/140601/20131209-1141/www.politifact.com.au/truth-o-meter/statements/2013/jun/17/kevin-rudd/australia-one-six-or-seven-countries-have-triple-c/index.html	None	['Economy']	Kevin Rudd	Chris Pash, Su-Lin Tan, Peter Fray	None	Australia is one of six or seven countries to have a Triple A credit rating	Monday, June 17, 2013 at 12:46 p.m.	None	['None']
para-00060	"We are heading towards 800,000 Australians without a job."	mostly true	http://pandora.nla.gov.au//pan/140601/20131209-1141/www.politifact.com.au/truth-o-meter/statements/2013/aug/15/andrew-robb/employment-paradox-more-work-yet-more-out/index.html	None	['Economy', 'Employment']	Andrew Robb	Peter Martin, Peter Fray	None	The employment paradox: more in work, yet more out	Thursday, August 15, 2013 at 9:14 a.m.	None	['None']
para-00026	"There are more billionaires in Indonesia today than in Japan."	true	http://pandora.nla.gov.au//pan/140601/20131209-1141/www.politifact.com.au/truth-o-meter/statements/2013/oct/01/tony-abbott/rising-rich-more-billionaires-indonesia-japan/index.html	None	['Foreign Affairs']	Tony Abbott	Michael Koziol, Peter Fray	None	The rising rich: more billionaires in Indonesia than Japan	Tuesday, October 1, 2013 at 7:12 p.m.	None	['Japan', 'Indonesia']
para-00164	Says utility costs are up 77 per cent under Labor.	half-true	http://pandora.nla.gov.au//pan/140601/20131209-1141/www.politifact.com.au/truth-o-meter/statements/2013/may/30/scott-ryan/ryan-utility-costs-up-77-per-cent-under-labor/index.html	None	['Campaign ads', 'Carbon Tax', 'Utilities']	Scott Ryan	Flynn Murphy, Peter Fray	None	Have utility costs risen 77 per cent under Labor?	Thursday, May 30, 2013 at 4:43 p.m.	None	['None']
para-00037	Academic studies suggest John Howard's 1996 gun reforms made "no difference" to the number of gun deaths in Australia.	mostly false	http://pandora.nla.gov.au//pan/140601/20131209-1141/www.politifact.com.au/truth-o-meter/statements/2013/sep/13/david-leyonhjelm/did-howards-firearms-reforms-have-impact-gun-death/index.html	None	['Guns']	David Leyonhjelm	Flynn Murphy, Peter Fray	None	Did Howard's firearm reforms have no impact on Australian gun deaths?	Friday, September 13, 2013 at 1:04 p.m.	None	['John_Howard', 'Australia']
para-00125	"Australian investors are fleeing this country to invest in more stable countries like Mongolia and Angola, where they don't change the prime minister in the dead of the night twice in three years."	mostly false	http://pandora.nla.gov.au//pan/140601/20131209-1141/www.politifact.com.au/truth-o-meter/statements/2013/jul/03/tony-abbott/are-australian-investors-fleeing-mongolia-and-ango/index.html	None	['Business Investment', 'Economy', 'Leadership']	Tony Abbott	David Humphries, Su-Lin Tan, Peter Fray	None	Are Australian investors really fleeing the country due to political instability?	Wednesday, July 3, 2013 at 4:36 p.m.	None	['Mongolia', 'Angola', 'Australia']
para-00121	"The next election is due in August 2013, not in November, not in October."	false	http://pandora.nla.gov.au//pan/140601/20131209-1141/www.politifact.com.au/truth-o-meter/statements/2013/jul/08/christopher-pyne/Next-election-August-not-November-not-October/index.html	None	['Leadership']	Christopher Pyne	Michael Koziol, Peter Fray	None	"The next election is due in August 2013, not in November, not in October."	Monday, July 8, 2013 at 9:15 a.m.	None	['None']
para-00034	"All our divisional returning officers are ex-military officers in the Australian armed forces."	pants on fire!	http://pandora.nla.gov.au//pan/140601/20131209-1141/www.politifact.com.au/truth-o-meter/statements/2013/sep/20/clive-palmer/palmer-says-all-electoral-division-returning-offic/index.html	None	['Election']	Clive Palmer	Chris Pash, Peter Fray	None	Palmer says all electoral division returning officers are ex-military	Friday, September 20, 2013 at 5:19 p.m.	None	['Australia']
para-00098	"People smugglers... make a million dollars a boat."	mostly false	http://pandora.nla.gov.au//pan/140601/20131209-1141/www.politifact.com.au/truth-o-meter/statements/2013/jul/27/jason-clare/do-people-smugglers-make-1-million-every-boatload-/index.html	None	['Asylum Seekers']	Jason Clare	Flynn Murphy, Alix Piatek, Peter Fray	None	Do people smugglers make $1 million from every boatload of asylum seekers?	Saturday, July 27, 2013 at 6:30 p.m.	None	['None']
para-00139	"Australia has one of the highest levels of education for women but one of the lowest workforce participation rates of mothers in the developed world."	true	http://pandora.nla.gov.au//pan/140601/20131209-1141/www.politifact.com.au/truth-o-meter/statements/2013/jun/26/mark-dreyfus/dreyfus-says-women-are-well-educated-disadvantaged/index.html	None	['Industrial relations', "Women's Rights"]	Mark Dreyfus	Michael Koziol, Peter Fray	None	Dreyfus says women are well-educated but disadvantaged in workforce participation	Wednesday, June 26, 2013 at 8:57 a.m.	None	['None']
para-00208	"We know that Tony Abbott works in Indigenous communities at least a week or two a year, and he has said that if he is elected Prime Minister that he will continue to do that."	mostly false	http://pandora.nla.gov.au//pan/140601/20131209-1141/www.politifact.com.au/truth-o-meter/statements/2013/aug/22/christopher-pyne/abbotts-pledge-blurred-supportive-pyne/index.html	None	['Indigenous Affairs']	Christopher Pyne	Jonathan Pearlman, Peter Fray	None	Abbott's pledge blurred by the supportive Pyne	Thursday, August 22, 2013 at 2:40 p.m.	None	['Tony_Abbott']
para-00003	"With such a regulatory superstructure, it’s hardly surprising that Australia’s ranking in the World Economic Forum’s global competitiveness index has fallen from 12th to 21st; and that [the] ranking for government regulation has fallen... from 68th to 128th over the past six years."	mostly false	http://pandora.nla.gov.au//pan/140601/20131209-1141/www.politifact.com.au/truth-o-meter/statements/2013/nov/22/tony-abbott/abbott-blames-red-tape-losing-competitive-edge/index.html	None	['Business Investment', 'Regulation']	Tony Abbott	Michael Koziol, Min Wang, Peter Fray	None	Abbott blames red tape for country losing competitive edge	Friday, November 22, 2013 at 3:35 p.m.	None	['Australia']
para-00175	Within three to eight years Australia will be a net importer of food and "will not be able to feed itself".	false	http://pandora.nla.gov.au//pan/140601/20131209-1141/www.politifact.com.au/truth-o-meter/statements/2013/may/17/bob-katter/within-three-eight-years-australia-will-be-net-imp/index.html	None	['Agriculture', 'Food Security']	Bob Katter	Jennifer Cooke, Peter Fray	None	Within three to eight years Australia will be a net importer of food and "will not be able to feed itself".	Friday, May 17, 2013 at 12:55 p.m.	None	['None']
para-00004	"Small businesses have been absolutely crippled by the 21,000 new and amended regulations introduced by Labor in their period of government."	mostly false	http://pandora.nla.gov.au//pan/140601/20131209-1141/www.politifact.com.au/truth-o-meter/statements/2013/nov/19/bruce-billson/Killer-red-tape-fiction-fact/index.html	None	['Regulation']	Bruce Billson	Ellie Harvey, Michael Koziol, Peter Fray	None	Attack of the killer red tape. More fiction than fact — still	Tuesday, November 19, 2013 at 1:56 p.m.	None	['None']
para-00068	Says would-be refugees who arrive in Australia by boat are "illegal arrivals".	half-true	http://pandora.nla.gov.au//pan/140601/20131209-1141/www.politifact.com.au/truth-o-meter/statements/2013/aug/13/tony-abbott/legal-or-illegal-arrivals-question-dogs-tragedy-bo/index.html	None	['Asylum Seekers']	Tony Abbott	David Humphries, Peter Fray	None	Legal or illegal arrivals? The question that won't go away	Tuesday, August 13, 2013 at 11:45 a.m.	None	['Australia']
para-00093	Labor's Regional Resettlement Arrangement will be entirely in accordance with Australia's domestic law obligations.	mostly true	http://pandora.nla.gov.au//pan/140601/20131209-1141/www.politifact.com.au/truth-o-meter/statements/2013/aug/01/mark-dreyfus/arrangement-will-be-entirely-accordance-australias/index.html	None	['Asylum Seekers']	Mark Dreyfus	Michael Pelly, Alix Piatek, Peter Fray	None	Dreyfus says the PNG arrangement accords with Australian domestic law	Thursday, August 1, 2013 at 9:53 a.m.	None	['Australia']
para-00058	Australia is "borrowing 86 per cent of our gross debt from the rest of the world".	mostly false	http://pandora.nla.gov.au//pan/140601/20131209-1141/www.politifact.com.au/truth-o-meter/statements/2013/aug/23/joe-hockey/debt-wars-Labor-selling-off-foreigners-Hockey/index.html	None	['Budget', 'Debt']	Joe Hockey	Chris Pash, Peter Fray	None	Debt wars, part IV: Labor's selling out the country to foreigners, says Hockey	Friday, August 23, 2013 at 1:04 p.m.	None	['None']
para-00012	Electricity is inelastic and taxing it "simply ends up diverting funds from other elements in a family's budget".	half-true	http://pandora.nla.gov.au//pan/140601/20131209-1141/www.politifact.com.au/truth-o-meter/statements/2013/oct/24/greg-hunt/Hunt-stretching-truth-electricity/index.html	None	['Carbon Tax', 'Cost of living', 'Economy', 'Environment']	Greg Hunt	Michael Koziol, Peter Fray	None	Is Hunt stretching the truth about electricity?	Thursday, October 24, 2013 at 5:07 p.m.	None	['None']
para-00182	The Coalition's broadband plan will "cost households $5000 to get connected".	mostly false	http://pandora.nla.gov.au//pan/140601/20131209-1141/www.politifact.com.au/truth-o-meter/statements/2013/may/12/julia-gillard/julia-gillard-says-coalitions-nbn-will-cost-househ/index.html	None	['National Broadband Network', 'Technology']	Julia Gillard	Flynn Murphy, Peter Fray	None	Julia Gillard says the Coalition's broadband plan will cost households $5000 to connect	Sunday, May 12, 2013 at 6:00 p.m.	None	['None']
para-00092	"Australia's debt is growing faster than at any other time in recorded history, more than double that predicted even just before the last election."	mostly false	http://pandora.nla.gov.au//pan/140601/20131209-1141/www.politifact.com.au/truth-o-meter/statements/2013/aug/01/andrew-robb/Debt-growing-faster-now-than-history/index.html	None	['Debt']	Andrew Robb	Peter Martin, Peter Fray	None	Debt growing faster now than ever before: Robb	Thursday, August 1, 2013 at 4:37 p.m.	None	['None']
para-00022	On buying Indonesian fishing boats to deny people smugglers their main tool.	half flip	http://pandora.nla.gov.au//pan/140601/20131209-1141/www.politifact.com.au/truth-o-meter/statements/2013/oct/04/tony-abbott/rough-seas-buying-back-boats-people-smugglers/index.html	None	['Asylum Seekers', 'Border Protection']	Tony Abbott	Chris Pash, Michael Koziol, Flynn Murphy	None	Rough seas for buying back the boats from people smugglers	Friday, October 4, 2013 at 12:48 p.m.	None	['Indonesia']
para-00099	Labor put Australia among the top ten foreign aid givers worldwide.	mostly true	http://pandora.nla.gov.au//pan/140601/20131209-1141/www.politifact.com.au/truth-o-meter/statements/2013/jul/26/andrew-leigh/how-generous-australia-foreign-aid/index.html	None	['Budget']	Andrew Leigh	Michael Koziol, Peter Fray	None	How generous is Australia on foreign aid?	Friday, July 26, 2013 at 5:04 p.m.	None	['None']
para-00142	Counting those that work more than an "hour a week" as employed is a "gross distortion" of Australia's unemployment rate.	half-true	http://pandora.nla.gov.au//pan/140601/20131209-1141/www.politifact.com.au/truth-o-meter/statements/2013/jun/21/nick-xenophon/Counting-hour-week-gross-distortion-unemployment-r/index.html	None	['Economy', 'Employment']	Nick Xenophon	Michael Koziol, Peter Fray	None	Counting those that work more than an "hour a week" as employed is a "gross distortion" of Australia's unemployment rate.	Friday, June 21, 2013 at 6:29 p.m.	None	['Australia']
para-00097	"There is virtually no prospect that the US will adopt a cap and trade system [to deal with climate change] at any point in the period to 2020."	mostly true	http://pandora.nla.gov.au//pan/140601/20131209-1141/www.politifact.com.au/truth-o-meter/statements/2013/jul/30/greg-hunt/might-us-adopt-cap-and-trade-2020/index.html	None	['Carbon Tax', 'Climate change', 'Environment']	Greg Hunt	Becky Bowers, Ellie Harvey, Bill Adair, Peter Fray	None	Greg Hunt says US won't adopt cap and trade by 2020	Tuesday, July 30, 2013 at 10:04 a.m.	None	['None']
para-00023	"It's unlikely that we would ever see [same-sex marriage] achieved in our national parliament with a conscience vote."	mostly true	http://pandora.nla.gov.au//pan/140601/20131209-1141/www.politifact.com.au/truth-o-meter/statements/2013/oct/03/paul-howes/howes-says-conscience-vote-wont-deliver-gay-marria/index.html	None	['Same-sex marriage']	Paul Howes	Jonathan Pearlman, Peter Fray	None	Howes says a conscience vote won't deliver gay marriage	Thursday, October 3, 2013 at 7:30 p.m.	None	['None']
para-00088	"No serious lawyer could conclude that" the PNG deal on asylum seekers "represents a binding legal agreement."	true	http://pandora.nla.gov.au//pan/140601/20131209-1141/www.politifact.com.au/truth-o-meter/statements/2013/aug/05/george-brandis/no-lawyer-PNG-deal-legally-binding/index.html	None	['Asylum Seekers']	George Brandis	Alix Piatek, Peter Fray	None	What would a serious lawyer make of the PNG deal? Not much, says Brandis	Monday, August 5, 2013 at 10:40 a.m.	None	['None']
para-00047	"Labor have a record of treating the defence portfolio as their own political plaything and have ripped $30 billion out of the defence budget since 2009."	half-true	http://pandora.nla.gov.au//pan/140601/20131209-1141/www.politifact.com.au/truth-o-meter/statements/2013/aug/28/david-johnston/johnston-takes-potshot-labors-military-cuts/index.html	None	['Budget', 'Defence']	David Johnston	Jonathan Pearlman, Peter Fray	None	Johnston takes a (pot)shot at Labor's military cuts	Wednesday, August 28, 2013 at 5:34 p.m.	None	['None']
para-00179	Australia is facing the "second largest revenue write-down since the Great Depression".	true	http://pandora.nla.gov.au//pan/140601/20131209-1141/www.politifact.com.au/truth-o-meter/statements/2013/may/15/wayne-swan/treasurer-swan-says-we-face-second-largest-revenue/index.html	None	['Budget', 'Economy', 'Finance']	Wayne Swan	Chris Pash, Peter Fray	None	Treasurer Swan says we face second largest revenue write-down since the Great Depression	Wednesday, May 15, 2013 at 3:57 p.m.	None	['Australia', 'Great_Depression']
para-00036	"The cabinet of Afghanistan now has more women in it than the cabinet of Australia."	mostly true	http://pandora.nla.gov.au//pan/140601/20131209-1141/www.politifact.com.au/truth-o-meter/statements/2013/sep/17/chris-bowen/liberal-coalition-abbott-women-cabinet-afghanistan/index.html	None	['Politics', "Women's Rights"]	Chris Bowen	Jack Fisher, Flynn Murphy, Peter Fray	None	Are there fewer women in the first Abbott cabinet than in Hamid Karzai's?	Tuesday, September 17, 2013 at 4:59 p.m.	None	['Australia', 'Afghanistan']
para-00206	"The current Federal Government ... cut $1.5 billion from public hospitals."	mostly false	http://pandora.nla.gov.au//pan/140601/20131209-1141/www.politifact.com.au/truth-o-meter/statements/2013/aug/22/tony-abbott/did-labor-cut-15-billion-public-hospitals/index.html	None	['Health']	Tony Abbott	Flynn Murphy, Sarah Fantini, Peter Fray	None	Did Labor cut $1.5 billion from public hospitals?	Thursday, August 22, 2013 at 7:16 p.m.	None	['None']
para-00066	"The Greens will receive more than $1 million from the Tertiary Education Union this year."	mostly false	http://pandora.nla.gov.au//pan/140601/20131209-1141/www.politifact.com.au/truth-o-meter/statements/2013/aug/13/cory-bernardi/strange-bedfellows-did-nteu-give-1-million-greens/index.html	None	['Campaign ads', 'Education']	Cory Bernardi	Michael Koziol, Peter Fray	None	Strange bedfellows: did the NTEU give $1 million to the Greens?	Tuesday, August 13, 2013 at 7:57 p.m.	None	['None']
para-00046	The Australian Building and Construction Commission led to "$6 billion a year in productivity savings and cost reductions".	mostly false	http://pandora.nla.gov.au//pan/140601/20131209-1141/www.politifact.com.au/truth-o-meter/statements/2013/aug/29/tony-abbott/bricks-and-rorts-reform-case-built-sandy-soil/index.html	None	['Industrial relations', 'Productivity']	Tony Abbott	Peter Martin, Peter Fray	None	Bricks and rorts: reform case built on sandy soil	Thursday, August 29, 2013 at 8:28 a.m.	None	['None']
para-00043	"The public service is 20,000 larger in Canberra than what it was when we were last in government."	false	http://pandora.nla.gov.au//pan/140601/20131209-1141/www.politifact.com.au/truth-o-meter/statements/2013/aug/30/joe-hockey/public-service-growth-numbers-dont-add/index.html	None	['Budget', 'Public Service']	Joe Hockey	Peter Martin, Peter Fray	None	Public service growth: the numbers don't add up	Friday, August 30, 2013 at 8:34 a.m.	None	['Canberra']
para-00103	Today there are more than 1800 children in detention, while "in the last year of the Howard Government there were no children in detention".	true	http://pandora.nla.gov.au//pan/140601/20131209-1141/www.politifact.com.au/truth-o-meter/statements/2013/jul/22/kelly-odwyer/how-does-todays-labor-government-compare-howard-go/index.html	None	['Asylum Seekers', 'Immigration']	Kelly O'Dwyer	Flynn Murphy, Peter Fray	None	How does today's Labor government compare to the Howard government on asylum detention of children?	Monday, July 22, 2013 at 5:29 p.m.	None	['None']
para-00030	On reinstating the cap on Commonwealth-supported university places.	half flip	http://pandora.nla.gov.au//pan/140601/20131209-1141/www.politifact.com.au/truth-o-meter/statements/2013/sep/25/christopher-pyne/teacher-s-not-what-you-said-yesterday/index.html	None	['Education']	Christopher Pyne	Michael Koziol, Peter Fray	None	But teacher! That's not what you said yesterday!	Wednesday, September 25, 2013 at 12:35 p.m.	None	['None']
para-00007	"Australian wage rates are very high by international standards."	mostly true	http://pandora.nla.gov.au//pan/140601/20131209-1141/www.politifact.com.au/truth-o-meter/statements/2013/nov/14/maurice-newman/are-australian-wages-very-high-international-stand/index.html	None	['Economy', 'Employment', 'Industrial relations']	Maurice Newman	Michael Koziol, Peter Fray	None	Are Australian wages very high by international standards?	Thursday, November 14, 2013 at 11:01 a.m.	None	['Australia']
para-00109	"Under this government... we've seen one manufacturing job lost every 19 minutes."	half-true	http://pandora.nla.gov.au//pan/140601/20131209-1141/www.politifact.com.au/truth-o-meter/statements/2013/jul/16/sophie-mirabella/mirabella-says-under-labor-australia-has-lost-manu/index.html	None	['Employment', 'Industrial relations', 'Manufacturing']	Sophie Mirabella	Su-Lin Tan, David Humphries	None	Mirabella says under Labor, Australia has lost a manufacturing job every 19 minutes	Tuesday, July 16, 2013 at 5:51 p.m.	None	['None']
para-00210	"Sales of 233,000 new cars (will be) affected by the (FBT) change"	half-true	http://pandora.nla.gov.au//pan/140601/20131209-1141/www.politifact.com.au/truth-o-meter/statements/2013/aug/21/australian-salary-packagin-industry-association/crash-bingle-how-many-new-sales-affected-FBT-chang/index.html	None	['Tax']	Australian Salary Packaging Industry Association	Chris Pash, Peter Fray	None	Crash or bingle? How many new sales affected by FBT changes?	Wednesday, August 21, 2013 at 5:18 p.m.	None	['None']
para-00187	"We are currently borrowing from overseas to fund our foreign aid commitments."	mostly false	http://pandora.nla.gov.au//pan/140601/20131209-1141/www.politifact.com.au/truth-o-meter/statements/2013/sep/06/andrew-robb/conjuring-trick-borrowing-overseas-and-then-sendin/index.html	None	['Economy', 'Foreign Aid']	Andrew Robb	Ellie Harvey, Chris Pash, Peter Fray	None	The Conjuring Trick: Borrowing overseas and then sending it back as foreign aid	Friday, September 6, 2013 at 3:41 p.m.	None	['None']
para-00167	Prime Minister Julia Gillard has guaranteed there would be a surplus 165 times.	true	http://pandora.nla.gov.au//pan/140601/20131209-1141/www.politifact.com.au/truth-o-meter/statements/2013/may/27/tony-abbott/abbott-says-gillard-promised-surplus-165-times/index.html	None	['Budget']	Tony Abbott	Ellie Harvey, Alix Piatek, Peter Fray	None	Abbott says Gillard promised a surplus 165 times	Monday, May 27, 2013 at 4:59 p.m.	None	['Julia_Gillard']
para-00128	Says Labor gave us the "world’s biggest carbon tax".	half-true	http://pandora.nla.gov.au//pan/140601/20131209-1141/www.politifact.com.au/truth-o-meter/statements/2013/jul/01/liberal-party-australia/Labor-carbon-tax-world-biggest/index.html	None	['Carbon Tax']	Liberal Party of Australia	Michael Koziol, Peter Fray	None	Labor gave us the "world’s biggest" carbon tax	Monday, July 1, 2013 at 4:29 p.m.	None	['None']
para-00166	"Children in our indigenous communities are dying at a faster rate than children in Africa, India and South America."	false	http://pandora.nla.gov.au//pan/140601/20131209-1141/www.politifact.com.au/truth-o-meter/statements/2013/may/28/clive-palmer/palmer-say-indigenous-children-die-faster-rate-chi/index.html	None	['Indigenous Health']	Clive Palmer	Ellie Harvey, Peter Fray	None	Palmer says Indigenous children die at a faster rate than children in Africa, India and South America	Tuesday, May 28, 2013 at 10:31 a.m.	None	['India', 'South_America', 'Africa']
para-00077	"Treasury believes if you reduce company tax, you increase pay, you increase GDP and you increase employment."	true	http://pandora.nla.gov.au//pan/140601/20131209-1141/www.politifact.com.au/truth-o-meter/statements/2013/aug/09/tony-abbott/cutting-companies-will-keep-both-bosses-and-worker/index.html	None	['Economy', 'Tax']	Tony Abbott	Peter Martin, Peter Fray	None	Cutting companies will keep both bosses and workers happy: Abbott	Friday, August 9, 2013 at 9:04 a.m.	None	['None']
para-00183	"The carbon tax is adding $400 to the cost of every car manufactured in Australia."	mostly false	http://pandora.nla.gov.au//pan/140601/20131209-1141/www.politifact.com.au/truth-o-meter/statements/2013/may/12/tony-abbott/tony-abbott-says-carbon-tax-adds-400-cost-cars-mad/index.html	None	['Carbon Tax', 'Manufacturing']	Tony Abbott	Chris Pash, Bill Adair	None	Tony Abbott says carbon tax adds $400 to the cost of every car made in Australia	Sunday, May 12, 2013 at 12:00 p.m.	None	['Australia']
para-00100	Says moving to an ETS early will have a "significant" negative impact on cutting emissions.	mostly false	http://pandora.nla.gov.au//pan/140601/20131209-1141/www.politifact.com.au/truth-o-meter/statements/2013/jul/25/adam-bandt/will-moving-early-ets-reduce-our-emissions-abateme/index.html	None	['Carbon Tax', 'Climate change', 'Environment']	Adam Bandt	Michael Koziol, Peter Fray	None	Will moving to an early ETS reduce our emissions abatement?	Thursday, July 25, 2013 at 1:17 p.m.	None	['None']
para-00199	Says a lot of schools are not adequately funded: 63 per cent of primary schools don’t offer music lessons.	mostly true	http://pandora.nla.gov.au//pan/140601/20131209-1141/www.politifact.com.au/truth-o-meter/statements/2013/sep/04/bill-shorten/will-schools-hire-music-teachers-under-gonski/index.html	None	['Education']	Bill Shorten	Chris Pash, Peter Fray	None	Will schools hire music teachers under Gonski?	Wednesday, September 4, 2013 at 9:28 a.m.	None	['None']
para-00065	"Mr Abbott is effectively saying" he would "extend the GST, both in terms of the rate of the tax, increasing it from 10 per cent, as well as extending its scope presumably to include food."	false	http://pandora.nla.gov.au//pan/140601/20131209-1141/www.politifact.com.au/truth-o-meter/statements/2013/aug/13/kevin-rudd/whats-sacred-gst-scare-campaign-nothing-not-even-v/index.html	None	['Economy', 'Tax']	Kevin Rudd	David Humphries, Michael Koziol, Peter Fray	None	What's sacred in the GST scare campaign? Nothing, not even Vegemite	Tuesday, August 13, 2013 at 8:14 p.m.	None	['Goods_and_Services_Tax_(Australia)', 'Tony_Abbott']
para-00031	"Emissions go up, not down, under the carbon tax."	mostly false	http://pandora.nla.gov.au//pan/140601/20131209-1141/www.politifact.com.au/truth-o-meter/statements/2013/sep/25/greg-hunt/hunt-says-emissions-go-under-carbon-tax/index.html	None	['Carbon Tax', 'Environment']	Greg Hunt	Michael Koziol, Peter Fray	None	Hunt says emissions go up under the carbon tax	Wednesday, September 25, 2013 at 8:24 a.m.	None	['None']
para-00049	"Our opponents are outspending us in this campaign in ads 10 to one on negative ads."	false	http://pandora.nla.gov.au//pan/140601/20131209-1141/www.politifact.com.au/truth-o-meter/statements/2013/aug/28/kevin-rudd/whos-outspending-who-election-advertising/index.html	None	['Advertising']	Kevin Rudd	Chris Pash, Peter Fray	None	Who's outspending who in election advertising?	Wednesday, August 28, 2013 at 10:30 a.m.	None	['None']
para-00146	"Australia has one of the highest abortion rates in the world."	mostly true	http://pandora.nla.gov.au//pan/140601/20131209-1141/www.politifact.com.au/truth-o-meter/statements/2013/jun/19/john-madigan/dlp-senator-says-australia-has-one-highest-abortio/index.html	None	['Health']	John Madigan	Michael Koziol, David Humphries	None	The DLP's Senator says Australia has one of the highest abortion rates in the world	Wednesday, June 19, 2013 at 10:33 a.m.	None	['None']
para-00191	The Coalition savings target "puts a lie to Mr Rudd’s claim of a black hole of $70 billion".	true	http://pandora.nla.gov.au//pan/140601/20131209-1141/www.politifact.com.au/truth-o-meter/statements/2013/sep/05/joe-hockey/hockey-budget-70-billion-rudd-wrong/index.html	None	['Budget']	Joe Hockey	David Humphries, Peter Fray	None	On budget, if not before time	Thursday, September 5, 2013 at 7:21 p.m.	None	['None']
para-00056	Says political candidates increasingly are drawn from "party hacks", "union officials" and "vested interest groups".	true	http://pandora.nla.gov.au//pan/140601/20131209-1141/www.politifact.com.au/truth-o-meter/statements/2013/aug/23/chris-everyman/Hail-Chris-man-spoke-truth-to-power/index.html	None	['Candidates']	Chris Everyman	David Humphries, Alexia Attwood, Peter Fray	None	Hail Chris 'Everyman': the man who spoke truth to power	Friday, August 23, 2013 at 3:35 p.m.	None	['None']
para-00071	"Tony Abbott and Christopher Pyne want to follow Premier Colin Barnett's lead in WA by privatising our public schools."	false	http://pandora.nla.gov.au//pan/140601/20131209-1141/www.politifact.com.au/truth-o-meter/statements/2013/aug/12/bill-shorten/does-coalitions-education-policy-amount-privatisin/index.html	None	['Education']	Bill Shorten	Michael Koziol, Peter Fray	None	Does the Coalition's education policy amount to privatising public schools?	Monday, August 12, 2013 at 9:21 a.m.	None	['Colin_Barnett', 'Tony_Abbott']
para-00184	"Of the 29 advanced economies Australia is ranked 25th for public investment in universities."	mostly true	http://pandora.nla.gov.au//pan/140601/20131209-1141/www.politifact.com.au/truth-o-meter/statements/2013/may/12/lee-rhiannon/greens-say-australia-ranks-near-bottom-uni-public-/index.html	None	['Education']	Lee Rhiannon	Ellie Harvey, Peter Fray	None	Greens say Australia ranks near bottom on uni public spending	Sunday, May 12, 2013 at 6:00 a.m.	None	['Australia']
para-00108	"Japan has become the world’s third largest economy by processing Australian resources."	mostly true	http://pandora.nla.gov.au//pan/140601/20131209-1141/www.politifact.com.au/truth-o-meter/statements/2013/jul/17/clive-palmer/did-australian-resources-build-japan/index.html	None	['Economy', 'Mining']	Clive Palmer	Ellie Harvey, Peter Fray	None	Palmer says Japan is world's third largest economy by processing Australian resources	Wednesday, July 17, 2013 at 1:04 p.m.	None	['Japan', 'Australia']
para-00055	The Fraser Government established the Great Barrier Reef National Park.	mostly true	http://pandora.nla.gov.au//pan/140601/20131209-1141/www.politifact.com.au/truth-o-meter/statements/2013/aug/26/tony-abbott/no-drills-reef-thanks-malcolm/index.html	None	['Environment']	Tony Abbott	Jonathan Pearlman, Peter Fray	None	Drills off the reef: thanks, Malcolm Fraser	Monday, August 26, 2013 at 11:01 a.m.	None	['None']
para-00073	Less than 2 per cent of boat crew coming to Australia this year are being charged and prosecuted for people smuggling.	true	http://pandora.nla.gov.au//pan/140601/20131209-1141/www.politifact.com.au/truth-o-meter/statements/2013/aug/11/scott-morrison/liberals-says-less-2-pct-boat-crew-bringing-asylum/index.html	None	['Asylum Seekers']	Scott Morrison	Chris Pash, Peter Fray	None	Liberals says less than 2 pc of boat crew bringing asylum seekers are being prosecuted	Sunday, August 11, 2013 at 7:52 p.m.	None	['Australia']
para-00072	"As a result of [Labor] policies, the number of children in approved child care has grown to more than one million."	mostly true	http://pandora.nla.gov.au//pan/140601/20131209-1141/www.politifact.com.au/truth-o-meter/statements/2013/aug/11/kate-ellis/more-one-million-children-child-care-who-thank/index.html	None	['Child Care']	Kate Ellis	Ellie Harvey, Peter Martin, Peter Fray	None	More than one million children in child care - but who to thank?	Sunday, August 11, 2013 at 8:13 p.m.	None	['None']
para-00020	On towing boats back to Indonesia.	half flip	http://pandora.nla.gov.au//pan/140601/20131209-1141/www.politifact.com.au/truth-o-meter/statements/2013/oct/08/liberal-party-australia/will-boats-be-turned-or-towed-back/index.html	None	['Asylum Seekers', 'Border Protection']	Liberal Party of Australia	Flynn Murphy, Chris Pash, Michael Koziol, Peter Fray	None	Will the boats be turned or towed back?	Tuesday, October 8, 2013 at 3:00 p.m.	None	['Indonesia']
para-00041	"We’ll end Labor’s big waste – like the $11.5 billion in border protection cost blowouts."	half-true	http://pandora.nla.gov.au//pan/140601/20131209-1141/www.politifact.com.au/truth-o-meter/statements/2013/aug/30/tony-abbott/blowing-boats-budget-out-water/index.html	None	['Asylum Seekers', 'Border Protection', 'Immigration', 'Refugees']	Tony Abbott	Jonathan Pearlman, Peter Fray	None	Blowing the boats budget out of the water	Friday, August 30, 2013 at 1:40 p.m.	None	['None']
para-00005	Says over half a million houses where construction had already commenced have been cut from Labor’s NBN.	false	http://pandora.nla.gov.au//pan/140601/20131209-1141/www.politifact.com.au/truth-o-meter/statements/2013/nov/15/australian-labor-party/have-500000-houses-where-construction-had-commence/index.html	None	['National Broadband Network']	Australian Labor Party	Flynn Murphy, Peter Fray	None	Have 500,000 houses where construction had commenced been cut from Labor's NBN?	Friday, November 15, 2013 at 4:07 p.m.	None	['None']
para-00144	Says: "I did not today say anything about same-sex marriage."	false	http://pandora.nla.gov.au//pan/140601/20131209-1141/www.politifact.com.au/truth-o-meter/statements/2013/jun/19/cory-bernardi/liberal-senator-cory-bernardi-says-i-did-not-today/index.html	None	['Same-sex marriage']	Cory Bernardi	David Humphries, Emma Lancaster, Peter Fray	None	Senator Bernadi says “I did not today say anything about same-sex marriage."	Wednesday, June 19, 2013 at 6:51 p.m.	None	['None']
para-00096	Says the Coalition has "opposed three times more Bills than have been opposed as a percentage by any previous Parliament".	mostly false	http://pandora.nla.gov.au//pan/140601/20131209-1141/www.politifact.com.au/truth-o-meter/statements/2013/jul/31/anthony-albanese/how-obstructionist-was-tony-abbotts-coalition/index.html	None	['Political stability']	Anthony Albanese	Michael Koziol, Nicholas Gerhard, Peter Fray	None	How obstructionist was Tony Abbott's Coalition?	Wednesday, July 31, 2013 at 11:36 a.m.	None	['None']
para-00112	Moving immediately to a floating carbon price would result in "a black hole of up to $15 billion in the budget".	mostly false	http://pandora.nla.gov.au//pan/140601/20131209-1141/www.politifact.com.au/truth-o-meter/statements/2013/jul/15/joe-hockey/early-ets-would-hurt-budget-how-much/index.html	None	['Budget', 'Carbon Tax', 'Economy']	Joe Hockey	Peter Martin, Peter Fray	None	An early ETS would hurt the budget - but by how much?	Monday, July 15, 2013 at 8:06 a.m.	None	['None']
para-00122	Despite the GFC, youth unemployment has been lower in the Rudd-Gillard Labor years than under John Howard.	mostly true	http://pandora.nla.gov.au//pan/140601/20131209-1141/www.politifact.com.au/truth-o-meter/statements/2013/jul/06/kate-ellis/GFC-Youth-Unemployment-lower-Labor-than-Howard/index.html	None	['Employment']	Kate Ellis	Su-Lin Tan, Peter Fray	None	Despite the GFC, youth unemployment has been lower in the Rudd-Gillard Labor years than under John Howard.	Saturday, July 6, 2013 at 11:15 a.m.	None	['John_Howard']
para-00131	"Since Australia’s carbon price began last July, emissions from the electricity sector have dropped 7.4% while renewable energy generation is up 30%."	mostly true	http://pandora.nla.gov.au//pan/140601/20131209-1141/www.politifact.com.au/truth-o-meter/statements/2013/jun/28/tony-windsor/windsor-carbon-pricing-farewell-fact-check/index.html	None	['Carbon Tax', 'Climate change']	Tony Windsor	Flynn Murphy, Su-Lin Tan, Peter Fray	None	Windsor on carbon pricing: a farewell fact-check	Friday, June 28, 2013 at 5:33 p.m.	None	['Australia']
para-00190	"If Labor sneaks back, the carbon tax stays and goes up to $38 a tonne by 2020 and an almost unimaginable $350 a tonne by 2050."	mostly false	http://pandora.nla.gov.au//pan/140601/20131209-1141/www.politifact.com.au/truth-o-meter/statements/2013/sep/06/tony-abbott/abbott-claims-carbon-tax-will-hit-350-tonne-will-i/index.html	None	['Carbon Tax']	Tony Abbott	Peter Martin, Peter Fray	None	Abbott claims the carbon tax will hit $350 a tonne. Will it?	Friday, September 6, 2013 at 9:57 a.m.	None	['None']
para-00017	"The Business Council, the Minerals Council, the Australian Industry Group, the Australian Chamber of Commerce and Industry, have all called for the [carbon] tax to be repealed."	half-true	http://pandora.nla.gov.au//pan/140601/20131209-1141/www.politifact.com.au/truth-o-meter/statements/2013/oct/15/greg-hunt/hunt-counts-support-business-groups/index.html	None	['Carbon Tax', 'Climate change', 'Economy', 'Environment']	Greg Hunt	Michael Koziol, Peter Fray	None	Hunt counts support from business groups	Tuesday, October 15, 2013 at 1:02 p.m.	None	['None']
para-00119	"Labour productivity is rising faster under our workplace relations laws than it did under WorkChoices."	mostly true	http://pandora.nla.gov.au//pan/140601/20131209-1141/www.politifact.com.au/truth-o-meter/statements/2013/jul/09/chris-bowen/labour-productivity-rising-faster-under-alp-workch/index.html	None	['Economy', 'Productivity']	Chris Bowen	David Humphries, Peter Fray	None	Labour productivity rising faster under ALP than WorkChoices	Tuesday, July 9, 2013 at 11:42 a.m.	None	['None']
para-00038	"There’s no doubt that the election was a referendum on the carbon tax."	mostly false	http://pandora.nla.gov.au//pan/140601/20131209-1141/www.politifact.com.au/truth-o-meter/statements/2013/sep/12/julie-bishop/referendum-carbon-tax-myths-mandates/index.html	None	['Carbon Tax', 'Election']	Julie Bishop	Peter Fray, Michael Koziol	None	A referendum on the carbon tax? The myth of mandates	Thursday, September 12, 2013 at 12:17 p.m.	None	['None']
para-00006	The Coalition needs to increase the debt limit because Labor "trashed the house before they were evicted".	mostly false	http://pandora.nla.gov.au//pan/140601/20131209-1141/www.politifact.com.au/truth-o-meter/statements/2013/nov/15/tony-abbott/Whats-been-trashed-economy-Labor-both/index.html	None	['Debt', 'Economy']	Tony Abbott	Jonathan Pearlman, Peter Fray	None	What's been trashed? The economy, Labor or both?	Friday, November 15, 2013 at 6:03 a.m.	None	['Coalition_(Australia)', 'Australian_Labor_Party']
para-00135	"Our economic relationship with China alone now accounts for nearly 10 per cent of the total size of our economy."	true	http://pandora.nla.gov.au//pan/140601/20131209-1141/www.politifact.com.au/truth-o-meter/statements/2013/jun/26/kevin-rudd/kevin-rudd-says-china-trade-now-represents-10-cent/index.html	None	['Economy']	Kevin Rudd	Chris Pash, Alix Piatek, Su-Lin Tan, Peter Fray	None	Kevin Rudd says China trade now represents 10 per cent of Australian economy	Wednesday, June 26, 2013 at 6:27 p.m.	None	['China']
para-00089	"The Coalition, to return the federal budget to as a good a position as the government’s, at minimum, would have to make $70 billion worth of cuts."	false	http://pandora.nla.gov.au//pan/140601/20131209-1141/www.politifact.com.au/truth-o-meter/statements/2013/aug/04/penny-wong/coalition-return-federal-budget-good-position-gove/index.html	None	['Budget']	Penny Wong	Peter Martin, Peter Fray	None	"The coalition, to return the federal budget to as a good a position as the government’s, at minimum, would have to make $70 billion worth of cuts."	Sunday, August 4, 2013 at 7:59 p.m.	None	['None']
para-00159	Queenslanders save "$475 per head on state taxes" when compared to the average of other states and territories.	mostly true	http://pandora.nla.gov.au//pan/140601/20131209-1141/www.politifact.com.au/truth-o-meter/statements/2013/jun/05/tim-nicholls/queenslanders-save-475-capita-state-taxes-compared/index.html	None	['Budget', 'Tax']	Tim Nicholls	Chris Pash, Su-Lin Tan, Peter Fray	None	Queenslanders save $475 per capita on state taxes compared to the average taxes of the other states	Wednesday, June 5, 2013 at 6:27 p.m.	None	['None']
para-00029	"If people are fit to get on a boat, they'll be quickly deemed fit to fly."	half-true	http://pandora.nla.gov.au//pan/140601/20131209-1141/www.politifact.com.au/truth-o-meter/statements/2013/sep/26/scott-morrison/whos-fit-fly-morrison-moves-speed-asylum-seeker-tr/index.html	None	['Asylum Seekers', 'Health']	Scott Morrison	Michael Koziol, Peter Fray	None	Who's fit to fly? Morrison moves to speed up asylum seeker transfers	Thursday, September 26, 2013 at 5:52 p.m.	None	['None']
para-00019	Says Bill Shorten's proposed Labor Party quotas for LGBTI and indigenous Australians would constitute "law-breaking discrimination".	false	http://pandora.nla.gov.au//pan/140601/20131209-1141/www.politifact.com.au/truth-o-meter/statements/2013/oct/10/cory-bernardi/are-shortens-quotas-law-breaking-discrimination/index.html	None	['Indigenous Affairs', 'Industrial relations', 'LGBTI', 'Labor hopefuls', "Women's Rights", 'Workers rights']	Cory Bernardi	Flynn Murphy, Jack Fisher, Michael Koziol, Peter Fray	None	Are Shorten's quotas 'law-breaking discrimination'?	Thursday, October 10, 2013 at 12:14 p.m.	None	['Bill_Shorten', 'Australian_Labor_Party', 'LGBT', 'Australia']
para-00157	More people have arrived illegally by boat than the population of Geraldton, Busselton, Kalgoorlie, Gawler, Victor Harbor, Mount Gambier, Devonport, Melton, Shepparton, Albury, Queanbeyan, Wagga Wagga, Port Macquarie, Tamworth, Coffs Harbour, Hervey Bay, Bundaberg and Gladstone.	mostly false	http://pandora.nla.gov.au//pan/140601/20131209-1141/www.politifact.com.au/truth-o-meter/statements/2013/jun/07/liberal-party-australia/these-eighteen-towns-have-lower-population-illegal/index.html	None	['Asylum Seekers', 'Campaign ads']	Liberal Party of Australia	Alix Piatek, Peter Fray	None	Do these eighteen towns have a lower population than the illegal boat arrivals under Labor?	Friday, June 7, 2013 at 3:34 p.m.	None	['Kalgoorlie', 'Geraldton', 'Bundaberg', 'Gawler,_South_Australia', 'Wagga_Wagga', 'Albury', 'Tamworth,_New_South_Wales']
para-00095	"The red tape burden has increased exponentially... Under this government we have seen 21,000 new regulations and just 300 regulations go out."	mostly false	http://pandora.nla.gov.au//pan/140601/20131209-1141/www.politifact.com.au/truth-o-meter/statements/2013/jul/31/tony-abbott/coalition-says-labor-adding-red-tape-adding-21000-/index.html	None	['Regulation']	Tony Abbott	Ellie Harvey, Peter Fray	None	Coalition says Labor's red tape burden is on the rise	Wednesday, July 31, 2013 at 1:46 p.m.	None	['None']
para-00016	"On average, households will be around $550 better off in 2014-15 than they would have been with the carbon tax in place."	half-true	http://pandora.nla.gov.au//pan/140601/20131209-1141/www.politifact.com.au/truth-o-meter/statements/2013/oct/17/tony-abbott/abbott-households-better-off-without-carbon-tax/index.html	None	['Carbon Tax', 'Cost of living']	Tony Abbott	Michael Koziol, Flynn Murphy, Peter Fray	None	Abbott says households will be $550 better off in 2014/15 without the carbon tax	Thursday, October 17, 2013 at 3:16 p.m.	None	['None']
para-00069	"Under Labor you will effectively be taxed twice on your savings, once when you earn the money and again when it sits in the bank."	mostly false	http://pandora.nla.gov.au//pan/140601/20131209-1141/www.politifact.com.au/truth-o-meter/statements/2013/aug/13/luke-hartsuyker/double-or-nothing-coalition-says-labor-will-effect/index.html	None	['Tax']	Luke Hartsuyker	Peter Martin, Peter Fray	None	Double or nothing: Coalition says Labor will effectively tax you twice on savings	Tuesday, August 13, 2013 at 10:26 a.m.	None	['None']
para-00214	"Anyone who lives in the Territory who believes that this is all a level playing field with the rest of the country I think has got rocks in their head."	half-true	http://pandora.nla.gov.au//pan/140601/20131209-1141/www.politifact.com.au/truth-o-meter/statements/2013/aug/21/kevin-rudd/go-north-and-subsidise-there-case-nt-tax-breaks/index.html	None	['Northern Development']	Kevin Rudd	Peter Martin, Peter Fray	None	Go North and subsidise: is there a case for NT tax breaks?	Wednesday, August 21, 2013 at 9:01 a.m.	None	['None']
para-00132	Boat people "are not people fleeing persecution ... they are coming here as economic migrants".	mostly false	http://pandora.nla.gov.au//pan/140601/20131209-1141/www.politifact.com.au/truth-o-meter/statements/2013/jun/28/bob-carr/are-boat-people-economic-migrants/index.html	None	['Asylum Seekers', 'Immigration']	Bob Carr	Chris Pash, Su-Lin Tan, Peter Fray	None	Are boat people 'economic migrants'?	Friday, June 28, 2013 at 4:11 p.m.	None	['None']
para-00148	"New South Wales will run out of gas – literally, run out of gas – by 2016 if they don't get some of their coal seam areas developed."	half-true	http://pandora.nla.gov.au//pan/140601/20131209-1141/www.politifact.com.au/truth-o-meter/statements/2013/jun/17/ian-macfarlane/macfarlane-says-nsw-will-run-out-gas-2016-without-/index.html	None	['Energy', 'Mining']	Ian Macfarlane	Ellie Harvey, Alix Piatek, Peter Fray	None	Macfarlane says NSW will run out of gas by 2016 without CSG	Monday, June 17, 2013 at 5:57 p.m.	None	['None']
para-00050	"When Abbott was Health Minister there was a shortage of GPs because he put a cap on GP training places."	false	http://pandora.nla.gov.au//pan/140601/20131209-1141/www.politifact.com.au/truth-o-meter/statements/2013/aug/27/tanya-plibersek/did-abbott-create-gp-shortage/index.html	None	['Health', 'Workforce Planning']	Tanya Plibersek	Flynn Murphy, Peter Fray	None	Did Tony Abbott create a GP shortage?	Tuesday, August 27, 2013 at 10:27 a.m.	None	['General_practitioner']